ISO-10303-21;
HEADER;
/* Generated by software containing ST-Developer
 * from STEP Tools, Inc. (www.steptools.com) 
 */

FILE_DESCRIPTION(
/* description */ (''),
/* implementation_level */ '2;1');

FILE_NAME(
/* name */ 'RocketEngine_acetylen.step',
/* time_stamp */ '2026-06-01T17:11:50+02:00',
/* author */ (''),
/* organization */ (''),
/* preprocessor_version */ 'ST-DEVELOPER v20.1',
/* originating_system */ 'Autodesk Translation Framework v15.8.0.0',
/* authorisation */ '');

FILE_SCHEMA (('AUTOMOTIVE_DESIGN { 1 0 10303 214 3 1 1 }'));
ENDSEC;

DATA;
#10=MECHANICAL_DESIGN_GEOMETRIC_PRESENTATION_REPRESENTATION('',(#153,#154,
#155,#156,#157),#7032);
#11=ITEM_DEFINED_TRANSFORMATION($,$,#3160,#3518);
#12=ITEM_DEFINED_TRANSFORMATION($,$,#3227,#3519);
#13=ITEM_DEFINED_TRANSFORMATION($,$,#3289,#3520);
#14=ITEM_DEFINED_TRANSFORMATION($,$,#3374,#3521);
#15=ITEM_DEFINED_TRANSFORMATION($,$,#3453,#3522);
#16=(
REPRESENTATION_RELATIONSHIP($,$,#7055,#7054)
REPRESENTATION_RELATIONSHIP_WITH_TRANSFORMATION(#11)
SHAPE_REPRESENTATION_RELATIONSHIP()
);
#17=(
REPRESENTATION_RELATIONSHIP($,$,#7056,#7054)
REPRESENTATION_RELATIONSHIP_WITH_TRANSFORMATION(#12)
SHAPE_REPRESENTATION_RELATIONSHIP()
);
#18=(
REPRESENTATION_RELATIONSHIP($,$,#7057,#7054)
REPRESENTATION_RELATIONSHIP_WITH_TRANSFORMATION(#13)
SHAPE_REPRESENTATION_RELATIONSHIP()
);
#19=(
REPRESENTATION_RELATIONSHIP($,$,#7058,#7054)
REPRESENTATION_RELATIONSHIP_WITH_TRANSFORMATION(#14)
SHAPE_REPRESENTATION_RELATIONSHIP()
);
#20=(
REPRESENTATION_RELATIONSHIP($,$,#7059,#7054)
REPRESENTATION_RELATIONSHIP_WITH_TRANSFORMATION(#15)
SHAPE_REPRESENTATION_RELATIONSHIP()
);
#21=CONTEXT_DEPENDENT_SHAPE_REPRESENTATION(#16,#7049);
#22=CONTEXT_DEPENDENT_SHAPE_REPRESENTATION(#17,#7050);
#23=CONTEXT_DEPENDENT_SHAPE_REPRESENTATION(#18,#7051);
#24=CONTEXT_DEPENDENT_SHAPE_REPRESENTATION(#19,#7052);
#25=CONTEXT_DEPENDENT_SHAPE_REPRESENTATION(#20,#7053);
#26=NEXT_ASSEMBLY_USAGE_OCCURRENCE('Injector plate:1',
'Injector plate:1','Injector plate:1',#7061,#7062,'Injector plate:1');
#27=NEXT_ASSEMBLY_USAGE_OCCURRENCE('Injector manifold:1',
'Injector manifold:1','Injector manifold:1',#7061,#7063,
'Injector manifold:1');
#28=NEXT_ASSEMBLY_USAGE_OCCURRENCE('Nozzel:1','Nozzel:1','Nozzel:1',#7061,
#7064,'Nozzel:1');
#29=NEXT_ASSEMBLY_USAGE_OCCURRENCE('Cooling jacket:1',
'Cooling jacket:1','Cooling jacket:1',#7061,#7065,'Cooling jacket:1');
#30=NEXT_ASSEMBLY_USAGE_OCCURRENCE('Combustion Chamber:1',
'Combustion Chamber:1','Combustion Chamber:1',#7061,#7066,
'Combustion Chamber:1');
#31=B_SPLINE_CURVE_WITH_KNOTS('',3,(#4629,#4630,#4631,#4632,#4633,#4634,
#4635,#4636,#4637,#4638,#4639,#4640,#4641,#4642,#4643,#4644,#4645,#4646,
#4647,#4648,#4649,#4650,#4651,#4652,#4653,#4654),.UNSPECIFIED.,.F.,.F.,
(4,2,2,2,2,2,2,2,2,2,2,2,4),(0.,0.0753554756256384,0.150710951251277,0.226066398088749,
0.301421844926222,0.376777291763694,0.452132738601167,0.527488214226805,
0.602843689852444,0.678199165478082,0.75355464110372,0.828910087941193,
0.904265534778665),.UNSPECIFIED.);
#32=B_SPLINE_CURVE_WITH_KNOTS('',3,(#4655,#4656,#4657,#4658,#4659,#4660,
#4661,#4662,#4663,#4664),.UNSPECIFIED.,.F.,.F.,(4,2,2,2,4),(0.904265534778665,
0.979620981616138,1.05497642845361,1.13033190407925,1.20568737970489),
 .UNSPECIFIED.);
#33=B_SPLINE_CURVE_WITH_KNOTS('',3,(#4672,#4673,#4674,#4675,#4676,#4677,
#4678,#4679,#4680,#4681,#4682,#4683,#4684,#4685,#4686,#4687,#4688,#4689,
#4690,#4691,#4692,#4693,#4694,#4695,#4696,#4697),.UNSPECIFIED.,.F.,.F.,
(4,2,2,2,2,2,2,2,2,2,2,2,4),(0.,0.0753554756256384,0.150710951251277,0.226066398088749,
0.301421844926222,0.376777291763694,0.452132738601166,0.527488214226805,
0.602843689852443,0.678199165478082,0.75355464110372,0.828910087941193,
0.904265534778665),.UNSPECIFIED.);
#34=B_SPLINE_CURVE_WITH_KNOTS('',3,(#4698,#4699,#4700,#4701,#4702,#4703,
#4704,#4705,#4706,#4707),.UNSPECIFIED.,.F.,.F.,(4,2,2,2,4),(0.904265534778665,
0.979620981616137,1.05497642845361,1.13033190407925,1.20568737970489),
 .UNSPECIFIED.);
#35=B_SPLINE_CURVE_WITH_KNOTS('',3,(#4715,#4716,#4717,#4718,#4719,#4720,
#4721,#4722,#4723,#4724,#4725,#4726,#4727,#4728,#4729,#4730,#4731,#4732,
#4733,#4734,#4735,#4736,#4737,#4738,#4739,#4740),.UNSPECIFIED.,.F.,.F.,
(4,2,2,2,2,2,2,2,2,2,2,2,4),(0.,0.0753554756256383,0.150710951251277,0.226066398088749,
0.301421844926222,0.376777291763695,0.452132738601167,0.527488214226805,
0.602843689852444,0.678199165478082,0.75355464110372,0.828910087941192,
0.904265534778665),.UNSPECIFIED.);
#36=B_SPLINE_CURVE_WITH_KNOTS('',3,(#4741,#4742,#4743,#4744,#4745,#4746,
#4747,#4748,#4749,#4750),.UNSPECIFIED.,.F.,.F.,(4,2,2,2,4),(0.904265534778665,
0.979620981616138,1.05497642845361,1.13033190407925,1.20568737970489),
 .UNSPECIFIED.);
#37=B_SPLINE_CURVE_WITH_KNOTS('',3,(#4758,#4759,#4760,#4761,#4762,#4763,
#4764,#4765,#4766,#4767,#4768,#4769,#4770,#4771,#4772,#4773,#4774,#4775,
#4776,#4777,#4778,#4779,#4780,#4781,#4782,#4783),.UNSPECIFIED.,.F.,.F.,
(4,2,2,2,2,2,2,2,2,2,2,2,4),(0.,0.0753554756256384,0.150710951251277,0.226066398088749,
0.301421844926222,0.376777291763694,0.452132738601167,0.527488214226805,
0.602843689852443,0.678199165478082,0.75355464110372,0.828910087941192,
0.904265534778665),.UNSPECIFIED.);
#38=B_SPLINE_CURVE_WITH_KNOTS('',3,(#4784,#4785,#4786,#4787,#4788,#4789,
#4790,#4791,#4792,#4793),.UNSPECIFIED.,.F.,.F.,(4,2,2,2,4),(0.904265534778665,
0.979620981616137,1.05497642845361,1.13033190407925,1.20568737970489),
 .UNSPECIFIED.);
#39=B_SPLINE_CURVE_WITH_KNOTS('',3,(#4801,#4802,#4803,#4804,#4805,#4806,
#4807,#4808,#4809,#4810,#4811,#4812,#4813,#4814,#4815,#4816,#4817,#4818,
#4819,#4820,#4821,#4822,#4823,#4824,#4825,#4826),.UNSPECIFIED.,.F.,.F.,
(4,2,2,2,2,2,2,2,2,2,2,2,4),(0.,0.0753554756256383,0.150710951251277,0.226066398088749,
0.301421844926222,0.376777291763695,0.452132738601167,0.527488214226805,
0.602843689852444,0.678199165478082,0.75355464110372,0.828910087941193,
0.904265534778665),.UNSPECIFIED.);
#40=B_SPLINE_CURVE_WITH_KNOTS('',3,(#4827,#4828,#4829,#4830,#4831,#4832,
#4833,#4834,#4835,#4836),.UNSPECIFIED.,.F.,.F.,(4,2,2,2,4),(0.904265534778665,
0.979620981616138,1.05497642845361,1.13033190407925,1.20568737970489),
 .UNSPECIFIED.);
#41=B_SPLINE_CURVE_WITH_KNOTS('',3,(#4844,#4845,#4846,#4847,#4848,#4849,
#4850,#4851,#4852,#4853,#4854,#4855,#4856,#4857,#4858,#4859,#4860,#4861,
#4862,#4863,#4864,#4865,#4866,#4867,#4868,#4869),.UNSPECIFIED.,.F.,.F.,
(4,2,2,2,2,2,2,2,2,2,2,2,4),(0.,0.0753554756256387,0.150710951251277,0.22606639808875,
0.301421844926222,0.376777291763694,0.452132738601167,0.527488214226805,
0.602843689852444,0.678199165478082,0.75355464110372,0.828910087941193,
0.904265534778665),.UNSPECIFIED.);
#42=B_SPLINE_CURVE_WITH_KNOTS('',3,(#4870,#4871,#4872,#4873,#4874,#4875,
#4876,#4877,#4878,#4879),.UNSPECIFIED.,.F.,.F.,(4,2,2,2,4),(0.904265534778665,
0.979620981616137,1.05497642845361,1.13033190407925,1.20568737970489),
 .UNSPECIFIED.);
#43=B_SPLINE_CURVE_WITH_KNOTS('',3,(#4887,#4888,#4889,#4890,#4891,#4892,
#4893,#4894,#4895,#4896,#4897,#4898,#4899,#4900,#4901,#4902,#4903,#4904,
#4905,#4906,#4907,#4908,#4909,#4910,#4911,#4912),.UNSPECIFIED.,.F.,.F.,
(4,2,2,2,2,2,2,2,2,2,2,2,4),(0.,0.0753554756256385,0.150710951251277,0.22606639808875,
0.301421844926222,0.376777291763695,0.452132738601167,0.527488214226805,
0.602843689852443,0.678199165478082,0.75355464110372,0.828910087941192,
0.904265534778664),.UNSPECIFIED.);
#44=B_SPLINE_CURVE_WITH_KNOTS('',3,(#4913,#4914,#4915,#4916,#4917,#4918,
#4919,#4920,#4921,#4922),.UNSPECIFIED.,.F.,.F.,(4,2,2,2,4),(0.904265534778664,
0.979620981616137,1.05497642845361,1.13033190407925,1.20568737970489),
 .UNSPECIFIED.);
#45=B_SPLINE_CURVE_WITH_KNOTS('',3,(#4930,#4931,#4932,#4933,#4934,#4935,
#4936,#4937,#4938,#4939,#4940,#4941,#4942,#4943,#4944,#4945,#4946,#4947,
#4948,#4949,#4950,#4951,#4952,#4953,#4954,#4955),.UNSPECIFIED.,.F.,.F.,
(4,2,2,2,2,2,2,2,2,2,2,2,4),(0.,0.0753554756256384,0.150710951251277,0.226066398088749,
0.301421844926222,0.376777291763694,0.452132738601167,0.527488214226805,
0.602843689852443,0.678199165478082,0.75355464110372,0.828910087941193,
0.904265534778665),.UNSPECIFIED.);
#46=B_SPLINE_CURVE_WITH_KNOTS('',3,(#4956,#4957,#4958,#4959,#4960,#4961,
#4962,#4963,#4964,#4965),.UNSPECIFIED.,.F.,.F.,(4,2,2,2,4),(0.904265534778665,
0.979620981616137,1.05497642845361,1.13033190407925,1.20568737970489),
 .UNSPECIFIED.);
#47=B_SPLINE_CURVE_WITH_KNOTS('',3,(#4973,#4974,#4975,#4976,#4977,#4978,
#4979,#4980,#4981,#4982,#4983,#4984,#4985,#4986,#4987,#4988,#4989,#4990,
#4991,#4992,#4993,#4994,#4995,#4996,#4997,#4998),.UNSPECIFIED.,.F.,.F.,
(4,2,2,2,2,2,2,2,2,2,2,2,4),(0.,0.0753554756256384,0.150710951251277,0.226066398088749,
0.301421844926221,0.376777291763694,0.452132738601167,0.527488214226805,
0.602843689852444,0.678199165478082,0.75355464110372,0.828910087941193,
0.904265534778666),.UNSPECIFIED.);
#48=B_SPLINE_CURVE_WITH_KNOTS('',3,(#4999,#5000,#5001,#5002,#5003,#5004,
#5005,#5006,#5007,#5008),.UNSPECIFIED.,.F.,.F.,(4,2,2,2,4),(0.904265534778666,
0.979620981616138,1.05497642845361,1.13033190407925,1.20568737970489),
 .UNSPECIFIED.);
#49=B_SPLINE_CURVE_WITH_KNOTS('',3,(#5016,#5017,#5018,#5019,#5020,#5021,
#5022,#5023,#5024,#5025,#5026,#5027,#5028,#5029,#5030,#5031,#5032,#5033,
#5034,#5035,#5036,#5037,#5038,#5039,#5040,#5041),.UNSPECIFIED.,.F.,.F.,
(4,2,2,2,2,2,2,2,2,2,2,2,4),(0.,0.0753554756256388,0.150710951251278,0.22606639808875,
0.301421844926222,0.376777291763695,0.452132738601167,0.527488214226805,
0.602843689852444,0.678199165478082,0.75355464110372,0.828910087941192,
0.904265534778665),.UNSPECIFIED.);
#50=B_SPLINE_CURVE_WITH_KNOTS('',3,(#5042,#5043,#5044,#5045,#5046,#5047,
#5048,#5049,#5050,#5051),.UNSPECIFIED.,.F.,.F.,(4,2,2,2,4),(0.904265534778665,
0.979620981616137,1.05497642845361,1.13033190407925,1.20568737970489),
 .UNSPECIFIED.);
#51=B_SPLINE_CURVE_WITH_KNOTS('',3,(#5059,#5060,#5061,#5062,#5063,#5064,
#5065,#5066,#5067,#5068,#5069,#5070,#5071,#5072,#5073,#5074,#5075,#5076,
#5077,#5078,#5079,#5080,#5081,#5082,#5083,#5084),.UNSPECIFIED.,.F.,.F.,
(4,2,2,2,2,2,2,2,2,2,2,2,4),(0.,0.0753554756256384,0.150710951251277,0.226066398088749,
0.301421844926221,0.376777291763694,0.452132738601167,0.527488214226805,
0.602843689852443,0.678199165478082,0.75355464110372,0.828910087941193,
0.904265534778665),.UNSPECIFIED.);
#52=B_SPLINE_CURVE_WITH_KNOTS('',3,(#5085,#5086,#5087,#5088,#5089,#5090,
#5091,#5092,#5093,#5094),.UNSPECIFIED.,.F.,.F.,(4,2,2,2,4),(0.904265534778665,
0.979620981616138,1.05497642845361,1.13033190407925,1.20568737970489),
 .UNSPECIFIED.);
#53=B_SPLINE_CURVE_WITH_KNOTS('',3,(#5102,#5103,#5104,#5105,#5106,#5107,
#5108,#5109,#5110,#5111),.UNSPECIFIED.,.F.,.F.,(4,2,2,2,4),(0.,0.0753554756256384,
0.150710951251277,0.226066398088749,0.301421844926222),.UNSPECIFIED.);
#54=B_SPLINE_CURVE_WITH_KNOTS('',3,(#5113,#5114,#5115,#5116,#5117,#5118,
#5119,#5120,#5121,#5122),.UNSPECIFIED.,.F.,.F.,(4,2,2,2,4),(0.904265534778665,
0.979620981616137,1.05497642845361,1.13033190407925,1.20568737970489),
 .UNSPECIFIED.);
#55=B_SPLINE_CURVE_WITH_KNOTS('',3,(#5126,#5127,#5128,#5129,#5130,#5131,
#5132,#5133,#5134,#5135,#5136,#5137,#5138,#5139,#5140,#5141,#5142,#5143),
 .UNSPECIFIED.,.F.,.F.,(4,2,2,2,2,2,2,2,4),(0.301421844926222,0.376777291763694,
0.452132738601167,0.527488214226805,0.602843689852443,0.678199165478082,
0.75355464110372,0.828910087941192,0.904265534778665),.UNSPECIFIED.);
#56=B_SPLINE_CURVE_WITH_KNOTS('',3,(#5148,#5149,#5150,#5151,#5152,#5153,
#5154,#5155,#5156,#5157,#5158,#5159,#5160,#5161,#5162,#5163,#5164,#5165,
#5166,#5167,#5168,#5169,#5170,#5171,#5172,#5173),.UNSPECIFIED.,.F.,.F.,
(4,2,2,2,2,2,2,2,2,2,2,2,4),(0.,0.0753554756256384,0.150710951251277,0.226066398088749,
0.301421844926221,0.376777291763694,0.452132738601167,0.527488214226805,
0.602843689852443,0.678199165478082,0.75355464110372,0.828910087941193,
0.904265534778665),.UNSPECIFIED.);
#57=B_SPLINE_CURVE_WITH_KNOTS('',3,(#5174,#5175,#5176,#5177,#5178,#5179,
#5180,#5181,#5182,#5183),.UNSPECIFIED.,.F.,.F.,(4,2,2,2,4),(0.904265534778665,
0.979620981616138,1.05497642845361,1.13033190407925,1.20568737970489),
 .UNSPECIFIED.);
#58=B_SPLINE_CURVE_WITH_KNOTS('',3,(#5191,#5192,#5193,#5194,#5195,#5196,
#5197,#5198,#5199,#5200,#5201,#5202,#5203,#5204,#5205,#5206,#5207,#5208,
#5209,#5210,#5211,#5212,#5213,#5214,#5215,#5216),.UNSPECIFIED.,.F.,.F.,
(4,2,2,2,2,2,2,2,2,2,2,2,4),(0.,0.0753554756256385,0.150710951251277,0.226066398088749,
0.301421844926222,0.376777291763694,0.452132738601167,0.527488214226805,
0.602843689852444,0.678199165478082,0.753554641103721,0.828910087941193,
0.904265534778665),.UNSPECIFIED.);
#59=B_SPLINE_CURVE_WITH_KNOTS('',3,(#5217,#5218,#5219,#5220,#5221,#5222,
#5223,#5224,#5225,#5226),.UNSPECIFIED.,.F.,.F.,(4,2,2,2,4),(0.904265534778665,
0.979620981616138,1.05497642845361,1.13033190407925,1.20568737970489),
 .UNSPECIFIED.);
#60=B_SPLINE_CURVE_WITH_KNOTS('',3,(#5234,#5235,#5236,#5237,#5238,#5239,
#5240,#5241,#5242,#5243,#5244,#5245,#5246,#5247,#5248,#5249,#5250,#5251,
#5252,#5253,#5254,#5255,#5256,#5257,#5258,#5259),.UNSPECIFIED.,.F.,.F.,
(4,2,2,2,2,2,2,2,2,2,2,2,4),(0.,0.0753554756256383,0.150710951251277,0.226066398088749,
0.301421844926222,0.376777291763695,0.452132738601167,0.527488214226806,
0.602843689852444,0.678199165478082,0.75355464110372,0.828910087941193,
0.904265534778666),.UNSPECIFIED.);
#61=B_SPLINE_CURVE_WITH_KNOTS('',3,(#5260,#5261,#5262,#5263,#5264,#5265,
#5266,#5267,#5268,#5269),.UNSPECIFIED.,.F.,.F.,(4,2,2,2,4),(0.904265534778666,
0.979620981616139,1.05497642845361,1.13033190407925,1.20568737970489),
 .UNSPECIFIED.);
#62=B_SPLINE_CURVE_WITH_KNOTS('',3,(#5277,#5278,#5279,#5280,#5281,#5282,
#5283,#5284,#5285,#5286,#5287,#5288,#5289,#5290,#5291,#5292,#5293,#5294,
#5295,#5296,#5297,#5298,#5299,#5300,#5301,#5302),.UNSPECIFIED.,.F.,.F.,
(4,2,2,2,2,2,2,2,2,2,2,2,4),(0.,0.0753554756256384,0.150710951251277,0.226066398088749,
0.301421844926222,0.376777291763694,0.452132738601167,0.527488214226805,
0.602843689852443,0.678199165478082,0.75355464110372,0.828910087941192,
0.904265534778665),.UNSPECIFIED.);
#63=B_SPLINE_CURVE_WITH_KNOTS('',3,(#5303,#5304,#5305,#5306,#5307,#5308,
#5309,#5310,#5311,#5312),.UNSPECIFIED.,.F.,.F.,(4,2,2,2,4),(0.904265534778665,
0.979620981616137,1.05497642845361,1.13033190407925,1.20568737970489),
 .UNSPECIFIED.);
#64=B_SPLINE_CURVE_WITH_KNOTS('',3,(#5374,#5375,#5376,#5377,#5378,#5379,
#5380,#5381,#5382,#5383),.UNSPECIFIED.,.F.,.F.,(4,2,2,2,4),(0.,0.415971384879283,
0.831942769758566,1.24787348668313,1.6638042036077),.UNSPECIFIED.);
#65=B_SPLINE_CURVE_WITH_KNOTS('',3,(#5384,#5385,#5386,#5387,#5388,#5389,
#5390,#5391,#5392,#5393,#5394,#5395,#5396,#5397,#5398,#5399,#5400,#5401,
#5402,#5403,#5404,#5405,#5406,#5407,#5408,#5409),.UNSPECIFIED.,.F.,.F.,
(4,2,2,2,2,2,2,2,2,2,2,2,4),(1.6638042036077,2.07973492053227,2.49566563745683,
2.91163702233612,3.3276084072154,3.74357979209468,4.15955117697397,4.57548189389853,
4.9914126108231,5.40734332774767,5.82327404467223,6.23924542955152,6.6552168144308),
 .UNSPECIFIED.);
#66=B_SPLINE_CURVE_WITH_KNOTS('',3,(#5499,#5500,#5501,#5502,#5503,#5504,
#5505,#5506,#5507,#5508,#5509,#5510,#5511,#5512,#5513,#5514,#5515,#5516,
#5517,#5518,#5519,#5520,#5521,#5522,#5523,#5524),.UNSPECIFIED.,.F.,.F.,
(4,2,2,2,2,2,2,2,2,2,2,2,4),(0.,0.188412269504049,0.376824539008098,0.565236642339196,
0.753648745670295,0.942060849001393,1.13047295233249,1.31888522183654,1.50729749134059,
1.69570976084464,1.88412203034869,2.07253413367979,2.26094623701088),
 .UNSPECIFIED.);
#67=B_SPLINE_CURVE_WITH_KNOTS('',3,(#5525,#5526,#5527,#5528,#5529,#5530,
#5531,#5532,#5533,#5534),.UNSPECIFIED.,.F.,.F.,(4,2,2,2,4),(2.26094623701088,
2.44935834034198,2.63777044367308,2.82618271317713,3.01459498268118),
 .UNSPECIFIED.);
#68=B_SPLINE_CURVE_WITH_KNOTS('',3,(#5552,#5553,#5554,#5555,#5556,#5557,
#5558,#5559,#5560,#5561),.UNSPECIFIED.,.F.,.F.,(4,2,2,2,4),(0.,0.150783128812119,
0.301566257624238,0.452348873207137,0.603131488790035),.UNSPECIFIED.);
#69=B_SPLINE_CURVE_WITH_KNOTS('',3,(#5562,#5563,#5564,#5565,#5566,#5567,
#5568,#5569,#5570,#5571,#5572,#5573,#5574,#5575,#5576,#5577,#5578,#5579,
#5580,#5581,#5582,#5583,#5584,#5585,#5586,#5587),.UNSPECIFIED.,.F.,.F.,
(4,2,2,2,2,2,2,2,2,2,2,2,4),(0.603131488790035,0.753914104372934,0.904696719955833,
1.05547984876795,1.20626297758007,1.35704610639219,1.50782923520431,1.65861185078721,
1.80939446637011,1.96017708195301,2.1109596975359,2.26174282634802,2.41252595516014),
 .UNSPECIFIED.);
#70=B_SPLINE_CURVE_WITH_KNOTS('',3,(#5592,#5593,#5594,#5595,#5596,#5597,
#5598,#5599,#5600,#5601),.UNSPECIFIED.,.F.,.F.,(4,2,2,2,4),(0.,0.150772982437285,
0.301545964874571,0.452318525473887,0.603091086073203),.UNSPECIFIED.);
#71=B_SPLINE_CURVE_WITH_KNOTS('',3,(#5602,#5603,#5604,#5605,#5606,#5607,
#5608,#5609,#5610,#5611,#5612,#5613,#5614,#5615,#5616,#5617,#5618,#5619,
#5620,#5621,#5622,#5623,#5624,#5625,#5626,#5627),.UNSPECIFIED.,.F.,.F.,
(4,2,2,2,2,2,2,2,2,2,2,2,4),(0.603091086073203,0.75386364667252,0.904636207271836,
1.05540918970912,1.20618217214641,1.35695515458369,1.50772813702098,1.65850069762029,
1.80927325821961,1.96004581881893,2.11081837941824,2.26159136185553,2.41236434429281),
 .UNSPECIFIED.);
#72=B_SPLINE_CURVE_WITH_KNOTS('',3,(#5735,#5736,#5737,#5738,#5739,#5740,
#5741,#5742,#5743,#5744,#5745,#5746,#5747,#5748,#5749,#5750,#5751,#5752,
#5753,#5754,#5755,#5756,#5757,#5758,#5759,#5760),.UNSPECIFIED.,.F.,.F.,
(4,2,2,2,2,2,2,2,2,2,2,2,4),(0.,0.0753522822813369,0.150704564562674,0.226056827296215,
0.301409090029757,0.376761352763298,0.45211361549684,0.527465897778177,
0.602818180059513,0.67817046234085,0.753522744622187,0.828875007355728,
0.90422727008927),.UNSPECIFIED.);
#73=B_SPLINE_CURVE_WITH_KNOTS('',3,(#5761,#5762,#5763,#5764,#5765,#5766,
#5767,#5768,#5769,#5770),.UNSPECIFIED.,.F.,.F.,(4,2,2,2,4),(0.90422727008927,
0.979579532822811,1.05493179555635,1.13028407783769,1.20563636011903),
 .UNSPECIFIED.);
#74=B_SPLINE_CURVE_WITH_KNOTS('',3,(#5774,#5775,#5776,#5777,#5778,#5779,
#5780,#5781,#5782,#5783),.UNSPECIFIED.,.F.,.F.,(4,2,2,2,4),(0.,0.0753554756256384,
0.150710951251277,0.226066398088749,0.301421844926222),.UNSPECIFIED.);
#75=B_SPLINE_CURVE_WITH_KNOTS('',3,(#5784,#5785,#5786,#5787,#5788,#5789,
#5790,#5791,#5792,#5793,#5794,#5795,#5796,#5797,#5798,#5799,#5800,#5801,
#5802,#5803,#5804,#5805,#5806,#5807,#5808,#5809),.UNSPECIFIED.,.F.,.F.,
(4,2,2,2,2,2,2,2,2,2,2,2,4),(0.301421844926222,0.376777291763694,0.452132738601167,
0.527488214226805,0.602843689852444,0.678199165478082,0.75355464110372,
0.828910087941193,0.904265534778665,0.979620981616138,1.05497642845361,
1.13033190407925,1.20568737970489),.UNSPECIFIED.);
#76=B_SPLINE_CURVE_WITH_KNOTS('',3,(#5813,#5814,#5815,#5816,#5817,#5818,
#5819,#5820,#5821,#5822,#5823,#5824,#5825,#5826,#5827,#5828,#5829,#5830,
#5831,#5832,#5833,#5834,#5835,#5836,#5837,#5838),.UNSPECIFIED.,.F.,.F.,
(4,2,2,2,2,2,2,2,2,2,2,2,4),(0.,0.0753522822813369,0.150704564562674,0.226056827296215,
0.301409090029757,0.376761352763298,0.45211361549684,0.527465897778177,
0.602818180059513,0.67817046234085,0.753522744622187,0.828875007355729,
0.90422727008927),.UNSPECIFIED.);
#77=B_SPLINE_CURVE_WITH_KNOTS('',3,(#5839,#5840,#5841,#5842,#5843,#5844,
#5845,#5846,#5847,#5848),.UNSPECIFIED.,.F.,.F.,(4,2,2,2,4),(0.90422727008927,
0.979579532822812,1.05493179555635,1.13028407783769,1.20563636011903),
 .UNSPECIFIED.);
#78=B_SPLINE_CURVE_WITH_KNOTS('',3,(#5852,#5853,#5854,#5855,#5856,#5857,
#5858,#5859,#5860,#5861),.UNSPECIFIED.,.F.,.F.,(4,2,2,2,4),(0.,0.0753554756256384,
0.150710951251277,0.226066398088749,0.301421844926222),.UNSPECIFIED.);
#79=B_SPLINE_CURVE_WITH_KNOTS('',3,(#5862,#5863,#5864,#5865,#5866,#5867,
#5868,#5869,#5870,#5871,#5872,#5873,#5874,#5875,#5876,#5877,#5878,#5879,
#5880,#5881,#5882,#5883,#5884,#5885,#5886,#5887),.UNSPECIFIED.,.F.,.F.,
(4,2,2,2,2,2,2,2,2,2,2,2,4),(0.301421844926222,0.376777291763694,0.452132738601166,
0.527488214226805,0.602843689852443,0.678199165478082,0.75355464110372,
0.828910087941193,0.904265534778665,0.979620981616137,1.05497642845361,
1.13033190407925,1.20568737970489),.UNSPECIFIED.);
#80=B_SPLINE_CURVE_WITH_KNOTS('',3,(#5891,#5892,#5893,#5894,#5895,#5896,
#5897,#5898,#5899,#5900,#5901,#5902,#5903,#5904,#5905,#5906,#5907,#5908,
#5909,#5910,#5911,#5912,#5913,#5914,#5915,#5916),.UNSPECIFIED.,.F.,.F.,
(4,2,2,2,2,2,2,2,2,2,2,2,4),(0.,0.0753522822813368,0.150704564562674,0.226056827296215,
0.301409090029757,0.376761352763299,0.45211361549684,0.527465897778177,
0.602818180059514,0.678170462340851,0.753522744622187,0.828875007355729,
0.90422727008927),.UNSPECIFIED.);
#81=B_SPLINE_CURVE_WITH_KNOTS('',3,(#5917,#5918,#5919,#5920,#5921,#5922,
#5923,#5924,#5925,#5926),.UNSPECIFIED.,.F.,.F.,(4,2,2,2,4),(0.90422727008927,
0.979579532822812,1.05493179555635,1.13028407783769,1.20563636011903),
 .UNSPECIFIED.);
#82=B_SPLINE_CURVE_WITH_KNOTS('',3,(#5930,#5931,#5932,#5933,#5934,#5935,
#5936,#5937,#5938,#5939),.UNSPECIFIED.,.F.,.F.,(4,2,2,2,4),(0.,0.0753554756256383,
0.150710951251277,0.226066398088749,0.301421844926222),.UNSPECIFIED.);
#83=B_SPLINE_CURVE_WITH_KNOTS('',3,(#5940,#5941,#5942,#5943,#5944,#5945,
#5946,#5947,#5948,#5949,#5950,#5951,#5952,#5953,#5954,#5955,#5956,#5957,
#5958,#5959,#5960,#5961,#5962,#5963,#5964,#5965),.UNSPECIFIED.,.F.,.F.,
(4,2,2,2,2,2,2,2,2,2,2,2,4),(0.301421844926222,0.376777291763695,0.452132738601167,
0.527488214226805,0.602843689852444,0.678199165478082,0.75355464110372,
0.828910087941192,0.904265534778665,0.979620981616138,1.05497642845361,
1.13033190407925,1.20568737970489),.UNSPECIFIED.);
#84=B_SPLINE_CURVE_WITH_KNOTS('',3,(#5969,#5970,#5971,#5972,#5973,#5974,
#5975,#5976,#5977,#5978,#5979,#5980,#5981,#5982,#5983,#5984,#5985,#5986,
#5987,#5988,#5989,#5990,#5991,#5992,#5993,#5994),.UNSPECIFIED.,.F.,.F.,
(4,2,2,2,2,2,2,2,2,2,2,2,4),(0.,0.0753522822813369,0.150704564562674,0.226056827296215,
0.301409090029757,0.376761352763298,0.45211361549684,0.527465897778177,
0.602818180059513,0.67817046234085,0.753522744622187,0.828875007355729,
0.90422727008927),.UNSPECIFIED.);
#85=B_SPLINE_CURVE_WITH_KNOTS('',3,(#5995,#5996,#5997,#5998,#5999,#6000,
#6001,#6002,#6003,#6004),.UNSPECIFIED.,.F.,.F.,(4,2,2,2,4),(0.90422727008927,
0.979579532822812,1.05493179555635,1.13028407783769,1.20563636011903),
 .UNSPECIFIED.);
#86=B_SPLINE_CURVE_WITH_KNOTS('',3,(#6008,#6009,#6010,#6011,#6012,#6013,
#6014,#6015,#6016,#6017),.UNSPECIFIED.,.F.,.F.,(4,2,2,2,4),(0.,0.0753554756256384,
0.150710951251277,0.226066398088749,0.301421844926222),.UNSPECIFIED.);
#87=B_SPLINE_CURVE_WITH_KNOTS('',3,(#6018,#6019,#6020,#6021,#6022,#6023,
#6024,#6025,#6026,#6027,#6028,#6029,#6030,#6031,#6032,#6033,#6034,#6035,
#6036,#6037,#6038,#6039,#6040,#6041,#6042,#6043),.UNSPECIFIED.,.F.,.F.,
(4,2,2,2,2,2,2,2,2,2,2,2,4),(0.301421844926222,0.376777291763694,0.452132738601166,
0.527488214226805,0.602843689852443,0.678199165478082,0.75355464110372,
0.828910087941192,0.904265534778665,0.979620981616137,1.05497642845361,
1.13033190407925,1.20568737970489),.UNSPECIFIED.);
#88=B_SPLINE_CURVE_WITH_KNOTS('',3,(#6047,#6048,#6049,#6050,#6051,#6052,
#6053,#6054,#6055,#6056,#6057,#6058,#6059,#6060,#6061,#6062,#6063,#6064,
#6065,#6066,#6067,#6068,#6069,#6070,#6071,#6072),.UNSPECIFIED.,.F.,.F.,
(4,2,2,2,2,2,2,2,2,2,2,2,4),(0.,0.0753522822813368,0.150704564562674,0.226056827296215,
0.301409090029757,0.376761352763298,0.45211361549684,0.527465897778177,
0.602818180059514,0.67817046234085,0.753522744622187,0.828875007355729,
0.90422727008927),.UNSPECIFIED.);
#89=B_SPLINE_CURVE_WITH_KNOTS('',3,(#6073,#6074,#6075,#6076,#6077,#6078,
#6079,#6080,#6081,#6082),.UNSPECIFIED.,.F.,.F.,(4,2,2,2,4),(0.90422727008927,
0.979579532822812,1.05493179555635,1.13028407783769,1.20563636011903),
 .UNSPECIFIED.);
#90=B_SPLINE_CURVE_WITH_KNOTS('',3,(#6086,#6087,#6088,#6089,#6090,#6091,
#6092,#6093,#6094,#6095),.UNSPECIFIED.,.F.,.F.,(4,2,2,2,4),(0.,0.0753554756256383,
0.150710951251277,0.226066398088749,0.301421844926222),.UNSPECIFIED.);
#91=B_SPLINE_CURVE_WITH_KNOTS('',3,(#6096,#6097,#6098,#6099,#6100,#6101,
#6102,#6103,#6104,#6105,#6106,#6107,#6108,#6109,#6110,#6111,#6112,#6113,
#6114,#6115,#6116,#6117,#6118,#6119,#6120,#6121),.UNSPECIFIED.,.F.,.F.,
(4,2,2,2,2,2,2,2,2,2,2,2,4),(0.301421844926222,0.376777291763695,0.452132738601167,
0.527488214226805,0.602843689852444,0.678199165478082,0.75355464110372,
0.828910087941193,0.904265534778665,0.979620981616138,1.05497642845361,
1.13033190407925,1.20568737970489),.UNSPECIFIED.);
#92=B_SPLINE_CURVE_WITH_KNOTS('',3,(#6125,#6126,#6127,#6128,#6129,#6130,
#6131,#6132,#6133,#6134,#6135,#6136,#6137,#6138,#6139,#6140,#6141,#6142,
#6143,#6144,#6145,#6146,#6147,#6148,#6149,#6150),.UNSPECIFIED.,.F.,.F.,
(4,2,2,2,2,2,2,2,2,2,2,2,4),(0.,0.0753522822813371,0.150704564562674,0.226056827296215,
0.301409090029757,0.376761352763298,0.45211361549684,0.527465897778177,
0.602818180059514,0.678170462340851,0.753522744622187,0.828875007355729,
0.90422727008927),.UNSPECIFIED.);
#93=B_SPLINE_CURVE_WITH_KNOTS('',3,(#6151,#6152,#6153,#6154,#6155,#6156,
#6157,#6158,#6159,#6160),.UNSPECIFIED.,.F.,.F.,(4,2,2,2,4),(0.90422727008927,
0.979579532822812,1.05493179555635,1.13028407783769,1.20563636011903),
 .UNSPECIFIED.);
#94=B_SPLINE_CURVE_WITH_KNOTS('',3,(#6164,#6165,#6166,#6167,#6168,#6169,
#6170,#6171,#6172,#6173),.UNSPECIFIED.,.F.,.F.,(4,2,2,2,4),(0.,0.0753554756256387,
0.150710951251277,0.22606639808875,0.301421844926222),.UNSPECIFIED.);
#95=B_SPLINE_CURVE_WITH_KNOTS('',3,(#6174,#6175,#6176,#6177,#6178,#6179,
#6180,#6181,#6182,#6183,#6184,#6185,#6186,#6187,#6188,#6189,#6190,#6191,
#6192,#6193,#6194,#6195,#6196,#6197,#6198,#6199),.UNSPECIFIED.,.F.,.F.,
(4,2,2,2,2,2,2,2,2,2,2,2,4),(0.301421844926222,0.376777291763694,0.452132738601167,
0.527488214226805,0.602843689852444,0.678199165478082,0.75355464110372,
0.828910087941193,0.904265534778665,0.979620981616137,1.05497642845361,
1.13033190407925,1.20568737970489),.UNSPECIFIED.);
#96=B_SPLINE_CURVE_WITH_KNOTS('',3,(#6203,#6204,#6205,#6206,#6207,#6208,
#6209,#6210,#6211,#6212,#6213,#6214,#6215,#6216,#6217,#6218,#6219,#6220,
#6221,#6222,#6223,#6224,#6225,#6226,#6227,#6228),.UNSPECIFIED.,.F.,.F.,
(4,2,2,2,2,2,2,2,2,2,2,2,4),(0.,0.0753522822813369,0.150704564562674,0.226056827296216,
0.301409090029757,0.376761352763299,0.452113615496841,0.527465897778177,
0.602818180059514,0.67817046234085,0.753522744622187,0.828875007355728,
0.90422727008927),.UNSPECIFIED.);
#97=B_SPLINE_CURVE_WITH_KNOTS('',3,(#6229,#6230,#6231,#6232,#6233,#6234,
#6235,#6236,#6237,#6238),.UNSPECIFIED.,.F.,.F.,(4,2,2,2,4),(0.90422727008927,
0.979579532822812,1.05493179555635,1.13028407783769,1.20563636011903),
 .UNSPECIFIED.);
#98=B_SPLINE_CURVE_WITH_KNOTS('',3,(#6242,#6243,#6244,#6245,#6246,#6247,
#6248,#6249,#6250,#6251),.UNSPECIFIED.,.F.,.F.,(4,2,2,2,4),(0.,0.0753554756256385,
0.150710951251277,0.22606639808875,0.301421844926222),.UNSPECIFIED.);
#99=B_SPLINE_CURVE_WITH_KNOTS('',3,(#6252,#6253,#6254,#6255,#6256,#6257,
#6258,#6259,#6260,#6261,#6262,#6263,#6264,#6265,#6266,#6267,#6268,#6269,
#6270,#6271,#6272,#6273,#6274,#6275,#6276,#6277),.UNSPECIFIED.,.F.,.F.,
(4,2,2,2,2,2,2,2,2,2,2,2,4),(0.301421844926222,0.376777291763695,0.452132738601167,
0.527488214226805,0.602843689852443,0.678199165478082,0.75355464110372,
0.828910087941192,0.904265534778664,0.979620981616137,1.05497642845361,
1.13033190407925,1.20568737970489),.UNSPECIFIED.);
#100=B_SPLINE_CURVE_WITH_KNOTS('',3,(#6281,#6282,#6283,#6284,#6285,#6286,
#6287,#6288,#6289,#6290,#6291,#6292,#6293,#6294,#6295,#6296,#6297,#6298,
#6299,#6300,#6301,#6302,#6303,#6304,#6305,#6306),.UNSPECIFIED.,.F.,.F.,
(4,2,2,2,2,2,2,2,2,2,2,2,4),(0.,0.0753522822813369,0.150704564562674,0.226056827296215,
0.301409090029757,0.376761352763298,0.45211361549684,0.527465897778177,
0.602818180059513,0.67817046234085,0.753522744622187,0.828875007355729,
0.90422727008927),.UNSPECIFIED.);
#101=B_SPLINE_CURVE_WITH_KNOTS('',3,(#6307,#6308,#6309,#6310,#6311,#6312,
#6313,#6314,#6315,#6316),.UNSPECIFIED.,.F.,.F.,(4,2,2,2,4),(0.90422727008927,
0.979579532822812,1.05493179555635,1.13028407783769,1.20563636011903),
 .UNSPECIFIED.);
#102=B_SPLINE_CURVE_WITH_KNOTS('',3,(#6320,#6321,#6322,#6323,#6324,#6325,
#6326,#6327,#6328,#6329),.UNSPECIFIED.,.F.,.F.,(4,2,2,2,4),(0.,0.0753554756256384,
0.150710951251277,0.226066398088749,0.301421844926222),.UNSPECIFIED.);
#103=B_SPLINE_CURVE_WITH_KNOTS('',3,(#6330,#6331,#6332,#6333,#6334,#6335,
#6336,#6337,#6338,#6339,#6340,#6341,#6342,#6343,#6344,#6345,#6346,#6347,
#6348,#6349,#6350,#6351,#6352,#6353,#6354,#6355),.UNSPECIFIED.,.F.,.F.,
(4,2,2,2,2,2,2,2,2,2,2,2,4),(0.301421844926222,0.376777291763694,0.452132738601166,
0.527488214226805,0.602843689852443,0.678199165478082,0.75355464110372,
0.828910087941193,0.904265534778665,0.979620981616137,1.05497642845361,
1.13033190407925,1.20568737970489),.UNSPECIFIED.);
#104=B_SPLINE_CURVE_WITH_KNOTS('',3,(#6359,#6360,#6361,#6362,#6363,#6364,
#6365,#6366,#6367,#6368,#6369,#6370,#6371,#6372,#6373,#6374,#6375,#6376,
#6377,#6378,#6379,#6380,#6381,#6382,#6383,#6384),.UNSPECIFIED.,.F.,.F.,
(4,2,2,2,2,2,2,2,2,2,2,2,4),(0.,0.0753522822813368,0.150704564562674,0.226056827296215,
0.301409090029757,0.376761352763299,0.45211361549684,0.527465897778177,
0.602818180059514,0.67817046234085,0.753522744622187,0.828875007355729,
0.90422727008927),.UNSPECIFIED.);
#105=B_SPLINE_CURVE_WITH_KNOTS('',3,(#6385,#6386,#6387,#6388,#6389,#6390,
#6391,#6392,#6393,#6394),.UNSPECIFIED.,.F.,.F.,(4,2,2,2,4),(0.90422727008927,
0.979579532822812,1.05493179555635,1.13028407783769,1.20563636011903),
 .UNSPECIFIED.);
#106=B_SPLINE_CURVE_WITH_KNOTS('',3,(#6398,#6399,#6400,#6401,#6402,#6403,
#6404,#6405,#6406,#6407),.UNSPECIFIED.,.F.,.F.,(4,2,2,2,4),(0.,0.0753554756256384,
0.150710951251277,0.226066398088749,0.301421844926221),.UNSPECIFIED.);
#107=B_SPLINE_CURVE_WITH_KNOTS('',3,(#6408,#6409,#6410,#6411,#6412,#6413,
#6414,#6415,#6416,#6417,#6418,#6419,#6420,#6421,#6422,#6423,#6424,#6425,
#6426,#6427,#6428,#6429,#6430,#6431,#6432,#6433),.UNSPECIFIED.,.F.,.F.,
(4,2,2,2,2,2,2,2,2,2,2,2,4),(0.301421844926221,0.376777291763694,0.452132738601167,
0.527488214226805,0.602843689852444,0.678199165478082,0.75355464110372,
0.828910087941193,0.904265534778666,0.979620981616138,1.05497642845361,
1.13033190407925,1.20568737970489),.UNSPECIFIED.);
#108=B_SPLINE_CURVE_WITH_KNOTS('',3,(#6437,#6438,#6439,#6440,#6441,#6442,
#6443,#6444,#6445,#6446,#6447,#6448,#6449,#6450,#6451,#6452,#6453,#6454,
#6455,#6456,#6457,#6458,#6459,#6460,#6461,#6462),.UNSPECIFIED.,.F.,.F.,
(4,2,2,2,2,2,2,2,2,2,2,2,4),(0.,0.075352282281337,0.150704564562674,0.226056827296216,
0.301409090029757,0.376761352763298,0.45211361549684,0.527465897778177,
0.602818180059513,0.67817046234085,0.753522744622187,0.828875007355728,
0.90422727008927),.UNSPECIFIED.);
#109=B_SPLINE_CURVE_WITH_KNOTS('',3,(#6463,#6464,#6465,#6466,#6467,#6468,
#6469,#6470,#6471,#6472),.UNSPECIFIED.,.F.,.F.,(4,2,2,2,4),(0.90422727008927,
0.979579532822811,1.05493179555635,1.13028407783769,1.20563636011903),
 .UNSPECIFIED.);
#110=B_SPLINE_CURVE_WITH_KNOTS('',3,(#6476,#6477,#6478,#6479,#6480,#6481,
#6482,#6483,#6484,#6485),.UNSPECIFIED.,.F.,.F.,(4,2,2,2,4),(0.,0.0753554756256388,
0.150710951251278,0.22606639808875,0.301421844926222),.UNSPECIFIED.);
#111=B_SPLINE_CURVE_WITH_KNOTS('',3,(#6486,#6487,#6488,#6489,#6490,#6491,
#6492,#6493,#6494,#6495,#6496,#6497,#6498,#6499,#6500,#6501,#6502,#6503,
#6504,#6505,#6506,#6507,#6508,#6509,#6510,#6511),.UNSPECIFIED.,.F.,.F.,
(4,2,2,2,2,2,2,2,2,2,2,2,4),(0.301421844926222,0.376777291763695,0.452132738601167,
0.527488214226805,0.602843689852444,0.678199165478082,0.75355464110372,
0.828910087941192,0.904265534778665,0.979620981616137,1.05497642845361,
1.13033190407925,1.20568737970489),.UNSPECIFIED.);
#112=B_SPLINE_CURVE_WITH_KNOTS('',3,(#6515,#6516,#6517,#6518,#6519,#6520,
#6521,#6522,#6523,#6524,#6525,#6526,#6527,#6528,#6529,#6530,#6531,#6532,
#6533,#6534,#6535,#6536,#6537,#6538,#6539,#6540),.UNSPECIFIED.,.F.,.F.,
(4,2,2,2,2,2,2,2,2,2,2,2,4),(0.,0.0753522822813368,0.150704564562674,0.226056827296215,
0.301409090029756,0.376761352763298,0.45211361549684,0.527465897778177,
0.602818180059513,0.67817046234085,0.753522744622187,0.828875007355728,
0.90422727008927),.UNSPECIFIED.);
#113=B_SPLINE_CURVE_WITH_KNOTS('',3,(#6541,#6542,#6543,#6544,#6545,#6546,
#6547,#6548,#6549,#6550),.UNSPECIFIED.,.F.,.F.,(4,2,2,2,4),(0.90422727008927,
0.979579532822811,1.05493179555635,1.13028407783769,1.20563636011903),
 .UNSPECIFIED.);
#114=B_SPLINE_CURVE_WITH_KNOTS('',3,(#6554,#6555,#6556,#6557,#6558,#6559,
#6560,#6561,#6562,#6563),.UNSPECIFIED.,.F.,.F.,(4,2,2,2,4),(0.,0.0753554756256384,
0.150710951251277,0.226066398088749,0.301421844926221),.UNSPECIFIED.);
#115=B_SPLINE_CURVE_WITH_KNOTS('',3,(#6564,#6565,#6566,#6567,#6568,#6569,
#6570,#6571,#6572,#6573,#6574,#6575,#6576,#6577,#6578,#6579,#6580,#6581,
#6582,#6583,#6584,#6585,#6586,#6587,#6588,#6589),.UNSPECIFIED.,.F.,.F.,
(4,2,2,2,2,2,2,2,2,2,2,2,4),(0.301421844926221,0.376777291763694,0.452132738601167,
0.527488214226805,0.602843689852443,0.678199165478082,0.75355464110372,
0.828910087941193,0.904265534778665,0.979620981616138,1.05497642845361,
1.13033190407925,1.20568737970489),.UNSPECIFIED.);
#116=B_SPLINE_CURVE_WITH_KNOTS('',3,(#6593,#6594,#6595,#6596,#6597,#6598,
#6599,#6600,#6601,#6602),.UNSPECIFIED.,.F.,.F.,(4,2,2,2,4),(0.,0.0753522822813369,
0.150704564562674,0.226056827296215,0.301409090029757),.UNSPECIFIED.);
#117=B_SPLINE_CURVE_WITH_KNOTS('',3,(#6604,#6605,#6606,#6607,#6608,#6609,
#6610,#6611,#6612,#6613),.UNSPECIFIED.,.F.,.F.,(4,2,2,2,4),(0.90422727008927,
0.979579532822811,1.05493179555635,1.13028407783769,1.20563636011903),
 .UNSPECIFIED.);
#118=B_SPLINE_CURVE_WITH_KNOTS('',3,(#6617,#6618,#6619,#6620,#6621,#6622,
#6623,#6624,#6625,#6626),.UNSPECIFIED.,.F.,.F.,(4,2,2,2,4),(0.,0.0753554756256384,
0.150710951251277,0.226066398088749,0.301421844926222),.UNSPECIFIED.);
#119=B_SPLINE_CURVE_WITH_KNOTS('',3,(#6628,#6629,#6630,#6631,#6632,#6633,
#6634,#6635,#6636,#6637),.UNSPECIFIED.,.F.,.F.,(4,2,2,2,4),(0.904265534778665,
0.979620981616137,1.05497642845361,1.13033190407925,1.20568737970489),
 .UNSPECIFIED.);
#120=B_SPLINE_CURVE_WITH_KNOTS('',3,(#6638,#6639,#6640,#6641,#6642,#6643,
#6644,#6645,#6646,#6647,#6648,#6649,#6650,#6651,#6652,#6653,#6654,#6655),
 .UNSPECIFIED.,.F.,.F.,(4,2,2,2,2,2,2,2,4),(0.301421844926222,0.376777291763694,
0.452132738601167,0.527488214226805,0.602843689852443,0.678199165478082,
0.75355464110372,0.828910087941193,0.904265534778665),.UNSPECIFIED.);
#121=B_SPLINE_CURVE_WITH_KNOTS('',3,(#6656,#6657,#6658,#6659,#6660,#6661,
#6662,#6663,#6664,#6665,#6666,#6667,#6668,#6669,#6670,#6671,#6672,#6673),
 .UNSPECIFIED.,.F.,.F.,(4,2,2,2,2,2,2,2,4),(0.301409090029757,0.376761352763298,
0.45211361549684,0.527465897778177,0.602818180059513,0.67817046234085,0.753522744622187,
0.828875007355729,0.90422727008927),.UNSPECIFIED.);
#122=B_SPLINE_CURVE_WITH_KNOTS('',3,(#6677,#6678,#6679,#6680,#6681,#6682,
#6683,#6684,#6685,#6686,#6687,#6688,#6689,#6690,#6691,#6692,#6693,#6694,
#6695,#6696,#6697,#6698,#6699,#6700,#6701,#6702),.UNSPECIFIED.,.F.,.F.,
(4,2,2,2,2,2,2,2,2,2,2,2,4),(0.,0.0753522822813369,0.150704564562674,0.226056827296216,
0.301409090029757,0.376761352763299,0.45211361549684,0.527465897778177,
0.602818180059514,0.67817046234085,0.753522744622187,0.828875007355729,
0.90422727008927),.UNSPECIFIED.);
#123=B_SPLINE_CURVE_WITH_KNOTS('',3,(#6703,#6704,#6705,#6706,#6707,#6708,
#6709,#6710,#6711,#6712),.UNSPECIFIED.,.F.,.F.,(4,2,2,2,4),(0.90422727008927,
0.979579532822812,1.05493179555635,1.13028407783769,1.20563636011903),
 .UNSPECIFIED.);
#124=B_SPLINE_CURVE_WITH_KNOTS('',3,(#6716,#6717,#6718,#6719,#6720,#6721,
#6722,#6723,#6724,#6725),.UNSPECIFIED.,.F.,.F.,(4,2,2,2,4),(0.,0.0753554756256384,
0.150710951251277,0.226066398088749,0.301421844926221),.UNSPECIFIED.);
#125=B_SPLINE_CURVE_WITH_KNOTS('',3,(#6726,#6727,#6728,#6729,#6730,#6731,
#6732,#6733,#6734,#6735,#6736,#6737,#6738,#6739,#6740,#6741,#6742,#6743,
#6744,#6745,#6746,#6747,#6748,#6749,#6750,#6751),.UNSPECIFIED.,.F.,.F.,
(4,2,2,2,2,2,2,2,2,2,2,2,4),(0.301421844926221,0.376777291763694,0.452132738601167,
0.527488214226805,0.602843689852443,0.678199165478082,0.75355464110372,
0.828910087941193,0.904265534778665,0.979620981616138,1.05497642845361,
1.13033190407925,1.20568737970489),.UNSPECIFIED.);
#126=B_SPLINE_CURVE_WITH_KNOTS('',3,(#6755,#6756,#6757,#6758,#6759,#6760,
#6761,#6762,#6763,#6764,#6765,#6766,#6767,#6768,#6769,#6770,#6771,#6772,
#6773,#6774,#6775,#6776,#6777,#6778,#6779,#6780),.UNSPECIFIED.,.F.,.F.,
(4,2,2,2,2,2,2,2,2,2,2,2,4),(0.,0.0753522822813369,0.150704564562674,0.226056827296215,
0.301409090029757,0.376761352763298,0.45211361549684,0.527465897778177,
0.602818180059514,0.678170462340851,0.753522744622187,0.828875007355729,
0.90422727008927),.UNSPECIFIED.);
#127=B_SPLINE_CURVE_WITH_KNOTS('',3,(#6781,#6782,#6783,#6784,#6785,#6786,
#6787,#6788,#6789,#6790),.UNSPECIFIED.,.F.,.F.,(4,2,2,2,4),(0.90422727008927,
0.979579532822811,1.05493179555635,1.13028407783769,1.20563636011903),
 .UNSPECIFIED.);
#128=B_SPLINE_CURVE_WITH_KNOTS('',3,(#6794,#6795,#6796,#6797,#6798,#6799,
#6800,#6801,#6802,#6803),.UNSPECIFIED.,.F.,.F.,(4,2,2,2,4),(0.,0.0753554756256385,
0.150710951251277,0.226066398088749,0.301421844926222),.UNSPECIFIED.);
#129=B_SPLINE_CURVE_WITH_KNOTS('',3,(#6804,#6805,#6806,#6807,#6808,#6809,
#6810,#6811,#6812,#6813,#6814,#6815,#6816,#6817,#6818,#6819,#6820,#6821,
#6822,#6823,#6824,#6825,#6826,#6827,#6828,#6829),.UNSPECIFIED.,.F.,.F.,
(4,2,2,2,2,2,2,2,2,2,2,2,4),(0.301421844926222,0.376777291763694,0.452132738601167,
0.527488214226805,0.602843689852444,0.678199165478082,0.753554641103721,
0.828910087941193,0.904265534778665,0.979620981616138,1.05497642845361,
1.13033190407925,1.20568737970489),.UNSPECIFIED.);
#130=B_SPLINE_CURVE_WITH_KNOTS('',3,(#6833,#6834,#6835,#6836,#6837,#6838,
#6839,#6840,#6841,#6842,#6843,#6844,#6845,#6846,#6847,#6848,#6849,#6850,
#6851,#6852,#6853,#6854,#6855,#6856,#6857,#6858),.UNSPECIFIED.,.F.,.F.,
(4,2,2,2,2,2,2,2,2,2,2,2,4),(0.,0.0753522822813368,0.150704564562674,0.226056827296215,
0.301409090029757,0.376761352763299,0.45211361549684,0.527465897778177,
0.602818180059514,0.678170462340851,0.753522744622187,0.828875007355729,
0.904227270089271),.UNSPECIFIED.);
#131=B_SPLINE_CURVE_WITH_KNOTS('',3,(#6859,#6860,#6861,#6862,#6863,#6864,
#6865,#6866,#6867,#6868),.UNSPECIFIED.,.F.,.F.,(4,2,2,2,4),(0.904227270089271,
0.979579532822813,1.05493179555635,1.13028407783769,1.20563636011903),
 .UNSPECIFIED.);
#132=B_SPLINE_CURVE_WITH_KNOTS('',3,(#6872,#6873,#6874,#6875,#6876,#6877,
#6878,#6879,#6880,#6881),.UNSPECIFIED.,.F.,.F.,(4,2,2,2,4),(0.,0.0753554756256383,
0.150710951251277,0.226066398088749,0.301421844926222),.UNSPECIFIED.);
#133=B_SPLINE_CURVE_WITH_KNOTS('',3,(#6882,#6883,#6884,#6885,#6886,#6887,
#6888,#6889,#6890,#6891,#6892,#6893,#6894,#6895,#6896,#6897,#6898,#6899,
#6900,#6901,#6902,#6903,#6904,#6905,#6906,#6907),.UNSPECIFIED.,.F.,.F.,
(4,2,2,2,2,2,2,2,2,2,2,2,4),(0.301421844926222,0.376777291763695,0.452132738601167,
0.527488214226806,0.602843689852444,0.678199165478082,0.75355464110372,
0.828910087941193,0.904265534778666,0.979620981616139,1.05497642845361,
1.13033190407925,1.20568737970489),.UNSPECIFIED.);
#134=B_SPLINE_CURVE_WITH_KNOTS('',3,(#6911,#6912,#6913,#6914,#6915,#6916,
#6917,#6918,#6919,#6920,#6921,#6922,#6923,#6924,#6925,#6926,#6927,#6928,
#6929,#6930,#6931,#6932,#6933,#6934,#6935,#6936),.UNSPECIFIED.,.F.,.F.,
(4,2,2,2,2,2,2,2,2,2,2,2,4),(0.,0.0753522822813369,0.150704564562674,0.226056827296215,
0.301409090029757,0.376761352763298,0.45211361549684,0.527465897778177,
0.602818180059513,0.67817046234085,0.753522744622187,0.828875007355729,
0.90422727008927),.UNSPECIFIED.);
#135=B_SPLINE_CURVE_WITH_KNOTS('',3,(#6937,#6938,#6939,#6940,#6941,#6942,
#6943,#6944,#6945,#6946),.UNSPECIFIED.,.F.,.F.,(4,2,2,2,4),(0.90422727008927,
0.979579532822812,1.05493179555635,1.13028407783769,1.20563636011903),
 .UNSPECIFIED.);
#136=B_SPLINE_CURVE_WITH_KNOTS('',3,(#6950,#6951,#6952,#6953,#6954,#6955,
#6956,#6957,#6958,#6959),.UNSPECIFIED.,.F.,.F.,(4,2,2,2,4),(0.,0.0753554756256384,
0.150710951251277,0.226066398088749,0.301421844926222),.UNSPECIFIED.);
#137=B_SPLINE_CURVE_WITH_KNOTS('',3,(#6960,#6961,#6962,#6963,#6964,#6965,
#6966,#6967,#6968,#6969,#6970,#6971,#6972,#6973,#6974,#6975,#6976,#6977,
#6978,#6979,#6980,#6981,#6982,#6983,#6984,#6985),.UNSPECIFIED.,.F.,.F.,
(4,2,2,2,2,2,2,2,2,2,2,2,4),(0.301421844926222,0.376777291763694,0.452132738601166,
0.527488214226805,0.602843689852443,0.678199165478082,0.75355464110372,
0.828910087941192,0.904265534778665,0.979620981616137,1.05497642845361,
1.13033190407925,1.20568737970489),.UNSPECIFIED.);
#138=CONICAL_SURFACE('',#3290,11.8537790708081,0.261799387799149);
#139=CONICAL_SURFACE('',#3293,24.499999741558,1.0471975511966);
#140=CONICAL_SURFACE('',#3369,8.53378812471323,0.255976144178877);
#141=CONICAL_SURFACE('',#3373,18.5,1.0471975511966);
#142=CONICAL_SURFACE('',#3434,35.2999999783933,1.0471975511966);
#143=SHAPE_REPRESENTATION_RELATIONSHIP('SRR','None',#7055,#148);
#144=SHAPE_REPRESENTATION_RELATIONSHIP('SRR','None',#7056,#149);
#145=SHAPE_REPRESENTATION_RELATIONSHIP('SRR','None',#7057,#150);
#146=SHAPE_REPRESENTATION_RELATIONSHIP('SRR','None',#7058,#151);
#147=SHAPE_REPRESENTATION_RELATIONSHIP('SRR','None',#7059,#152);
#148=ADVANCED_BREP_SHAPE_REPRESENTATION('',(#158),#7027);
#149=ADVANCED_BREP_SHAPE_REPRESENTATION('',(#159),#7028);
#150=ADVANCED_BREP_SHAPE_REPRESENTATION('',(#160),#7029);
#151=ADVANCED_BREP_SHAPE_REPRESENTATION('',(#161),#7030);
#152=ADVANCED_BREP_SHAPE_REPRESENTATION('',(#162),#7031);
#153=STYLED_ITEM('',(#7088),#158);
#154=STYLED_ITEM('',(#7088),#159);
#155=STYLED_ITEM('',(#7088),#160);
#156=STYLED_ITEM('',(#7088),#161);
#157=STYLED_ITEM('',(#7088),#162);
#158=MANIFOLD_SOLID_BREP('Body1',#3098);
#159=MANIFOLD_SOLID_BREP('Body1',#3099);
#160=MANIFOLD_SOLID_BREP('Body1',#3100);
#161=MANIFOLD_SOLID_BREP('Body1',#3101);
#162=MANIFOLD_SOLID_BREP('Combustion Chamber',#3102);
#163=FACE_BOUND('',#557,.T.);
#164=FACE_BOUND('',#559,.T.);
#165=FACE_BOUND('',#571,.T.);
#166=FACE_BOUND('',#576,.T.);
#167=FACE_BOUND('',#578,.T.);
#168=FACE_BOUND('',#580,.T.);
#169=FACE_BOUND('',#585,.T.);
#170=FACE_BOUND('',#586,.T.);
#171=FACE_BOUND('',#587,.T.);
#172=FACE_BOUND('',#588,.T.);
#173=FACE_BOUND('',#589,.T.);
#174=FACE_BOUND('',#590,.T.);
#175=FACE_BOUND('',#591,.T.);
#176=FACE_BOUND('',#592,.T.);
#177=FACE_BOUND('',#593,.T.);
#178=FACE_BOUND('',#594,.T.);
#179=FACE_BOUND('',#595,.T.);
#180=FACE_BOUND('',#598,.T.);
#181=FACE_BOUND('',#600,.T.);
#182=FACE_BOUND('',#601,.T.);
#183=FACE_BOUND('',#602,.T.);
#184=FACE_BOUND('',#603,.T.);
#185=FACE_BOUND('',#604,.T.);
#186=FACE_BOUND('',#605,.T.);
#187=FACE_BOUND('',#606,.T.);
#188=FACE_BOUND('',#607,.T.);
#189=FACE_BOUND('',#608,.T.);
#190=FACE_BOUND('',#609,.T.);
#191=FACE_BOUND('',#610,.T.);
#192=FACE_BOUND('',#614,.T.);
#193=FACE_BOUND('',#616,.T.);
#194=FACE_BOUND('',#617,.T.);
#195=FACE_BOUND('',#618,.T.);
#196=FACE_BOUND('',#619,.T.);
#197=FACE_BOUND('',#620,.T.);
#198=FACE_BOUND('',#621,.T.);
#199=FACE_BOUND('',#622,.T.);
#200=FACE_BOUND('',#623,.T.);
#201=FACE_BOUND('',#624,.T.);
#202=FACE_BOUND('',#636,.T.);
#203=FACE_BOUND('',#639,.T.);
#204=FACE_BOUND('',#641,.T.);
#205=FACE_BOUND('',#642,.T.);
#206=FACE_BOUND('',#645,.T.);
#207=FACE_BOUND('',#648,.T.);
#208=FACE_BOUND('',#649,.T.);
#209=FACE_BOUND('',#650,.T.);
#210=FACE_BOUND('',#651,.T.);
#211=FACE_BOUND('',#652,.T.);
#212=FACE_BOUND('',#653,.T.);
#213=FACE_BOUND('',#654,.T.);
#214=FACE_BOUND('',#655,.T.);
#215=FACE_BOUND('',#656,.T.);
#216=FACE_BOUND('',#659,.T.);
#217=FACE_BOUND('',#698,.T.);
#218=FACE_BOUND('',#700,.T.);
#219=FACE_BOUND('',#701,.T.);
#220=FACE_BOUND('',#702,.T.);
#221=FACE_BOUND('',#703,.T.);
#222=FACE_BOUND('',#704,.T.);
#223=FACE_BOUND('',#705,.T.);
#224=FACE_BOUND('',#706,.T.);
#225=FACE_BOUND('',#707,.T.);
#226=FACE_BOUND('',#708,.T.);
#227=FACE_BOUND('',#709,.T.);
#228=FACE_BOUND('',#710,.T.);
#229=FACE_BOUND('',#711,.T.);
#230=FACE_BOUND('',#712,.T.);
#231=FACE_BOUND('',#713,.T.);
#232=FACE_BOUND('',#714,.T.);
#233=FACE_BOUND('',#716,.T.);
#234=FACE_BOUND('',#719,.T.);
#235=FACE_BOUND('',#722,.T.);
#236=FACE_BOUND('',#725,.T.);
#237=FACE_BOUND('',#728,.T.);
#238=FACE_BOUND('',#736,.T.);
#239=FACE_BOUND('',#738,.T.);
#240=FACE_BOUND('',#739,.T.);
#241=FACE_BOUND('',#740,.T.);
#242=FACE_BOUND('',#741,.T.);
#243=FACE_BOUND('',#742,.T.);
#244=FACE_BOUND('',#743,.T.);
#245=FACE_BOUND('',#744,.T.);
#246=FACE_BOUND('',#745,.T.);
#247=FACE_BOUND('',#746,.T.);
#248=FACE_BOUND('',#758,.T.);
#249=FACE_BOUND('',#760,.T.);
#250=FACE_BOUND('',#762,.T.);
#251=FACE_BOUND('',#765,.T.);
#252=FACE_BOUND('',#768,.T.);
#253=FACE_BOUND('',#772,.T.);
#254=FACE_BOUND('',#775,.T.);
#255=FACE_BOUND('',#778,.T.);
#256=FACE_BOUND('',#780,.T.);
#257=FACE_BOUND('',#782,.T.);
#258=FACE_BOUND('',#783,.T.);
#259=FACE_BOUND('',#784,.T.);
#260=FACE_BOUND('',#785,.T.);
#261=FACE_BOUND('',#786,.T.);
#262=FACE_BOUND('',#787,.T.);
#263=FACE_BOUND('',#788,.T.);
#264=FACE_BOUND('',#789,.T.);
#265=FACE_BOUND('',#790,.T.);
#266=FACE_BOUND('',#792,.T.);
#267=FACE_BOUND('',#794,.T.);
#268=FACE_BOUND('',#797,.T.);
#269=FACE_BOUND('',#799,.T.);
#270=FACE_BOUND('',#803,.T.);
#271=FACE_BOUND('',#805,.T.);
#272=FACE_BOUND('',#806,.T.);
#273=FACE_BOUND('',#807,.T.);
#274=FACE_BOUND('',#808,.T.);
#275=FACE_BOUND('',#809,.T.);
#276=FACE_BOUND('',#810,.T.);
#277=FACE_BOUND('',#811,.T.);
#278=FACE_BOUND('',#812,.T.);
#279=FACE_BOUND('',#813,.T.);
#280=FACE_BOUND('',#840,.T.);
#281=FACE_BOUND('',#843,.T.);
#282=FACE_BOUND('',#844,.T.);
#283=FACE_BOUND('',#845,.T.);
#284=FACE_BOUND('',#846,.T.);
#285=FACE_BOUND('',#847,.T.);
#286=FACE_BOUND('',#848,.T.);
#287=FACE_BOUND('',#849,.T.);
#288=FACE_BOUND('',#850,.T.);
#289=FACE_BOUND('',#851,.T.);
#290=FACE_BOUND('',#853,.T.);
#291=FACE_BOUND('',#854,.T.);
#292=FACE_BOUND('',#855,.T.);
#293=FACE_BOUND('',#856,.T.);
#294=FACE_BOUND('',#857,.T.);
#295=FACE_BOUND('',#858,.T.);
#296=FACE_BOUND('',#859,.T.);
#297=FACE_BOUND('',#860,.T.);
#298=FACE_BOUND('',#861,.T.);
#299=FACE_BOUND('',#862,.T.);
#300=FACE_BOUND('',#863,.T.);
#301=FACE_BOUND('',#864,.T.);
#302=FACE_BOUND('',#865,.T.);
#303=FACE_BOUND('',#866,.T.);
#304=FACE_BOUND('',#867,.T.);
#305=FACE_BOUND('',#869,.T.);
#306=FACE_BOUND('',#871,.T.);
#307=FACE_BOUND('',#872,.T.);
#308=FACE_BOUND('',#873,.T.);
#309=FACE_BOUND('',#874,.T.);
#310=FACE_BOUND('',#875,.T.);
#311=FACE_BOUND('',#876,.T.);
#312=FACE_BOUND('',#877,.T.);
#313=FACE_BOUND('',#878,.T.);
#314=FACE_BOUND('',#879,.T.);
#315=FACE_BOUND('',#880,.T.);
#316=FACE_BOUND('',#881,.T.);
#317=FACE_BOUND('',#882,.T.);
#318=FACE_BOUND('',#883,.T.);
#319=FACE_BOUND('',#884,.T.);
#320=FACE_BOUND('',#885,.T.);
#321=FACE_BOUND('',#887,.T.);
#322=PLANE('',#3167);
#323=PLANE('',#3168);
#324=PLANE('',#3200);
#325=PLANE('',#3211);
#326=PLANE('',#3212);
#327=PLANE('',#3213);
#328=PLANE('',#3221);
#329=PLANE('',#3225);
#330=PLANE('',#3226);
#331=PLANE('',#3234);
#332=PLANE('',#3235);
#333=PLANE('',#3266);
#334=PLANE('',#3271);
#335=PLANE('',#3272);
#336=PLANE('',#3278);
#337=PLANE('',#3284);
#338=PLANE('',#3287);
#339=PLANE('',#3299);
#340=PLANE('',#3302);
#341=PLANE('',#3305);
#342=PLANE('',#3308);
#343=PLANE('',#3311);
#344=PLANE('',#3314);
#345=PLANE('',#3317);
#346=PLANE('',#3320);
#347=PLANE('',#3323);
#348=PLANE('',#3326);
#349=PLANE('',#3329);
#350=PLANE('',#3332);
#351=PLANE('',#3335);
#352=PLANE('',#3338);
#353=PLANE('',#3341);
#354=PLANE('',#3344);
#355=PLANE('',#3348);
#356=PLANE('',#3352);
#357=PLANE('',#3356);
#358=PLANE('',#3360);
#359=PLANE('',#3363);
#360=PLANE('',#3367);
#361=PLANE('',#3383);
#362=PLANE('',#3384);
#363=PLANE('',#3416);
#364=PLANE('',#3417);
#365=PLANE('',#3419);
#366=PLANE('',#3423);
#367=PLANE('',#3427);
#368=PLANE('',#3436);
#369=PLANE('',#3440);
#370=PLANE('',#3443);
#371=PLANE('',#3447);
#372=PLANE('',#3451);
#373=PLANE('',#3460);
#374=PLANE('',#3461);
#375=PLANE('',#3506);
#376=PLANE('',#3509);
#377=PLANE('',#3513);
#378=PLANE('',#3517);
#379=FACE_OUTER_BOUND('',#554,.T.);
#380=FACE_OUTER_BOUND('',#555,.T.);
#381=FACE_OUTER_BOUND('',#556,.T.);
#382=FACE_OUTER_BOUND('',#558,.T.);
#383=FACE_OUTER_BOUND('',#560,.T.);
#384=FACE_OUTER_BOUND('',#561,.T.);
#385=FACE_OUTER_BOUND('',#562,.T.);
#386=FACE_OUTER_BOUND('',#563,.T.);
#387=FACE_OUTER_BOUND('',#564,.T.);
#388=FACE_OUTER_BOUND('',#565,.T.);
#389=FACE_OUTER_BOUND('',#566,.T.);
#390=FACE_OUTER_BOUND('',#567,.T.);
#391=FACE_OUTER_BOUND('',#568,.T.);
#392=FACE_OUTER_BOUND('',#569,.T.);
#393=FACE_OUTER_BOUND('',#570,.T.);
#394=FACE_OUTER_BOUND('',#572,.T.);
#395=FACE_OUTER_BOUND('',#573,.T.);
#396=FACE_OUTER_BOUND('',#574,.T.);
#397=FACE_OUTER_BOUND('',#575,.T.);
#398=FACE_OUTER_BOUND('',#577,.T.);
#399=FACE_OUTER_BOUND('',#579,.T.);
#400=FACE_OUTER_BOUND('',#581,.T.);
#401=FACE_OUTER_BOUND('',#582,.T.);
#402=FACE_OUTER_BOUND('',#583,.T.);
#403=FACE_OUTER_BOUND('',#584,.T.);
#404=FACE_OUTER_BOUND('',#596,.T.);
#405=FACE_OUTER_BOUND('',#597,.T.);
#406=FACE_OUTER_BOUND('',#599,.T.);
#407=FACE_OUTER_BOUND('',#611,.T.);
#408=FACE_OUTER_BOUND('',#612,.T.);
#409=FACE_OUTER_BOUND('',#613,.T.);
#410=FACE_OUTER_BOUND('',#615,.T.);
#411=FACE_OUTER_BOUND('',#625,.T.);
#412=FACE_OUTER_BOUND('',#626,.T.);
#413=FACE_OUTER_BOUND('',#627,.T.);
#414=FACE_OUTER_BOUND('',#628,.T.);
#415=FACE_OUTER_BOUND('',#629,.T.);
#416=FACE_OUTER_BOUND('',#630,.T.);
#417=FACE_OUTER_BOUND('',#631,.T.);
#418=FACE_OUTER_BOUND('',#632,.T.);
#419=FACE_OUTER_BOUND('',#633,.T.);
#420=FACE_OUTER_BOUND('',#634,.T.);
#421=FACE_OUTER_BOUND('',#635,.T.);
#422=FACE_OUTER_BOUND('',#637,.T.);
#423=FACE_OUTER_BOUND('',#638,.T.);
#424=FACE_OUTER_BOUND('',#640,.T.);
#425=FACE_OUTER_BOUND('',#643,.T.);
#426=FACE_OUTER_BOUND('',#644,.T.);
#427=FACE_OUTER_BOUND('',#646,.T.);
#428=FACE_OUTER_BOUND('',#647,.T.);
#429=FACE_OUTER_BOUND('',#657,.T.);
#430=FACE_OUTER_BOUND('',#658,.T.);
#431=FACE_OUTER_BOUND('',#660,.T.);
#432=FACE_OUTER_BOUND('',#661,.T.);
#433=FACE_OUTER_BOUND('',#662,.T.);
#434=FACE_OUTER_BOUND('',#663,.T.);
#435=FACE_OUTER_BOUND('',#664,.T.);
#436=FACE_OUTER_BOUND('',#665,.T.);
#437=FACE_OUTER_BOUND('',#666,.T.);
#438=FACE_OUTER_BOUND('',#667,.T.);
#439=FACE_OUTER_BOUND('',#668,.T.);
#440=FACE_OUTER_BOUND('',#669,.T.);
#441=FACE_OUTER_BOUND('',#670,.T.);
#442=FACE_OUTER_BOUND('',#671,.T.);
#443=FACE_OUTER_BOUND('',#672,.T.);
#444=FACE_OUTER_BOUND('',#673,.T.);
#445=FACE_OUTER_BOUND('',#674,.T.);
#446=FACE_OUTER_BOUND('',#675,.T.);
#447=FACE_OUTER_BOUND('',#676,.T.);
#448=FACE_OUTER_BOUND('',#677,.T.);
#449=FACE_OUTER_BOUND('',#678,.T.);
#450=FACE_OUTER_BOUND('',#679,.T.);
#451=FACE_OUTER_BOUND('',#680,.T.);
#452=FACE_OUTER_BOUND('',#681,.T.);
#453=FACE_OUTER_BOUND('',#682,.T.);
#454=FACE_OUTER_BOUND('',#683,.T.);
#455=FACE_OUTER_BOUND('',#684,.T.);
#456=FACE_OUTER_BOUND('',#685,.T.);
#457=FACE_OUTER_BOUND('',#686,.T.);
#458=FACE_OUTER_BOUND('',#687,.T.);
#459=FACE_OUTER_BOUND('',#688,.T.);
#460=FACE_OUTER_BOUND('',#689,.T.);
#461=FACE_OUTER_BOUND('',#690,.T.);
#462=FACE_OUTER_BOUND('',#691,.T.);
#463=FACE_OUTER_BOUND('',#692,.T.);
#464=FACE_OUTER_BOUND('',#693,.T.);
#465=FACE_OUTER_BOUND('',#694,.T.);
#466=FACE_OUTER_BOUND('',#695,.T.);
#467=FACE_OUTER_BOUND('',#696,.T.);
#468=FACE_OUTER_BOUND('',#697,.T.);
#469=FACE_OUTER_BOUND('',#699,.T.);
#470=FACE_OUTER_BOUND('',#715,.T.);
#471=FACE_OUTER_BOUND('',#717,.T.);
#472=FACE_OUTER_BOUND('',#718,.T.);
#473=FACE_OUTER_BOUND('',#720,.T.);
#474=FACE_OUTER_BOUND('',#721,.T.);
#475=FACE_OUTER_BOUND('',#723,.T.);
#476=FACE_OUTER_BOUND('',#724,.T.);
#477=FACE_OUTER_BOUND('',#726,.T.);
#478=FACE_OUTER_BOUND('',#727,.T.);
#479=FACE_OUTER_BOUND('',#729,.T.);
#480=FACE_OUTER_BOUND('',#730,.T.);
#481=FACE_OUTER_BOUND('',#731,.T.);
#482=FACE_OUTER_BOUND('',#732,.T.);
#483=FACE_OUTER_BOUND('',#733,.T.);
#484=FACE_OUTER_BOUND('',#734,.T.);
#485=FACE_OUTER_BOUND('',#735,.T.);
#486=FACE_OUTER_BOUND('',#737,.T.);
#487=FACE_OUTER_BOUND('',#747,.T.);
#488=FACE_OUTER_BOUND('',#748,.T.);
#489=FACE_OUTER_BOUND('',#749,.T.);
#490=FACE_OUTER_BOUND('',#750,.T.);
#491=FACE_OUTER_BOUND('',#751,.T.);
#492=FACE_OUTER_BOUND('',#752,.T.);
#493=FACE_OUTER_BOUND('',#753,.T.);
#494=FACE_OUTER_BOUND('',#754,.T.);
#495=FACE_OUTER_BOUND('',#755,.T.);
#496=FACE_OUTER_BOUND('',#756,.T.);
#497=FACE_OUTER_BOUND('',#757,.T.);
#498=FACE_OUTER_BOUND('',#759,.T.);
#499=FACE_OUTER_BOUND('',#761,.T.);
#500=FACE_OUTER_BOUND('',#763,.T.);
#501=FACE_OUTER_BOUND('',#764,.T.);
#502=FACE_OUTER_BOUND('',#766,.T.);
#503=FACE_OUTER_BOUND('',#767,.T.);
#504=FACE_OUTER_BOUND('',#769,.T.);
#505=FACE_OUTER_BOUND('',#770,.T.);
#506=FACE_OUTER_BOUND('',#771,.T.);
#507=FACE_OUTER_BOUND('',#773,.T.);
#508=FACE_OUTER_BOUND('',#774,.T.);
#509=FACE_OUTER_BOUND('',#776,.T.);
#510=FACE_OUTER_BOUND('',#777,.T.);
#511=FACE_OUTER_BOUND('',#779,.T.);
#512=FACE_OUTER_BOUND('',#781,.T.);
#513=FACE_OUTER_BOUND('',#791,.T.);
#514=FACE_OUTER_BOUND('',#793,.T.);
#515=FACE_OUTER_BOUND('',#795,.T.);
#516=FACE_OUTER_BOUND('',#796,.T.);
#517=FACE_OUTER_BOUND('',#798,.T.);
#518=FACE_OUTER_BOUND('',#800,.T.);
#519=FACE_OUTER_BOUND('',#801,.T.);
#520=FACE_OUTER_BOUND('',#802,.T.);
#521=FACE_OUTER_BOUND('',#804,.T.);
#522=FACE_OUTER_BOUND('',#814,.T.);
#523=FACE_OUTER_BOUND('',#815,.T.);
#524=FACE_OUTER_BOUND('',#816,.T.);
#525=FACE_OUTER_BOUND('',#817,.T.);
#526=FACE_OUTER_BOUND('',#818,.T.);
#527=FACE_OUTER_BOUND('',#819,.T.);
#528=FACE_OUTER_BOUND('',#820,.T.);
#529=FACE_OUTER_BOUND('',#821,.T.);
#530=FACE_OUTER_BOUND('',#822,.T.);
#531=FACE_OUTER_BOUND('',#823,.T.);
#532=FACE_OUTER_BOUND('',#824,.T.);
#533=FACE_OUTER_BOUND('',#825,.T.);
#534=FACE_OUTER_BOUND('',#826,.T.);
#535=FACE_OUTER_BOUND('',#827,.T.);
#536=FACE_OUTER_BOUND('',#828,.T.);
#537=FACE_OUTER_BOUND('',#829,.T.);
#538=FACE_OUTER_BOUND('',#830,.T.);
#539=FACE_OUTER_BOUND('',#831,.T.);
#540=FACE_OUTER_BOUND('',#832,.T.);
#541=FACE_OUTER_BOUND('',#833,.T.);
#542=FACE_OUTER_BOUND('',#834,.T.);
#543=FACE_OUTER_BOUND('',#835,.T.);
#544=FACE_OUTER_BOUND('',#836,.T.);
#545=FACE_OUTER_BOUND('',#837,.T.);
#546=FACE_OUTER_BOUND('',#838,.T.);
#547=FACE_OUTER_BOUND('',#839,.T.);
#548=FACE_OUTER_BOUND('',#841,.T.);
#549=FACE_OUTER_BOUND('',#842,.T.);
#550=FACE_OUTER_BOUND('',#852,.T.);
#551=FACE_OUTER_BOUND('',#868,.T.);
#552=FACE_OUTER_BOUND('',#870,.T.);
#553=FACE_OUTER_BOUND('',#886,.T.);
#554=EDGE_LOOP('',(#1998,#1999,#2000,#2001));
#555=EDGE_LOOP('',(#2002,#2003,#2004,#2005));
#556=EDGE_LOOP('',(#2006));
#557=EDGE_LOOP('',(#2007));
#558=EDGE_LOOP('',(#2008));
#559=EDGE_LOOP('',(#2009));
#560=EDGE_LOOP('',(#2010,#2011,#2012,#2013));
#561=EDGE_LOOP('',(#2014,#2015,#2016,#2017));
#562=EDGE_LOOP('',(#2018,#2019,#2020,#2021));
#563=EDGE_LOOP('',(#2022,#2023,#2024,#2025));
#564=EDGE_LOOP('',(#2026,#2027,#2028,#2029));
#565=EDGE_LOOP('',(#2030,#2031,#2032,#2033));
#566=EDGE_LOOP('',(#2034,#2035,#2036,#2037));
#567=EDGE_LOOP('',(#2038,#2039,#2040,#2041));
#568=EDGE_LOOP('',(#2042,#2043,#2044,#2045));
#569=EDGE_LOOP('',(#2046,#2047,#2048,#2049));
#570=EDGE_LOOP('',(#2050));
#571=EDGE_LOOP('',(#2051));
#572=EDGE_LOOP('',(#2052,#2053,#2054,#2055));
#573=EDGE_LOOP('',(#2056,#2057,#2058,#2059));
#574=EDGE_LOOP('',(#2060,#2061,#2062,#2063));
#575=EDGE_LOOP('',(#2064));
#576=EDGE_LOOP('',(#2065));
#577=EDGE_LOOP('',(#2066));
#578=EDGE_LOOP('',(#2067));
#579=EDGE_LOOP('',(#2068));
#580=EDGE_LOOP('',(#2069));
#581=EDGE_LOOP('',(#2070,#2071,#2072,#2073));
#582=EDGE_LOOP('',(#2074,#2075,#2076,#2077));
#583=EDGE_LOOP('',(#2078,#2079,#2080,#2081));
#584=EDGE_LOOP('',(#2082));
#585=EDGE_LOOP('',(#2083));
#586=EDGE_LOOP('',(#2084));
#587=EDGE_LOOP('',(#2085));
#588=EDGE_LOOP('',(#2086));
#589=EDGE_LOOP('',(#2087));
#590=EDGE_LOOP('',(#2088));
#591=EDGE_LOOP('',(#2089));
#592=EDGE_LOOP('',(#2090));
#593=EDGE_LOOP('',(#2091));
#594=EDGE_LOOP('',(#2092));
#595=EDGE_LOOP('',(#2093));
#596=EDGE_LOOP('',(#2094,#2095,#2096,#2097));
#597=EDGE_LOOP('',(#2098));
#598=EDGE_LOOP('',(#2099));
#599=EDGE_LOOP('',(#2100));
#600=EDGE_LOOP('',(#2101));
#601=EDGE_LOOP('',(#2102));
#602=EDGE_LOOP('',(#2103));
#603=EDGE_LOOP('',(#2104));
#604=EDGE_LOOP('',(#2105));
#605=EDGE_LOOP('',(#2106));
#606=EDGE_LOOP('',(#2107));
#607=EDGE_LOOP('',(#2108));
#608=EDGE_LOOP('',(#2109));
#609=EDGE_LOOP('',(#2110));
#610=EDGE_LOOP('',(#2111));
#611=EDGE_LOOP('',(#2112,#2113,#2114,#2115));
#612=EDGE_LOOP('',(#2116,#2117,#2118,#2119));
#613=EDGE_LOOP('',(#2120));
#614=EDGE_LOOP('',(#2121));
#615=EDGE_LOOP('',(#2122));
#616=EDGE_LOOP('',(#2123));
#617=EDGE_LOOP('',(#2124));
#618=EDGE_LOOP('',(#2125));
#619=EDGE_LOOP('',(#2126));
#620=EDGE_LOOP('',(#2127));
#621=EDGE_LOOP('',(#2128));
#622=EDGE_LOOP('',(#2129));
#623=EDGE_LOOP('',(#2130));
#624=EDGE_LOOP('',(#2131));
#625=EDGE_LOOP('',(#2132,#2133,#2134,#2135));
#626=EDGE_LOOP('',(#2136,#2137,#2138,#2139));
#627=EDGE_LOOP('',(#2140,#2141,#2142,#2143));
#628=EDGE_LOOP('',(#2144,#2145,#2146,#2147));
#629=EDGE_LOOP('',(#2148,#2149,#2150,#2151));
#630=EDGE_LOOP('',(#2152,#2153,#2154,#2155));
#631=EDGE_LOOP('',(#2156,#2157,#2158,#2159));
#632=EDGE_LOOP('',(#2160,#2161,#2162,#2163));
#633=EDGE_LOOP('',(#2164,#2165,#2166,#2167));
#634=EDGE_LOOP('',(#2168,#2169,#2170,#2171));
#635=EDGE_LOOP('',(#2172));
#636=EDGE_LOOP('',(#2173));
#637=EDGE_LOOP('',(#2174,#2175,#2176,#2177));
#638=EDGE_LOOP('',(#2178));
#639=EDGE_LOOP('',(#2179));
#640=EDGE_LOOP('',(#2180));
#641=EDGE_LOOP('',(#2181));
#642=EDGE_LOOP('',(#2182));
#643=EDGE_LOOP('',(#2183,#2184,#2185,#2186,#2187));
#644=EDGE_LOOP('',(#2188,#2189,#2190,#2191));
#645=EDGE_LOOP('',(#2192));
#646=EDGE_LOOP('',(#2193,#2194,#2195,#2196));
#647=EDGE_LOOP('',(#2197));
#648=EDGE_LOOP('',(#2198));
#649=EDGE_LOOP('',(#2199));
#650=EDGE_LOOP('',(#2200));
#651=EDGE_LOOP('',(#2201));
#652=EDGE_LOOP('',(#2202));
#653=EDGE_LOOP('',(#2203));
#654=EDGE_LOOP('',(#2204));
#655=EDGE_LOOP('',(#2205));
#656=EDGE_LOOP('',(#2206));
#657=EDGE_LOOP('',(#2207,#2208,#2209,#2210,#2211));
#658=EDGE_LOOP('',(#2212));
#659=EDGE_LOOP('',(#2213));
#660=EDGE_LOOP('',(#2214,#2215,#2216,#2217));
#661=EDGE_LOOP('',(#2218,#2219,#2220,#2221));
#662=EDGE_LOOP('',(#2222,#2223,#2224,#2225));
#663=EDGE_LOOP('',(#2226,#2227,#2228,#2229));
#664=EDGE_LOOP('',(#2230,#2231,#2232,#2233,#2234));
#665=EDGE_LOOP('',(#2235));
#666=EDGE_LOOP('',(#2236,#2237,#2238,#2239,#2240));
#667=EDGE_LOOP('',(#2241));
#668=EDGE_LOOP('',(#2242,#2243,#2244,#2245,#2246));
#669=EDGE_LOOP('',(#2247));
#670=EDGE_LOOP('',(#2248,#2249,#2250,#2251,#2252));
#671=EDGE_LOOP('',(#2253));
#672=EDGE_LOOP('',(#2254,#2255,#2256,#2257,#2258));
#673=EDGE_LOOP('',(#2259));
#674=EDGE_LOOP('',(#2260,#2261,#2262,#2263,#2264));
#675=EDGE_LOOP('',(#2265));
#676=EDGE_LOOP('',(#2266,#2267,#2268,#2269,#2270));
#677=EDGE_LOOP('',(#2271));
#678=EDGE_LOOP('',(#2272,#2273,#2274,#2275,#2276));
#679=EDGE_LOOP('',(#2277));
#680=EDGE_LOOP('',(#2278,#2279,#2280,#2281,#2282));
#681=EDGE_LOOP('',(#2283));
#682=EDGE_LOOP('',(#2284,#2285,#2286,#2287,#2288));
#683=EDGE_LOOP('',(#2289));
#684=EDGE_LOOP('',(#2290,#2291,#2292,#2293,#2294));
#685=EDGE_LOOP('',(#2295));
#686=EDGE_LOOP('',(#2296,#2297,#2298,#2299,#2300,#2301));
#687=EDGE_LOOP('',(#2302));
#688=EDGE_LOOP('',(#2303,#2304,#2305,#2306,#2307));
#689=EDGE_LOOP('',(#2308));
#690=EDGE_LOOP('',(#2309,#2310,#2311,#2312,#2313));
#691=EDGE_LOOP('',(#2314));
#692=EDGE_LOOP('',(#2315,#2316,#2317,#2318,#2319));
#693=EDGE_LOOP('',(#2320));
#694=EDGE_LOOP('',(#2321,#2322,#2323,#2324,#2325));
#695=EDGE_LOOP('',(#2326));
#696=EDGE_LOOP('',(#2327,#2328,#2329,#2330));
#697=EDGE_LOOP('',(#2331));
#698=EDGE_LOOP('',(#2332));
#699=EDGE_LOOP('',(#2333,#2334,#2335,#2336,#2337,#2338,#2339,#2340,#2341));
#700=EDGE_LOOP('',(#2342,#2343));
#701=EDGE_LOOP('',(#2344,#2345));
#702=EDGE_LOOP('',(#2346,#2347));
#703=EDGE_LOOP('',(#2348,#2349));
#704=EDGE_LOOP('',(#2350,#2351));
#705=EDGE_LOOP('',(#2352,#2353));
#706=EDGE_LOOP('',(#2354,#2355));
#707=EDGE_LOOP('',(#2356,#2357));
#708=EDGE_LOOP('',(#2358,#2359));
#709=EDGE_LOOP('',(#2360,#2361));
#710=EDGE_LOOP('',(#2362,#2363));
#711=EDGE_LOOP('',(#2364,#2365));
#712=EDGE_LOOP('',(#2366,#2367));
#713=EDGE_LOOP('',(#2368,#2369));
#714=EDGE_LOOP('',(#2370,#2371));
#715=EDGE_LOOP('',(#2372));
#716=EDGE_LOOP('',(#2373));
#717=EDGE_LOOP('',(#2374,#2375,#2376,#2377));
#718=EDGE_LOOP('',(#2378));
#719=EDGE_LOOP('',(#2379));
#720=EDGE_LOOP('',(#2380,#2381,#2382,#2383));
#721=EDGE_LOOP('',(#2384));
#722=EDGE_LOOP('',(#2385));
#723=EDGE_LOOP('',(#2386,#2387,#2388,#2389));
#724=EDGE_LOOP('',(#2390));
#725=EDGE_LOOP('',(#2391));
#726=EDGE_LOOP('',(#2392,#2393,#2394,#2395));
#727=EDGE_LOOP('',(#2396));
#728=EDGE_LOOP('',(#2397));
#729=EDGE_LOOP('',(#2398,#2399,#2400,#2401));
#730=EDGE_LOOP('',(#2402,#2403,#2404,#2405));
#731=EDGE_LOOP('',(#2406,#2407,#2408,#2409));
#732=EDGE_LOOP('',(#2410,#2411,#2412,#2413,#2414));
#733=EDGE_LOOP('',(#2415,#2416,#2417,#2418));
#734=EDGE_LOOP('',(#2419,#2420,#2421,#2422));
#735=EDGE_LOOP('',(#2423));
#736=EDGE_LOOP('',(#2424));
#737=EDGE_LOOP('',(#2425));
#738=EDGE_LOOP('',(#2426));
#739=EDGE_LOOP('',(#2427));
#740=EDGE_LOOP('',(#2428));
#741=EDGE_LOOP('',(#2429));
#742=EDGE_LOOP('',(#2430));
#743=EDGE_LOOP('',(#2431));
#744=EDGE_LOOP('',(#2432));
#745=EDGE_LOOP('',(#2433));
#746=EDGE_LOOP('',(#2434));
#747=EDGE_LOOP('',(#2435,#2436,#2437,#2438));
#748=EDGE_LOOP('',(#2439,#2440,#2441,#2442));
#749=EDGE_LOOP('',(#2443,#2444,#2445,#2446));
#750=EDGE_LOOP('',(#2447,#2448,#2449,#2450));
#751=EDGE_LOOP('',(#2451,#2452,#2453,#2454));
#752=EDGE_LOOP('',(#2455,#2456,#2457,#2458));
#753=EDGE_LOOP('',(#2459,#2460,#2461,#2462));
#754=EDGE_LOOP('',(#2463,#2464,#2465,#2466));
#755=EDGE_LOOP('',(#2467,#2468,#2469,#2470));
#756=EDGE_LOOP('',(#2471,#2472,#2473,#2474));
#757=EDGE_LOOP('',(#2475));
#758=EDGE_LOOP('',(#2476));
#759=EDGE_LOOP('',(#2477));
#760=EDGE_LOOP('',(#2478));
#761=EDGE_LOOP('',(#2479));
#762=EDGE_LOOP('',(#2480));
#763=EDGE_LOOP('',(#2481,#2482,#2483,#2484,#2485));
#764=EDGE_LOOP('',(#2486));
#765=EDGE_LOOP('',(#2487));
#766=EDGE_LOOP('',(#2488,#2489,#2490,#2491));
#767=EDGE_LOOP('',(#2492));
#768=EDGE_LOOP('',(#2493));
#769=EDGE_LOOP('',(#2494,#2495,#2496,#2497,#2498));
#770=EDGE_LOOP('',(#2499,#2500,#2501,#2502,#2503));
#771=EDGE_LOOP('',(#2504,#2505,#2506,#2507));
#772=EDGE_LOOP('',(#2508,#2509));
#773=EDGE_LOOP('',(#2510,#2511,#2512,#2513));
#774=EDGE_LOOP('',(#2514));
#775=EDGE_LOOP('',(#2515));
#776=EDGE_LOOP('',(#2516,#2517,#2518,#2519));
#777=EDGE_LOOP('',(#2520));
#778=EDGE_LOOP('',(#2521));
#779=EDGE_LOOP('',(#2522,#2523,#2524,#2525));
#780=EDGE_LOOP('',(#2526,#2527));
#781=EDGE_LOOP('',(#2528));
#782=EDGE_LOOP('',(#2529));
#783=EDGE_LOOP('',(#2530));
#784=EDGE_LOOP('',(#2531));
#785=EDGE_LOOP('',(#2532));
#786=EDGE_LOOP('',(#2533));
#787=EDGE_LOOP('',(#2534));
#788=EDGE_LOOP('',(#2535));
#789=EDGE_LOOP('',(#2536));
#790=EDGE_LOOP('',(#2537));
#791=EDGE_LOOP('',(#2538,#2539,#2540,#2541));
#792=EDGE_LOOP('',(#2542,#2543));
#793=EDGE_LOOP('',(#2544));
#794=EDGE_LOOP('',(#2545));
#795=EDGE_LOOP('',(#2546,#2547,#2548,#2549));
#796=EDGE_LOOP('',(#2550));
#797=EDGE_LOOP('',(#2551));
#798=EDGE_LOOP('',(#2552,#2553,#2554,#2555));
#799=EDGE_LOOP('',(#2556,#2557));
#800=EDGE_LOOP('',(#2558,#2559,#2560,#2561));
#801=EDGE_LOOP('',(#2562,#2563,#2564,#2565));
#802=EDGE_LOOP('',(#2566));
#803=EDGE_LOOP('',(#2567));
#804=EDGE_LOOP('',(#2568));
#805=EDGE_LOOP('',(#2569));
#806=EDGE_LOOP('',(#2570));
#807=EDGE_LOOP('',(#2571));
#808=EDGE_LOOP('',(#2572));
#809=EDGE_LOOP('',(#2573));
#810=EDGE_LOOP('',(#2574));
#811=EDGE_LOOP('',(#2575));
#812=EDGE_LOOP('',(#2576));
#813=EDGE_LOOP('',(#2577));
#814=EDGE_LOOP('',(#2578,#2579,#2580,#2581));
#815=EDGE_LOOP('',(#2582,#2583,#2584,#2585));
#816=EDGE_LOOP('',(#2586,#2587,#2588,#2589));
#817=EDGE_LOOP('',(#2590,#2591,#2592,#2593));
#818=EDGE_LOOP('',(#2594,#2595,#2596,#2597));
#819=EDGE_LOOP('',(#2598,#2599,#2600,#2601));
#820=EDGE_LOOP('',(#2602,#2603,#2604,#2605));
#821=EDGE_LOOP('',(#2606,#2607,#2608,#2609));
#822=EDGE_LOOP('',(#2610,#2611,#2612,#2613,#2614,#2615));
#823=EDGE_LOOP('',(#2616,#2617,#2618,#2619,#2620,#2621));
#824=EDGE_LOOP('',(#2622,#2623,#2624,#2625,#2626,#2627));
#825=EDGE_LOOP('',(#2628,#2629,#2630,#2631,#2632,#2633));
#826=EDGE_LOOP('',(#2634,#2635,#2636,#2637,#2638,#2639));
#827=EDGE_LOOP('',(#2640,#2641,#2642,#2643,#2644,#2645));
#828=EDGE_LOOP('',(#2646,#2647,#2648,#2649,#2650,#2651));
#829=EDGE_LOOP('',(#2652,#2653,#2654,#2655,#2656,#2657));
#830=EDGE_LOOP('',(#2658,#2659,#2660,#2661,#2662,#2663));
#831=EDGE_LOOP('',(#2664,#2665,#2666,#2667,#2668,#2669));
#832=EDGE_LOOP('',(#2670,#2671,#2672,#2673,#2674,#2675));
#833=EDGE_LOOP('',(#2676,#2677,#2678,#2679,#2680,#2681,#2682,#2683));
#834=EDGE_LOOP('',(#2684,#2685,#2686,#2687,#2688,#2689));
#835=EDGE_LOOP('',(#2690,#2691,#2692,#2693,#2694,#2695));
#836=EDGE_LOOP('',(#2696,#2697,#2698,#2699,#2700,#2701));
#837=EDGE_LOOP('',(#2702,#2703,#2704,#2705,#2706,#2707));
#838=EDGE_LOOP('',(#2708,#2709,#2710,#2711));
#839=EDGE_LOOP('',(#2712));
#840=EDGE_LOOP('',(#2713));
#841=EDGE_LOOP('',(#2714,#2715,#2716,#2717));
#842=EDGE_LOOP('',(#2718));
#843=EDGE_LOOP('',(#2719));
#844=EDGE_LOOP('',(#2720));
#845=EDGE_LOOP('',(#2721));
#846=EDGE_LOOP('',(#2722));
#847=EDGE_LOOP('',(#2723));
#848=EDGE_LOOP('',(#2724));
#849=EDGE_LOOP('',(#2725));
#850=EDGE_LOOP('',(#2726));
#851=EDGE_LOOP('',(#2727));
#852=EDGE_LOOP('',(#2728,#2729,#2730,#2731,#2732,#2733,#2734,#2735,#2736));
#853=EDGE_LOOP('',(#2737,#2738));
#854=EDGE_LOOP('',(#2739,#2740));
#855=EDGE_LOOP('',(#2741,#2742));
#856=EDGE_LOOP('',(#2743,#2744));
#857=EDGE_LOOP('',(#2745,#2746));
#858=EDGE_LOOP('',(#2747,#2748));
#859=EDGE_LOOP('',(#2749,#2750));
#860=EDGE_LOOP('',(#2751,#2752));
#861=EDGE_LOOP('',(#2753,#2754));
#862=EDGE_LOOP('',(#2755,#2756));
#863=EDGE_LOOP('',(#2757,#2758));
#864=EDGE_LOOP('',(#2759,#2760));
#865=EDGE_LOOP('',(#2761,#2762));
#866=EDGE_LOOP('',(#2763,#2764));
#867=EDGE_LOOP('',(#2765,#2766));
#868=EDGE_LOOP('',(#2767));
#869=EDGE_LOOP('',(#2768));
#870=EDGE_LOOP('',(#2769,#2770,#2771,#2772,#2773,#2774,#2775,#2776,#2777));
#871=EDGE_LOOP('',(#2778,#2779));
#872=EDGE_LOOP('',(#2780,#2781));
#873=EDGE_LOOP('',(#2782,#2783));
#874=EDGE_LOOP('',(#2784,#2785));
#875=EDGE_LOOP('',(#2786,#2787));
#876=EDGE_LOOP('',(#2788,#2789));
#877=EDGE_LOOP('',(#2790,#2791));
#878=EDGE_LOOP('',(#2792,#2793));
#879=EDGE_LOOP('',(#2794,#2795));
#880=EDGE_LOOP('',(#2796,#2797));
#881=EDGE_LOOP('',(#2798,#2799));
#882=EDGE_LOOP('',(#2800,#2801));
#883=EDGE_LOOP('',(#2802,#2803));
#884=EDGE_LOOP('',(#2804,#2805));
#885=EDGE_LOOP('',(#2806,#2807));
#886=EDGE_LOOP('',(#2808));
#887=EDGE_LOOP('',(#2809));
#888=LINE('',#4378,#1009);
#889=LINE('',#4384,#1010);
#890=LINE('',#4394,#1011);
#891=LINE('',#4400,#1012);
#892=LINE('',#4406,#1013);
#893=LINE('',#4412,#1014);
#894=LINE('',#4418,#1015);
#895=LINE('',#4424,#1016);
#896=LINE('',#4430,#1017);
#897=LINE('',#4436,#1018);
#898=LINE('',#4442,#1019);
#899=LINE('',#4448,#1020);
#900=LINE('',#4457,#1021);
#901=LINE('',#4463,#1022);
#902=LINE('',#4469,#1023);
#903=LINE('',#4481,#1024);
#904=LINE('',#4484,#1025);
#905=LINE('',#4487,#1026);
#906=LINE('',#4493,#1027);
#907=LINE('',#4502,#1028);
#908=LINE('',#4508,#1029);
#909=LINE('',#4532,#1030);
#910=LINE('',#4536,#1031);
#911=LINE('',#4540,#1032);
#912=LINE('',#4544,#1033);
#913=LINE('',#4548,#1034);
#914=LINE('',#4552,#1035);
#915=LINE('',#4556,#1036);
#916=LINE('',#4560,#1037);
#917=LINE('',#4564,#1038);
#918=LINE('',#4570,#1039);
#919=LINE('',#4580,#1040);
#920=LINE('',#4589,#1041);
#921=LINE('',#4601,#1042);
#922=LINE('',#4607,#1043);
#923=LINE('',#4610,#1044);
#924=LINE('',#4616,#1045);
#925=LINE('',#4622,#1046);
#926=LINE('',#4625,#1047);
#927=LINE('',#4666,#1048);
#928=LINE('',#4709,#1049);
#929=LINE('',#4752,#1050);
#930=LINE('',#4795,#1051);
#931=LINE('',#4838,#1052);
#932=LINE('',#4881,#1053);
#933=LINE('',#4924,#1054);
#934=LINE('',#4967,#1055);
#935=LINE('',#5010,#1056);
#936=LINE('',#5053,#1057);
#937=LINE('',#5096,#1058);
#938=LINE('',#5124,#1059);
#939=LINE('',#5185,#1060);
#940=LINE('',#5228,#1061);
#941=LINE('',#5271,#1062);
#942=LINE('',#5314,#1063);
#943=LINE('',#5321,#1064);
#944=LINE('',#5329,#1065);
#945=LINE('',#5330,#1066);
#946=LINE('',#5337,#1067);
#947=LINE('',#5343,#1068);
#948=LINE('',#5349,#1069);
#949=LINE('',#5356,#1070);
#950=LINE('',#5362,#1071);
#951=LINE('',#5366,#1072);
#952=LINE('',#5369,#1073);
#953=LINE('',#5411,#1074);
#954=LINE('',#5417,#1075);
#955=LINE('',#5423,#1076);
#956=LINE('',#5448,#1077);
#957=LINE('',#5452,#1078);
#958=LINE('',#5456,#1079);
#959=LINE('',#5460,#1080);
#960=LINE('',#5464,#1081);
#961=LINE('',#5468,#1082);
#962=LINE('',#5472,#1083);
#963=LINE('',#5476,#1084);
#964=LINE('',#5481,#1085);
#965=LINE('',#5487,#1086);
#966=LINE('',#5536,#1087);
#967=LINE('',#5543,#1088);
#968=LINE('',#5550,#1089);
#969=LINE('',#5590,#1090);
#970=LINE('',#5632,#1091);
#971=LINE('',#5636,#1092);
#972=LINE('',#5644,#1093);
#973=LINE('',#5649,#1094);
#974=LINE('',#5656,#1095);
#975=LINE('',#5662,#1096);
#976=LINE('',#5666,#1097);
#977=LINE('',#5672,#1098);
#978=LINE('',#5678,#1099);
#979=LINE('',#5703,#1100);
#980=LINE('',#5707,#1101);
#981=LINE('',#5711,#1102);
#982=LINE('',#5715,#1103);
#983=LINE('',#5719,#1104);
#984=LINE('',#5723,#1105);
#985=LINE('',#5727,#1106);
#986=LINE('',#5731,#1107);
#987=LINE('',#5772,#1108);
#988=LINE('',#5850,#1109);
#989=LINE('',#5928,#1110);
#990=LINE('',#6006,#1111);
#991=LINE('',#6084,#1112);
#992=LINE('',#6162,#1113);
#993=LINE('',#6240,#1114);
#994=LINE('',#6318,#1115);
#995=LINE('',#6396,#1116);
#996=LINE('',#6474,#1117);
#997=LINE('',#6552,#1118);
#998=LINE('',#6615,#1119);
#999=LINE('',#6714,#1120);
#1000=LINE('',#6792,#1121);
#1001=LINE('',#6870,#1122);
#1002=LINE('',#6948,#1123);
#1003=LINE('',#6990,#1124);
#1004=LINE('',#6996,#1125);
#1005=LINE('',#7003,#1126);
#1006=LINE('',#7004,#1127);
#1007=LINE('',#7009,#1128);
#1008=LINE('',#7011,#1129);
#1009=VECTOR('',#3531,8.75);
#1010=VECTOR('',#3538,10.25);
#1011=VECTOR('',#3551,70.);
#1012=VECTOR('',#3558,5.);
#1013=VECTOR('',#3565,5.);
#1014=VECTOR('',#3572,5.);
#1015=VECTOR('',#3579,5.);
#1016=VECTOR('',#3586,5.);
#1017=VECTOR('',#3593,5.);
#1018=VECTOR('',#3600,5.);
#1019=VECTOR('',#3607,5.);
#1020=VECTOR('',#3614,5.);
#1021=VECTOR('',#3625,1.);
#1022=VECTOR('',#3632,1.);
#1023=VECTOR('',#3639,7.);
#1024=VECTOR('',#3656,7.);
#1025=VECTOR('',#3659,4.);
#1026=VECTOR('',#3664,12.);
#1027=VECTOR('',#3671,2.);
#1028=VECTOR('',#3684,35.);
#1029=VECTOR('',#3691,39.6);
#1030=VECTOR('',#3718,70.);
#1031=VECTOR('',#3723,5.);
#1032=VECTOR('',#3728,5.);
#1033=VECTOR('',#3733,5.);
#1034=VECTOR('',#3738,5.);
#1035=VECTOR('',#3743,5.);
#1036=VECTOR('',#3748,5.);
#1037=VECTOR('',#3753,5.);
#1038=VECTOR('',#3758,5.);
#1039=VECTOR('',#3765,8.00000011920929);
#1040=VECTOR('',#3778,5.);
#1041=VECTOR('',#3789,4.);
#1042=VECTOR('',#3804,28.);
#1043=VECTOR('',#3813,20.);
#1044=VECTOR('',#3818,7.00000010430813);
#1045=VECTOR('',#3825,11.8537790708081);
#1046=VECTOR('',#3832,24.499999741558);
#1047=VECTOR('',#3837,11.0000003324822);
#1048=VECTOR('',#3840,1.99999999999999);
#1049=VECTOR('',#3847,1.99999999999999);
#1050=VECTOR('',#3854,1.99999999999999);
#1051=VECTOR('',#3861,1.99999999999999);
#1052=VECTOR('',#3868,1.99999999999999);
#1053=VECTOR('',#3875,1.99999999999999);
#1054=VECTOR('',#3882,1.99999999999999);
#1055=VECTOR('',#3889,1.99999999999999);
#1056=VECTOR('',#3896,1.99999999999999);
#1057=VECTOR('',#3903,1.99999999999999);
#1058=VECTOR('',#3910,1.99999999999999);
#1059=VECTOR('',#3917,1.99999999999999);
#1060=VECTOR('',#3924,1.99999999999999);
#1061=VECTOR('',#3931,1.99999999999999);
#1062=VECTOR('',#3938,1.99999999999999);
#1063=VECTOR('',#3945,1.99999999999999);
#1064=VECTOR('',#3954,30.);
#1065=VECTOR('',#3965,34.5);
#1066=VECTOR('',#3966,34.5);
#1067=VECTOR('',#3975,35.500000551343);
#1068=VECTOR('',#3982,37.000000551343);
#1069=VECTOR('',#3991,38.);
#1070=VECTOR('',#4000,28.6);
#1071=VECTOR('',#4007,8.53378812471323);
#1072=VECTOR('',#4012,7.);
#1073=VECTOR('',#4017,18.5);
#1074=VECTOR('',#4022,11.0000001639128);
#1075=VECTOR('',#4029,45.5);
#1076=VECTOR('',#4036,47.);
#1077=VECTOR('',#4065,5.);
#1078=VECTOR('',#4070,5.);
#1079=VECTOR('',#4075,5.);
#1080=VECTOR('',#4080,5.);
#1081=VECTOR('',#4085,5.);
#1082=VECTOR('',#4090,5.);
#1083=VECTOR('',#4095,5.);
#1084=VECTOR('',#4100,5.);
#1085=VECTOR('',#4105,20.0000002980232);
#1086=VECTOR('',#4112,24.6000002980232);
#1087=VECTOR('',#4127,5.);
#1088=VECTOR('',#4136,5.00000007450581);
#1089=VECTOR('',#4145,3.99999999999999);
#1090=VECTOR('',#4148,4.00000005960464);
#1091=VECTOR('',#4153,42.0000005960464);
#1092=VECTOR('',#4158,35.2999999783933);
#1093=VECTOR('',#4169,28.6);
#1094=VECTOR('',#4176,70.);
#1095=VECTOR('',#4185,48.);
#1096=VECTOR('',#4192,18.);
#1097=VECTOR('',#4199,40.);
#1098=VECTOR('',#4206,35.);
#1099=VECTOR('',#4213,39.6);
#1100=VECTOR('',#4242,5.);
#1101=VECTOR('',#4247,5.);
#1102=VECTOR('',#4252,5.);
#1103=VECTOR('',#4257,5.);
#1104=VECTOR('',#4262,5.);
#1105=VECTOR('',#4267,5.);
#1106=VECTOR('',#4272,5.);
#1107=VECTOR('',#4277,5.);
#1108=VECTOR('',#4280,1.99999999999999);
#1109=VECTOR('',#4283,1.99999999999999);
#1110=VECTOR('',#4286,1.99999999999999);
#1111=VECTOR('',#4289,1.99999999999999);
#1112=VECTOR('',#4292,1.99999999999999);
#1113=VECTOR('',#4295,1.99999999999999);
#1114=VECTOR('',#4298,1.99999999999999);
#1115=VECTOR('',#4301,1.99999999999999);
#1116=VECTOR('',#4304,1.99999999999999);
#1117=VECTOR('',#4307,1.99999999999999);
#1118=VECTOR('',#4310,1.99999999999999);
#1119=VECTOR('',#4313,1.99999999999999);
#1120=VECTOR('',#4316,1.99999999999999);
#1121=VECTOR('',#4319,1.99999999999999);
#1122=VECTOR('',#4322,1.99999999999999);
#1123=VECTOR('',#4325,1.99999999999999);
#1124=VECTOR('',#4330,30.);
#1125=VECTOR('',#4339,70.);
#1126=VECTOR('',#4348,38.);
#1127=VECTOR('',#4349,38.);
#1128=VECTOR('',#4356,34.5);
#1129=VECTOR('',#4357,34.5);
#1130=CIRCLE('',#3162,8.75);
#1131=CIRCLE('',#3163,8.75);
#1132=CIRCLE('',#3165,10.25);
#1133=CIRCLE('',#3166,10.25);
#1134=CIRCLE('',#3169,12.);
#1135=CIRCLE('',#3171,70.);
#1136=CIRCLE('',#3172,70.);
#1137=CIRCLE('',#3174,5.);
#1138=CIRCLE('',#3175,5.);
#1139=CIRCLE('',#3177,5.);
#1140=CIRCLE('',#3178,5.);
#1141=CIRCLE('',#3180,5.);
#1142=CIRCLE('',#3181,5.);
#1143=CIRCLE('',#3183,5.);
#1144=CIRCLE('',#3184,5.);
#1145=CIRCLE('',#3186,5.);
#1146=CIRCLE('',#3187,5.);
#1147=CIRCLE('',#3189,5.);
#1148=CIRCLE('',#3190,5.);
#1149=CIRCLE('',#3192,5.);
#1150=CIRCLE('',#3193,5.);
#1151=CIRCLE('',#3195,5.);
#1152=CIRCLE('',#3196,5.);
#1153=CIRCLE('',#3198,5.);
#1154=CIRCLE('',#3199,5.);
#1155=CIRCLE('',#3201,4.);
#1156=CIRCLE('',#3203,1.);
#1157=CIRCLE('',#3204,1.);
#1158=CIRCLE('',#3206,1.);
#1159=CIRCLE('',#3207,1.);
#1160=CIRCLE('',#3209,7.);
#1161=CIRCLE('',#3210,7.);
#1162=CIRCLE('',#3214,12.);
#1163=CIRCLE('',#3215,7.);
#1164=CIRCLE('',#3217,7.);
#1165=CIRCLE('',#3219,4.);
#1166=CIRCLE('',#3223,2.);
#1167=CIRCLE('',#3224,2.);
#1168=CIRCLE('',#3229,35.);
#1169=CIRCLE('',#3230,35.);
#1170=CIRCLE('',#3232,39.6);
#1171=CIRCLE('',#3233,39.6);
#1172=CIRCLE('',#3236,70.);
#1173=CIRCLE('',#3237,5.);
#1174=CIRCLE('',#3238,5.);
#1175=CIRCLE('',#3239,5.);
#1176=CIRCLE('',#3240,5.);
#1177=CIRCLE('',#3241,5.);
#1178=CIRCLE('',#3242,5.);
#1179=CIRCLE('',#3243,5.);
#1180=CIRCLE('',#3244,5.);
#1181=CIRCLE('',#3246,70.);
#1182=CIRCLE('',#3248,5.);
#1183=CIRCLE('',#3250,5.);
#1184=CIRCLE('',#3252,5.);
#1185=CIRCLE('',#3254,5.);
#1186=CIRCLE('',#3256,5.);
#1187=CIRCLE('',#3258,5.);
#1188=CIRCLE('',#3260,5.);
#1189=CIRCLE('',#3262,5.);
#1190=CIRCLE('',#3264,8.00000011920929);
#1191=CIRCLE('',#3265,8.00000011920929);
#1192=CIRCLE('',#3267,5.);
#1193=CIRCLE('',#3268,4.);
#1194=CIRCLE('',#3270,5.);
#1195=CIRCLE('',#3273,28.);
#1196=CIRCLE('',#3274,7.00000010430813);
#1197=CIRCLE('',#3276,4.);
#1198=CIRCLE('',#3277,4.);
#1199=CIRCLE('',#3279,20.);
#1200=CIRCLE('',#3280,20.);
#1201=CIRCLE('',#3281,7.00000010430813);
#1202=CIRCLE('',#3283,28.);
#1203=CIRCLE('',#3286,20.);
#1204=CIRCLE('',#3291,12.1378738316719);
#1205=CIRCLE('',#3292,11.0000003324822);
#1206=CIRCLE('',#3294,11.0000003324822);
#1207=CIRCLE('',#3295,37.9999991506338);
#1208=CIRCLE('',#3298,1.99999999999999);
#1209=CIRCLE('',#3301,1.99999999999999);
#1210=CIRCLE('',#3304,1.99999999999999);
#1211=CIRCLE('',#3307,1.99999999999999);
#1212=CIRCLE('',#3310,1.99999999999999);
#1213=CIRCLE('',#3313,1.99999999999999);
#1214=CIRCLE('',#3316,1.99999999999999);
#1215=CIRCLE('',#3319,1.99999999999999);
#1216=CIRCLE('',#3322,1.99999999999999);
#1217=CIRCLE('',#3325,1.99999999999999);
#1218=CIRCLE('',#3328,1.99999999999999);
#1219=CIRCLE('',#3331,1.99999999999999);
#1220=CIRCLE('',#3334,1.99999999999999);
#1221=CIRCLE('',#3337,1.99999999999999);
#1222=CIRCLE('',#3340,1.99999999999999);
#1223=CIRCLE('',#3343,1.99999999999999);
#1224=CIRCLE('',#3346,30.);
#1225=CIRCLE('',#3347,30.);
#1226=CIRCLE('',#3349,34.5);
#1227=CIRCLE('',#3351,34.5);
#1228=CIRCLE('',#3353,35.500000551343);
#1229=CIRCLE('',#3355,35.500000551343);
#1230=CIRCLE('',#3357,37.000000551343);
#1231=CIRCLE('',#3359,37.000000551343);
#1232=CIRCLE('',#3361,38.);
#1233=CIRCLE('',#3364,28.6);
#1234=CIRCLE('',#3366,28.6);
#1235=CIRCLE('',#3368,10.0675762494265);
#1236=CIRCLE('',#3370,7.);
#1237=CIRCLE('',#3372,7.);
#1238=CIRCLE('',#3376,11.0000001639128);
#1239=CIRCLE('',#3378,45.5);
#1240=CIRCLE('',#3379,45.5);
#1241=CIRCLE('',#3381,47.);
#1242=CIRCLE('',#3382,47.);
#1243=CIRCLE('',#3385,70.);
#1244=CIRCLE('',#3386,5.);
#1245=CIRCLE('',#3387,5.);
#1246=CIRCLE('',#3388,5.);
#1247=CIRCLE('',#3389,5.);
#1248=CIRCLE('',#3390,5.);
#1249=CIRCLE('',#3391,5.);
#1250=CIRCLE('',#3392,5.);
#1251=CIRCLE('',#3393,5.);
#1252=CIRCLE('',#3395,5.);
#1253=CIRCLE('',#3397,5.);
#1254=CIRCLE('',#3399,5.);
#1255=CIRCLE('',#3401,5.);
#1256=CIRCLE('',#3403,5.);
#1257=CIRCLE('',#3405,5.);
#1258=CIRCLE('',#3407,5.);
#1259=CIRCLE('',#3409,5.);
#1260=CIRCLE('',#3411,20.0000002980232);
#1261=CIRCLE('',#3412,20.0000002980232);
#1262=CIRCLE('',#3414,24.6000002980232);
#1263=CIRCLE('',#3415,24.6000002980232);
#1264=CIRCLE('',#3418,40.);
#1265=CIRCLE('',#3420,5.00000007450581);
#1266=CIRCLE('',#3422,5.);
#1267=CIRCLE('',#3424,4.00000005960464);
#1268=CIRCLE('',#3426,5.00000007450581);
#1269=CIRCLE('',#3428,3.99999999999999);
#1270=CIRCLE('',#3432,42.0000005960464);
#1271=CIRCLE('',#3433,42.0000005960464);
#1272=CIRCLE('',#3435,28.6);
#1273=CIRCLE('',#3437,40.);
#1274=CIRCLE('',#3438,28.6);
#1275=CIRCLE('',#3442,70.);
#1276=CIRCLE('',#3444,48.);
#1277=CIRCLE('',#3446,48.);
#1278=CIRCLE('',#3448,18.);
#1279=CIRCLE('',#3450,18.);
#1280=CIRCLE('',#3455,35.);
#1281=CIRCLE('',#3456,35.);
#1282=CIRCLE('',#3458,39.6);
#1283=CIRCLE('',#3459,39.6);
#1284=CIRCLE('',#3462,70.);
#1285=CIRCLE('',#3463,5.);
#1286=CIRCLE('',#3464,5.);
#1287=CIRCLE('',#3465,5.);
#1288=CIRCLE('',#3466,5.);
#1289=CIRCLE('',#3467,5.);
#1290=CIRCLE('',#3468,5.);
#1291=CIRCLE('',#3469,5.);
#1292=CIRCLE('',#3470,5.);
#1293=CIRCLE('',#3472,5.);
#1294=CIRCLE('',#3474,5.);
#1295=CIRCLE('',#3476,5.);
#1296=CIRCLE('',#3478,5.);
#1297=CIRCLE('',#3480,5.);
#1298=CIRCLE('',#3482,5.);
#1299=CIRCLE('',#3484,5.);
#1300=CIRCLE('',#3486,5.);
#1301=CIRCLE('',#3504,30.);
#1302=CIRCLE('',#3505,30.);
#1303=CIRCLE('',#3508,70.);
#1304=CIRCLE('',#3510,38.);
#1305=CIRCLE('',#3512,38.);
#1306=CIRCLE('',#3514,34.5);
#1307=CIRCLE('',#3516,34.5);
#1308=VERTEX_POINT('',#4375);
#1309=VERTEX_POINT('',#4377);
#1310=VERTEX_POINT('',#4381);
#1311=VERTEX_POINT('',#4383);
#1312=VERTEX_POINT('',#4388);
#1313=VERTEX_POINT('',#4391);
#1314=VERTEX_POINT('',#4393);
#1315=VERTEX_POINT('',#4397);
#1316=VERTEX_POINT('',#4399);
#1317=VERTEX_POINT('',#4403);
#1318=VERTEX_POINT('',#4405);
#1319=VERTEX_POINT('',#4409);
#1320=VERTEX_POINT('',#4411);
#1321=VERTEX_POINT('',#4415);
#1322=VERTEX_POINT('',#4417);
#1323=VERTEX_POINT('',#4421);
#1324=VERTEX_POINT('',#4423);
#1325=VERTEX_POINT('',#4427);
#1326=VERTEX_POINT('',#4429);
#1327=VERTEX_POINT('',#4433);
#1328=VERTEX_POINT('',#4435);
#1329=VERTEX_POINT('',#4439);
#1330=VERTEX_POINT('',#4441);
#1331=VERTEX_POINT('',#4445);
#1332=VERTEX_POINT('',#4447);
#1333=VERTEX_POINT('',#4451);
#1334=VERTEX_POINT('',#4454);
#1335=VERTEX_POINT('',#4456);
#1336=VERTEX_POINT('',#4460);
#1337=VERTEX_POINT('',#4462);
#1338=VERTEX_POINT('',#4466);
#1339=VERTEX_POINT('',#4468);
#1340=VERTEX_POINT('',#4474);
#1341=VERTEX_POINT('',#4476);
#1342=VERTEX_POINT('',#4479);
#1343=VERTEX_POINT('',#4483);
#1344=VERTEX_POINT('',#4490);
#1345=VERTEX_POINT('',#4492);
#1346=VERTEX_POINT('',#4499);
#1347=VERTEX_POINT('',#4501);
#1348=VERTEX_POINT('',#4505);
#1349=VERTEX_POINT('',#4507);
#1350=VERTEX_POINT('',#4512);
#1351=VERTEX_POINT('',#4514);
#1352=VERTEX_POINT('',#4516);
#1353=VERTEX_POINT('',#4518);
#1354=VERTEX_POINT('',#4520);
#1355=VERTEX_POINT('',#4522);
#1356=VERTEX_POINT('',#4524);
#1357=VERTEX_POINT('',#4526);
#1358=VERTEX_POINT('',#4528);
#1359=VERTEX_POINT('',#4531);
#1360=VERTEX_POINT('',#4535);
#1361=VERTEX_POINT('',#4539);
#1362=VERTEX_POINT('',#4543);
#1363=VERTEX_POINT('',#4547);
#1364=VERTEX_POINT('',#4551);
#1365=VERTEX_POINT('',#4555);
#1366=VERTEX_POINT('',#4559);
#1367=VERTEX_POINT('',#4563);
#1368=VERTEX_POINT('',#4567);
#1369=VERTEX_POINT('',#4569);
#1370=VERTEX_POINT('',#4573);
#1371=VERTEX_POINT('',#4575);
#1372=VERTEX_POINT('',#4578);
#1373=VERTEX_POINT('',#4583);
#1374=VERTEX_POINT('',#4585);
#1375=VERTEX_POINT('',#4588);
#1376=VERTEX_POINT('',#4590);
#1377=VERTEX_POINT('',#4594);
#1378=VERTEX_POINT('',#4597);
#1379=VERTEX_POINT('',#4600);
#1380=VERTEX_POINT('',#4605);
#1381=VERTEX_POINT('',#4613);
#1382=VERTEX_POINT('',#4615);
#1383=VERTEX_POINT('',#4619);
#1384=VERTEX_POINT('',#4621);
#1385=VERTEX_POINT('',#4627);
#1386=VERTEX_POINT('',#4628);
#1387=VERTEX_POINT('',#4665);
#1388=VERTEX_POINT('',#4670);
#1389=VERTEX_POINT('',#4671);
#1390=VERTEX_POINT('',#4708);
#1391=VERTEX_POINT('',#4713);
#1392=VERTEX_POINT('',#4714);
#1393=VERTEX_POINT('',#4751);
#1394=VERTEX_POINT('',#4756);
#1395=VERTEX_POINT('',#4757);
#1396=VERTEX_POINT('',#4794);
#1397=VERTEX_POINT('',#4799);
#1398=VERTEX_POINT('',#4800);
#1399=VERTEX_POINT('',#4837);
#1400=VERTEX_POINT('',#4842);
#1401=VERTEX_POINT('',#4843);
#1402=VERTEX_POINT('',#4880);
#1403=VERTEX_POINT('',#4885);
#1404=VERTEX_POINT('',#4886);
#1405=VERTEX_POINT('',#4923);
#1406=VERTEX_POINT('',#4928);
#1407=VERTEX_POINT('',#4929);
#1408=VERTEX_POINT('',#4966);
#1409=VERTEX_POINT('',#4971);
#1410=VERTEX_POINT('',#4972);
#1411=VERTEX_POINT('',#5009);
#1412=VERTEX_POINT('',#5014);
#1413=VERTEX_POINT('',#5015);
#1414=VERTEX_POINT('',#5052);
#1415=VERTEX_POINT('',#5057);
#1416=VERTEX_POINT('',#5058);
#1417=VERTEX_POINT('',#5095);
#1418=VERTEX_POINT('',#5100);
#1419=VERTEX_POINT('',#5101);
#1420=VERTEX_POINT('',#5112);
#1421=VERTEX_POINT('',#5123);
#1422=VERTEX_POINT('',#5146);
#1423=VERTEX_POINT('',#5147);
#1424=VERTEX_POINT('',#5184);
#1425=VERTEX_POINT('',#5189);
#1426=VERTEX_POINT('',#5190);
#1427=VERTEX_POINT('',#5227);
#1428=VERTEX_POINT('',#5232);
#1429=VERTEX_POINT('',#5233);
#1430=VERTEX_POINT('',#5270);
#1431=VERTEX_POINT('',#5275);
#1432=VERTEX_POINT('',#5276);
#1433=VERTEX_POINT('',#5313);
#1434=VERTEX_POINT('',#5318);
#1435=VERTEX_POINT('',#5320);
#1436=VERTEX_POINT('',#5324);
#1437=VERTEX_POINT('',#5327);
#1438=VERTEX_POINT('',#5332);
#1439=VERTEX_POINT('',#5335);
#1440=VERTEX_POINT('',#5339);
#1441=VERTEX_POINT('',#5342);
#1442=VERTEX_POINT('',#5346);
#1443=VERTEX_POINT('',#5351);
#1444=VERTEX_POINT('',#5354);
#1445=VERTEX_POINT('',#5358);
#1446=VERTEX_POINT('',#5361);
#1447=VERTEX_POINT('',#5365);
#1448=VERTEX_POINT('',#5372);
#1449=VERTEX_POINT('',#5373);
#1450=VERTEX_POINT('',#5410);
#1451=VERTEX_POINT('',#5414);
#1452=VERTEX_POINT('',#5416);
#1453=VERTEX_POINT('',#5420);
#1454=VERTEX_POINT('',#5422);
#1455=VERTEX_POINT('',#5427);
#1456=VERTEX_POINT('',#5429);
#1457=VERTEX_POINT('',#5431);
#1458=VERTEX_POINT('',#5433);
#1459=VERTEX_POINT('',#5435);
#1460=VERTEX_POINT('',#5437);
#1461=VERTEX_POINT('',#5439);
#1462=VERTEX_POINT('',#5441);
#1463=VERTEX_POINT('',#5443);
#1464=VERTEX_POINT('',#5446);
#1465=VERTEX_POINT('',#5450);
#1466=VERTEX_POINT('',#5454);
#1467=VERTEX_POINT('',#5458);
#1468=VERTEX_POINT('',#5462);
#1469=VERTEX_POINT('',#5466);
#1470=VERTEX_POINT('',#5470);
#1471=VERTEX_POINT('',#5474);
#1472=VERTEX_POINT('',#5478);
#1473=VERTEX_POINT('',#5480);
#1474=VERTEX_POINT('',#5484);
#1475=VERTEX_POINT('',#5486);
#1476=VERTEX_POINT('',#5491);
#1477=VERTEX_POINT('',#5494);
#1478=VERTEX_POINT('',#5497);
#1479=VERTEX_POINT('',#5498);
#1480=VERTEX_POINT('',#5535);
#1481=VERTEX_POINT('',#5539);
#1482=VERTEX_POINT('',#5542);
#1483=VERTEX_POINT('',#5546);
#1484=VERTEX_POINT('',#5549);
#1485=VERTEX_POINT('',#5551);
#1486=VERTEX_POINT('',#5589);
#1487=VERTEX_POINT('',#5591);
#1488=VERTEX_POINT('',#5629);
#1489=VERTEX_POINT('',#5631);
#1490=VERTEX_POINT('',#5635);
#1491=VERTEX_POINT('',#5639);
#1492=VERTEX_POINT('',#5641);
#1493=VERTEX_POINT('',#5647);
#1494=VERTEX_POINT('',#5651);
#1495=VERTEX_POINT('',#5654);
#1496=VERTEX_POINT('',#5658);
#1497=VERTEX_POINT('',#5661);
#1498=VERTEX_POINT('',#5669);
#1499=VERTEX_POINT('',#5671);
#1500=VERTEX_POINT('',#5675);
#1501=VERTEX_POINT('',#5677);
#1502=VERTEX_POINT('',#5682);
#1503=VERTEX_POINT('',#5684);
#1504=VERTEX_POINT('',#5686);
#1505=VERTEX_POINT('',#5688);
#1506=VERTEX_POINT('',#5690);
#1507=VERTEX_POINT('',#5692);
#1508=VERTEX_POINT('',#5694);
#1509=VERTEX_POINT('',#5696);
#1510=VERTEX_POINT('',#5698);
#1511=VERTEX_POINT('',#5701);
#1512=VERTEX_POINT('',#5705);
#1513=VERTEX_POINT('',#5709);
#1514=VERTEX_POINT('',#5713);
#1515=VERTEX_POINT('',#5717);
#1516=VERTEX_POINT('',#5721);
#1517=VERTEX_POINT('',#5725);
#1518=VERTEX_POINT('',#5729);
#1519=VERTEX_POINT('',#5733);
#1520=VERTEX_POINT('',#5734);
#1521=VERTEX_POINT('',#5771);
#1522=VERTEX_POINT('',#5773);
#1523=VERTEX_POINT('',#5811);
#1524=VERTEX_POINT('',#5812);
#1525=VERTEX_POINT('',#5849);
#1526=VERTEX_POINT('',#5851);
#1527=VERTEX_POINT('',#5889);
#1528=VERTEX_POINT('',#5890);
#1529=VERTEX_POINT('',#5927);
#1530=VERTEX_POINT('',#5929);
#1531=VERTEX_POINT('',#5967);
#1532=VERTEX_POINT('',#5968);
#1533=VERTEX_POINT('',#6005);
#1534=VERTEX_POINT('',#6007);
#1535=VERTEX_POINT('',#6045);
#1536=VERTEX_POINT('',#6046);
#1537=VERTEX_POINT('',#6083);
#1538=VERTEX_POINT('',#6085);
#1539=VERTEX_POINT('',#6123);
#1540=VERTEX_POINT('',#6124);
#1541=VERTEX_POINT('',#6161);
#1542=VERTEX_POINT('',#6163);
#1543=VERTEX_POINT('',#6201);
#1544=VERTEX_POINT('',#6202);
#1545=VERTEX_POINT('',#6239);
#1546=VERTEX_POINT('',#6241);
#1547=VERTEX_POINT('',#6279);
#1548=VERTEX_POINT('',#6280);
#1549=VERTEX_POINT('',#6317);
#1550=VERTEX_POINT('',#6319);
#1551=VERTEX_POINT('',#6357);
#1552=VERTEX_POINT('',#6358);
#1553=VERTEX_POINT('',#6395);
#1554=VERTEX_POINT('',#6397);
#1555=VERTEX_POINT('',#6435);
#1556=VERTEX_POINT('',#6436);
#1557=VERTEX_POINT('',#6473);
#1558=VERTEX_POINT('',#6475);
#1559=VERTEX_POINT('',#6513);
#1560=VERTEX_POINT('',#6514);
#1561=VERTEX_POINT('',#6551);
#1562=VERTEX_POINT('',#6553);
#1563=VERTEX_POINT('',#6591);
#1564=VERTEX_POINT('',#6592);
#1565=VERTEX_POINT('',#6603);
#1566=VERTEX_POINT('',#6614);
#1567=VERTEX_POINT('',#6616);
#1568=VERTEX_POINT('',#6627);
#1569=VERTEX_POINT('',#6675);
#1570=VERTEX_POINT('',#6676);
#1571=VERTEX_POINT('',#6713);
#1572=VERTEX_POINT('',#6715);
#1573=VERTEX_POINT('',#6753);
#1574=VERTEX_POINT('',#6754);
#1575=VERTEX_POINT('',#6791);
#1576=VERTEX_POINT('',#6793);
#1577=VERTEX_POINT('',#6831);
#1578=VERTEX_POINT('',#6832);
#1579=VERTEX_POINT('',#6869);
#1580=VERTEX_POINT('',#6871);
#1581=VERTEX_POINT('',#6909);
#1582=VERTEX_POINT('',#6910);
#1583=VERTEX_POINT('',#6947);
#1584=VERTEX_POINT('',#6949);
#1585=VERTEX_POINT('',#6987);
#1586=VERTEX_POINT('',#6989);
#1587=VERTEX_POINT('',#6994);
#1588=VERTEX_POINT('',#6998);
#1589=VERTEX_POINT('',#7001);
#1590=VERTEX_POINT('',#7006);
#1591=VERTEX_POINT('',#7010);
#1592=EDGE_CURVE('',#1308,#1308,#1130,.T.);
#1593=EDGE_CURVE('',#1308,#1309,#888,.T.);
#1594=EDGE_CURVE('',#1309,#1309,#1131,.T.);
#1595=EDGE_CURVE('',#1310,#1310,#1132,.T.);
#1596=EDGE_CURVE('',#1310,#1311,#889,.T.);
#1597=EDGE_CURVE('',#1311,#1311,#1133,.T.);
#1598=EDGE_CURVE('',#1312,#1312,#1134,.T.);
#1599=EDGE_CURVE('',#1313,#1313,#1135,.T.);
#1600=EDGE_CURVE('',#1313,#1314,#890,.T.);
#1601=EDGE_CURVE('',#1314,#1314,#1136,.T.);
#1602=EDGE_CURVE('',#1315,#1315,#1137,.T.);
#1603=EDGE_CURVE('',#1315,#1316,#891,.T.);
#1604=EDGE_CURVE('',#1316,#1316,#1138,.T.);
#1605=EDGE_CURVE('',#1317,#1317,#1139,.T.);
#1606=EDGE_CURVE('',#1317,#1318,#892,.T.);
#1607=EDGE_CURVE('',#1318,#1318,#1140,.T.);
#1608=EDGE_CURVE('',#1319,#1319,#1141,.T.);
#1609=EDGE_CURVE('',#1319,#1320,#893,.T.);
#1610=EDGE_CURVE('',#1320,#1320,#1142,.T.);
#1611=EDGE_CURVE('',#1321,#1321,#1143,.T.);
#1612=EDGE_CURVE('',#1321,#1322,#894,.T.);
#1613=EDGE_CURVE('',#1322,#1322,#1144,.T.);
#1614=EDGE_CURVE('',#1323,#1323,#1145,.T.);
#1615=EDGE_CURVE('',#1323,#1324,#895,.T.);
#1616=EDGE_CURVE('',#1324,#1324,#1146,.T.);
#1617=EDGE_CURVE('',#1325,#1325,#1147,.T.);
#1618=EDGE_CURVE('',#1325,#1326,#896,.T.);
#1619=EDGE_CURVE('',#1326,#1326,#1148,.T.);
#1620=EDGE_CURVE('',#1327,#1327,#1149,.T.);
#1621=EDGE_CURVE('',#1327,#1328,#897,.T.);
#1622=EDGE_CURVE('',#1328,#1328,#1150,.T.);
#1623=EDGE_CURVE('',#1329,#1329,#1151,.T.);
#1624=EDGE_CURVE('',#1329,#1330,#898,.T.);
#1625=EDGE_CURVE('',#1330,#1330,#1152,.T.);
#1626=EDGE_CURVE('',#1331,#1331,#1153,.T.);
#1627=EDGE_CURVE('',#1331,#1332,#899,.T.);
#1628=EDGE_CURVE('',#1332,#1332,#1154,.T.);
#1629=EDGE_CURVE('',#1333,#1333,#1155,.T.);
#1630=EDGE_CURVE('',#1334,#1334,#1156,.T.);
#1631=EDGE_CURVE('',#1334,#1335,#900,.T.);
#1632=EDGE_CURVE('',#1335,#1335,#1157,.T.);
#1633=EDGE_CURVE('',#1336,#1336,#1158,.T.);
#1634=EDGE_CURVE('',#1336,#1337,#901,.T.);
#1635=EDGE_CURVE('',#1337,#1337,#1159,.T.);
#1636=EDGE_CURVE('',#1338,#1338,#1160,.T.);
#1637=EDGE_CURVE('',#1338,#1339,#902,.T.);
#1638=EDGE_CURVE('',#1339,#1339,#1161,.T.);
#1639=EDGE_CURVE('',#1340,#1340,#1162,.T.);
#1640=EDGE_CURVE('',#1341,#1341,#1163,.T.);
#1641=EDGE_CURVE('',#1342,#1342,#1164,.T.);
#1642=EDGE_CURVE('',#1342,#1341,#903,.T.);
#1643=EDGE_CURVE('',#1333,#1343,#904,.T.);
#1644=EDGE_CURVE('',#1343,#1343,#1165,.T.);
#1645=EDGE_CURVE('',#1312,#1340,#905,.T.);
#1646=EDGE_CURVE('',#1344,#1344,#1166,.T.);
#1647=EDGE_CURVE('',#1344,#1345,#906,.T.);
#1648=EDGE_CURVE('',#1345,#1345,#1167,.T.);
#1649=EDGE_CURVE('',#1346,#1346,#1168,.T.);
#1650=EDGE_CURVE('',#1346,#1347,#907,.T.);
#1651=EDGE_CURVE('',#1347,#1347,#1169,.T.);
#1652=EDGE_CURVE('',#1348,#1348,#1170,.T.);
#1653=EDGE_CURVE('',#1348,#1349,#908,.T.);
#1654=EDGE_CURVE('',#1349,#1349,#1171,.T.);
#1655=EDGE_CURVE('',#1350,#1350,#1172,.T.);
#1656=EDGE_CURVE('',#1351,#1351,#1173,.T.);
#1657=EDGE_CURVE('',#1352,#1352,#1174,.T.);
#1658=EDGE_CURVE('',#1353,#1353,#1175,.T.);
#1659=EDGE_CURVE('',#1354,#1354,#1176,.T.);
#1660=EDGE_CURVE('',#1355,#1355,#1177,.T.);
#1661=EDGE_CURVE('',#1356,#1356,#1178,.T.);
#1662=EDGE_CURVE('',#1357,#1357,#1179,.T.);
#1663=EDGE_CURVE('',#1358,#1358,#1180,.T.);
#1664=EDGE_CURVE('',#1350,#1359,#909,.T.);
#1665=EDGE_CURVE('',#1359,#1359,#1181,.T.);
#1666=EDGE_CURVE('',#1358,#1360,#910,.T.);
#1667=EDGE_CURVE('',#1360,#1360,#1182,.T.);
#1668=EDGE_CURVE('',#1357,#1361,#911,.T.);
#1669=EDGE_CURVE('',#1361,#1361,#1183,.T.);
#1670=EDGE_CURVE('',#1356,#1362,#912,.T.);
#1671=EDGE_CURVE('',#1362,#1362,#1184,.T.);
#1672=EDGE_CURVE('',#1355,#1363,#913,.T.);
#1673=EDGE_CURVE('',#1363,#1363,#1185,.T.);
#1674=EDGE_CURVE('',#1354,#1364,#914,.T.);
#1675=EDGE_CURVE('',#1364,#1364,#1186,.T.);
#1676=EDGE_CURVE('',#1353,#1365,#915,.T.);
#1677=EDGE_CURVE('',#1365,#1365,#1187,.T.);
#1678=EDGE_CURVE('',#1352,#1366,#916,.T.);
#1679=EDGE_CURVE('',#1366,#1366,#1188,.T.);
#1680=EDGE_CURVE('',#1351,#1367,#917,.T.);
#1681=EDGE_CURVE('',#1367,#1367,#1189,.T.);
#1682=EDGE_CURVE('',#1368,#1368,#1190,.T.);
#1683=EDGE_CURVE('',#1368,#1369,#918,.T.);
#1684=EDGE_CURVE('',#1369,#1369,#1191,.T.);
#1685=EDGE_CURVE('',#1370,#1370,#1192,.T.);
#1686=EDGE_CURVE('',#1371,#1371,#1193,.T.);
#1687=EDGE_CURVE('',#1372,#1372,#1194,.T.);
#1688=EDGE_CURVE('',#1372,#1370,#919,.T.);
#1689=EDGE_CURVE('',#1373,#1373,#1195,.T.);
#1690=EDGE_CURVE('',#1374,#1374,#1196,.T.);
#1691=EDGE_CURVE('',#1371,#1375,#920,.T.);
#1692=EDGE_CURVE('',#1376,#1375,#1197,.T.);
#1693=EDGE_CURVE('',#1375,#1376,#1198,.T.);
#1694=EDGE_CURVE('',#1376,#1377,#1199,.T.);
#1695=EDGE_CURVE('',#1377,#1376,#1200,.T.);
#1696=EDGE_CURVE('',#1378,#1378,#1201,.T.);
#1697=EDGE_CURVE('',#1373,#1379,#921,.T.);
#1698=EDGE_CURVE('',#1379,#1379,#1202,.T.);
#1699=EDGE_CURVE('',#1380,#1380,#1203,.T.);
#1700=EDGE_CURVE('',#1380,#1377,#922,.T.);
#1701=EDGE_CURVE('',#1378,#1374,#923,.T.);
#1702=EDGE_CURVE('',#1381,#1381,#1204,.T.);
#1703=EDGE_CURVE('',#1381,#1382,#924,.T.);
#1704=EDGE_CURVE('',#1382,#1382,#1205,.T.);
#1705=EDGE_CURVE('',#1383,#1383,#1206,.T.);
#1706=EDGE_CURVE('',#1383,#1384,#925,.T.);
#1707=EDGE_CURVE('',#1384,#1384,#1207,.T.);
#1708=EDGE_CURVE('',#1382,#1383,#926,.T.);
#1709=EDGE_CURVE('',#1385,#1386,#31,.T.);
#1710=EDGE_CURVE('',#1386,#1385,#32,.T.);
#1711=EDGE_CURVE('',#1386,#1387,#927,.T.);
#1712=EDGE_CURVE('',#1387,#1387,#1208,.T.);
#1713=EDGE_CURVE('',#1388,#1389,#33,.T.);
#1714=EDGE_CURVE('',#1389,#1388,#34,.T.);
#1715=EDGE_CURVE('',#1389,#1390,#928,.T.);
#1716=EDGE_CURVE('',#1390,#1390,#1209,.T.);
#1717=EDGE_CURVE('',#1391,#1392,#35,.T.);
#1718=EDGE_CURVE('',#1392,#1391,#36,.T.);
#1719=EDGE_CURVE('',#1392,#1393,#929,.T.);
#1720=EDGE_CURVE('',#1393,#1393,#1210,.T.);
#1721=EDGE_CURVE('',#1394,#1395,#37,.T.);
#1722=EDGE_CURVE('',#1395,#1394,#38,.T.);
#1723=EDGE_CURVE('',#1395,#1396,#930,.T.);
#1724=EDGE_CURVE('',#1396,#1396,#1211,.T.);
#1725=EDGE_CURVE('',#1397,#1398,#39,.T.);
#1726=EDGE_CURVE('',#1398,#1397,#40,.T.);
#1727=EDGE_CURVE('',#1398,#1399,#931,.T.);
#1728=EDGE_CURVE('',#1399,#1399,#1212,.T.);
#1729=EDGE_CURVE('',#1400,#1401,#41,.T.);
#1730=EDGE_CURVE('',#1401,#1400,#42,.T.);
#1731=EDGE_CURVE('',#1401,#1402,#932,.T.);
#1732=EDGE_CURVE('',#1402,#1402,#1213,.T.);
#1733=EDGE_CURVE('',#1403,#1404,#43,.T.);
#1734=EDGE_CURVE('',#1404,#1403,#44,.T.);
#1735=EDGE_CURVE('',#1404,#1405,#933,.T.);
#1736=EDGE_CURVE('',#1405,#1405,#1214,.T.);
#1737=EDGE_CURVE('',#1406,#1407,#45,.T.);
#1738=EDGE_CURVE('',#1407,#1406,#46,.T.);
#1739=EDGE_CURVE('',#1407,#1408,#934,.T.);
#1740=EDGE_CURVE('',#1408,#1408,#1215,.T.);
#1741=EDGE_CURVE('',#1409,#1410,#47,.T.);
#1742=EDGE_CURVE('',#1410,#1409,#48,.T.);
#1743=EDGE_CURVE('',#1410,#1411,#935,.T.);
#1744=EDGE_CURVE('',#1411,#1411,#1216,.T.);
#1745=EDGE_CURVE('',#1412,#1413,#49,.T.);
#1746=EDGE_CURVE('',#1413,#1412,#50,.T.);
#1747=EDGE_CURVE('',#1413,#1414,#936,.T.);
#1748=EDGE_CURVE('',#1414,#1414,#1217,.T.);
#1749=EDGE_CURVE('',#1415,#1416,#51,.T.);
#1750=EDGE_CURVE('',#1416,#1415,#52,.T.);
#1751=EDGE_CURVE('',#1416,#1417,#937,.T.);
#1752=EDGE_CURVE('',#1417,#1417,#1218,.T.);
#1753=EDGE_CURVE('',#1418,#1419,#53,.T.);
#1754=EDGE_CURVE('',#1420,#1418,#54,.T.);
#1755=EDGE_CURVE('',#1420,#1421,#938,.T.);
#1756=EDGE_CURVE('',#1421,#1421,#1219,.T.);
#1757=EDGE_CURVE('',#1419,#1420,#55,.T.);
#1758=EDGE_CURVE('',#1422,#1423,#56,.T.);
#1759=EDGE_CURVE('',#1423,#1422,#57,.T.);
#1760=EDGE_CURVE('',#1423,#1424,#939,.T.);
#1761=EDGE_CURVE('',#1424,#1424,#1220,.T.);
#1762=EDGE_CURVE('',#1425,#1426,#58,.T.);
#1763=EDGE_CURVE('',#1426,#1425,#59,.T.);
#1764=EDGE_CURVE('',#1426,#1427,#940,.T.);
#1765=EDGE_CURVE('',#1427,#1427,#1221,.T.);
#1766=EDGE_CURVE('',#1428,#1429,#60,.T.);
#1767=EDGE_CURVE('',#1429,#1428,#61,.T.);
#1768=EDGE_CURVE('',#1429,#1430,#941,.T.);
#1769=EDGE_CURVE('',#1430,#1430,#1222,.T.);
#1770=EDGE_CURVE('',#1431,#1432,#62,.T.);
#1771=EDGE_CURVE('',#1432,#1431,#63,.T.);
#1772=EDGE_CURVE('',#1432,#1433,#942,.T.);
#1773=EDGE_CURVE('',#1433,#1433,#1223,.T.);
#1774=EDGE_CURVE('',#1434,#1434,#1224,.T.);
#1775=EDGE_CURVE('',#1434,#1435,#943,.T.);
#1776=EDGE_CURVE('',#1435,#1435,#1225,.T.);
#1777=EDGE_CURVE('',#1436,#1436,#1226,.T.);
#1778=EDGE_CURVE('',#1437,#1437,#1227,.T.);
#1779=EDGE_CURVE('',#1437,#1419,#944,.T.);
#1780=EDGE_CURVE('',#1420,#1436,#945,.T.);
#1781=EDGE_CURVE('',#1438,#1438,#1228,.T.);
#1782=EDGE_CURVE('',#1439,#1439,#1229,.T.);
#1783=EDGE_CURVE('',#1439,#1438,#946,.T.);
#1784=EDGE_CURVE('',#1440,#1440,#1230,.T.);
#1785=EDGE_CURVE('',#1440,#1441,#947,.T.);
#1786=EDGE_CURVE('',#1441,#1441,#1231,.T.);
#1787=EDGE_CURVE('',#1442,#1442,#1232,.T.);
#1788=EDGE_CURVE('',#1384,#1442,#948,.T.);
#1789=EDGE_CURVE('',#1443,#1443,#1233,.T.);
#1790=EDGE_CURVE('',#1444,#1444,#1234,.T.);
#1791=EDGE_CURVE('',#1444,#1443,#949,.T.);
#1792=EDGE_CURVE('',#1445,#1445,#1235,.T.);
#1793=EDGE_CURVE('',#1445,#1446,#950,.T.);
#1794=EDGE_CURVE('',#1446,#1446,#1236,.T.);
#1795=EDGE_CURVE('',#1446,#1447,#951,.T.);
#1796=EDGE_CURVE('',#1447,#1447,#1237,.T.);
#1797=EDGE_CURVE('',#1447,#1434,#952,.T.);
#1798=EDGE_CURVE('',#1448,#1449,#64,.T.);
#1799=EDGE_CURVE('',#1449,#1448,#65,.T.);
#1800=EDGE_CURVE('',#1449,#1450,#953,.T.);
#1801=EDGE_CURVE('',#1450,#1450,#1238,.T.);
#1802=EDGE_CURVE('',#1451,#1451,#1239,.T.);
#1803=EDGE_CURVE('',#1451,#1452,#954,.T.);
#1804=EDGE_CURVE('',#1452,#1452,#1240,.T.);
#1805=EDGE_CURVE('',#1453,#1453,#1241,.T.);
#1806=EDGE_CURVE('',#1453,#1454,#955,.T.);
#1807=EDGE_CURVE('',#1454,#1454,#1242,.T.);
#1808=EDGE_CURVE('',#1455,#1455,#1243,.T.);
#1809=EDGE_CURVE('',#1456,#1456,#1244,.T.);
#1810=EDGE_CURVE('',#1457,#1457,#1245,.T.);
#1811=EDGE_CURVE('',#1458,#1458,#1246,.T.);
#1812=EDGE_CURVE('',#1459,#1459,#1247,.T.);
#1813=EDGE_CURVE('',#1460,#1460,#1248,.T.);
#1814=EDGE_CURVE('',#1461,#1461,#1249,.T.);
#1815=EDGE_CURVE('',#1462,#1462,#1250,.T.);
#1816=EDGE_CURVE('',#1463,#1463,#1251,.T.);
#1817=EDGE_CURVE('',#1464,#1464,#1252,.T.);
#1818=EDGE_CURVE('',#1464,#1463,#956,.T.);
#1819=EDGE_CURVE('',#1465,#1465,#1253,.T.);
#1820=EDGE_CURVE('',#1465,#1462,#957,.T.);
#1821=EDGE_CURVE('',#1466,#1466,#1254,.T.);
#1822=EDGE_CURVE('',#1466,#1461,#958,.T.);
#1823=EDGE_CURVE('',#1467,#1467,#1255,.T.);
#1824=EDGE_CURVE('',#1467,#1460,#959,.T.);
#1825=EDGE_CURVE('',#1468,#1468,#1256,.T.);
#1826=EDGE_CURVE('',#1468,#1459,#960,.T.);
#1827=EDGE_CURVE('',#1469,#1469,#1257,.T.);
#1828=EDGE_CURVE('',#1469,#1458,#961,.T.);
#1829=EDGE_CURVE('',#1470,#1470,#1258,.T.);
#1830=EDGE_CURVE('',#1470,#1457,#962,.T.);
#1831=EDGE_CURVE('',#1471,#1471,#1259,.T.);
#1832=EDGE_CURVE('',#1471,#1456,#963,.T.);
#1833=EDGE_CURVE('',#1472,#1472,#1260,.T.);
#1834=EDGE_CURVE('',#1472,#1473,#964,.T.);
#1835=EDGE_CURVE('',#1473,#1473,#1261,.T.);
#1836=EDGE_CURVE('',#1474,#1474,#1262,.T.);
#1837=EDGE_CURVE('',#1474,#1475,#965,.T.);
#1838=EDGE_CURVE('',#1475,#1475,#1263,.T.);
#1839=EDGE_CURVE('',#1476,#1476,#1264,.T.);
#1840=EDGE_CURVE('',#1477,#1477,#1265,.T.);
#1841=EDGE_CURVE('',#1478,#1479,#66,.T.);
#1842=EDGE_CURVE('',#1479,#1478,#67,.T.);
#1843=EDGE_CURVE('',#1479,#1480,#966,.T.);
#1844=EDGE_CURVE('',#1480,#1480,#1266,.T.);
#1845=EDGE_CURVE('',#1481,#1481,#1267,.T.);
#1846=EDGE_CURVE('',#1477,#1482,#967,.T.);
#1847=EDGE_CURVE('',#1482,#1482,#1268,.T.);
#1848=EDGE_CURVE('',#1483,#1483,#1269,.T.);
#1849=EDGE_CURVE('',#1483,#1484,#968,.T.);
#1850=EDGE_CURVE('',#1485,#1484,#68,.T.);
#1851=EDGE_CURVE('',#1484,#1485,#69,.T.);
#1852=EDGE_CURVE('',#1481,#1486,#969,.T.);
#1853=EDGE_CURVE('',#1487,#1486,#70,.T.);
#1854=EDGE_CURVE('',#1486,#1487,#71,.T.);
#1855=EDGE_CURVE('',#1488,#1488,#1270,.T.);
#1856=EDGE_CURVE('',#1488,#1489,#970,.T.);
#1857=EDGE_CURVE('',#1489,#1489,#1271,.T.);
#1858=EDGE_CURVE('',#1489,#1490,#971,.T.);
#1859=EDGE_CURVE('',#1490,#1490,#1272,.T.);
#1860=EDGE_CURVE('',#1491,#1491,#1273,.T.);
#1861=EDGE_CURVE('',#1492,#1492,#1274,.T.);
#1862=EDGE_CURVE('',#1492,#1490,#972,.T.);
#1863=EDGE_CURVE('',#1493,#1493,#1275,.T.);
#1864=EDGE_CURVE('',#1493,#1455,#973,.T.);
#1865=EDGE_CURVE('',#1494,#1494,#1276,.T.);
#1866=EDGE_CURVE('',#1495,#1495,#1277,.T.);
#1867=EDGE_CURVE('',#1495,#1494,#974,.T.);
#1868=EDGE_CURVE('',#1496,#1496,#1278,.T.);
#1869=EDGE_CURVE('',#1496,#1497,#975,.T.);
#1870=EDGE_CURVE('',#1497,#1497,#1279,.T.);
#1871=EDGE_CURVE('',#1476,#1491,#976,.T.);
#1872=EDGE_CURVE('',#1498,#1498,#1280,.T.);
#1873=EDGE_CURVE('',#1498,#1499,#977,.T.);
#1874=EDGE_CURVE('',#1499,#1499,#1281,.T.);
#1875=EDGE_CURVE('',#1500,#1500,#1282,.T.);
#1876=EDGE_CURVE('',#1500,#1501,#978,.T.);
#1877=EDGE_CURVE('',#1501,#1501,#1283,.T.);
#1878=EDGE_CURVE('',#1502,#1502,#1284,.T.);
#1879=EDGE_CURVE('',#1503,#1503,#1285,.T.);
#1880=EDGE_CURVE('',#1504,#1504,#1286,.T.);
#1881=EDGE_CURVE('',#1505,#1505,#1287,.T.);
#1882=EDGE_CURVE('',#1506,#1506,#1288,.T.);
#1883=EDGE_CURVE('',#1507,#1507,#1289,.T.);
#1884=EDGE_CURVE('',#1508,#1508,#1290,.T.);
#1885=EDGE_CURVE('',#1509,#1509,#1291,.T.);
#1886=EDGE_CURVE('',#1510,#1510,#1292,.T.);
#1887=EDGE_CURVE('',#1511,#1511,#1293,.T.);
#1888=EDGE_CURVE('',#1511,#1510,#979,.T.);
#1889=EDGE_CURVE('',#1512,#1512,#1294,.T.);
#1890=EDGE_CURVE('',#1512,#1509,#980,.T.);
#1891=EDGE_CURVE('',#1513,#1513,#1295,.T.);
#1892=EDGE_CURVE('',#1513,#1508,#981,.T.);
#1893=EDGE_CURVE('',#1514,#1514,#1296,.T.);
#1894=EDGE_CURVE('',#1514,#1507,#982,.T.);
#1895=EDGE_CURVE('',#1515,#1515,#1297,.T.);
#1896=EDGE_CURVE('',#1515,#1506,#983,.T.);
#1897=EDGE_CURVE('',#1516,#1516,#1298,.T.);
#1898=EDGE_CURVE('',#1516,#1505,#984,.T.);
#1899=EDGE_CURVE('',#1517,#1517,#1299,.T.);
#1900=EDGE_CURVE('',#1517,#1504,#985,.T.);
#1901=EDGE_CURVE('',#1518,#1518,#1300,.T.);
#1902=EDGE_CURVE('',#1518,#1503,#986,.T.);
#1903=EDGE_CURVE('',#1519,#1520,#72,.T.);
#1904=EDGE_CURVE('',#1520,#1519,#73,.T.);
#1905=EDGE_CURVE('',#1520,#1521,#987,.T.);
#1906=EDGE_CURVE('',#1522,#1521,#74,.T.);
#1907=EDGE_CURVE('',#1521,#1522,#75,.T.);
#1908=EDGE_CURVE('',#1523,#1524,#76,.T.);
#1909=EDGE_CURVE('',#1524,#1523,#77,.T.);
#1910=EDGE_CURVE('',#1524,#1525,#988,.T.);
#1911=EDGE_CURVE('',#1526,#1525,#78,.T.);
#1912=EDGE_CURVE('',#1525,#1526,#79,.T.);
#1913=EDGE_CURVE('',#1527,#1528,#80,.T.);
#1914=EDGE_CURVE('',#1528,#1527,#81,.T.);
#1915=EDGE_CURVE('',#1528,#1529,#989,.T.);
#1916=EDGE_CURVE('',#1530,#1529,#82,.T.);
#1917=EDGE_CURVE('',#1529,#1530,#83,.T.);
#1918=EDGE_CURVE('',#1531,#1532,#84,.T.);
#1919=EDGE_CURVE('',#1532,#1531,#85,.T.);
#1920=EDGE_CURVE('',#1532,#1533,#990,.T.);
#1921=EDGE_CURVE('',#1534,#1533,#86,.T.);
#1922=EDGE_CURVE('',#1533,#1534,#87,.T.);
#1923=EDGE_CURVE('',#1535,#1536,#88,.T.);
#1924=EDGE_CURVE('',#1536,#1535,#89,.T.);
#1925=EDGE_CURVE('',#1536,#1537,#991,.T.);
#1926=EDGE_CURVE('',#1538,#1537,#90,.T.);
#1927=EDGE_CURVE('',#1537,#1538,#91,.T.);
#1928=EDGE_CURVE('',#1539,#1540,#92,.T.);
#1929=EDGE_CURVE('',#1540,#1539,#93,.T.);
#1930=EDGE_CURVE('',#1540,#1541,#992,.T.);
#1931=EDGE_CURVE('',#1542,#1541,#94,.T.);
#1932=EDGE_CURVE('',#1541,#1542,#95,.T.);
#1933=EDGE_CURVE('',#1543,#1544,#96,.T.);
#1934=EDGE_CURVE('',#1544,#1543,#97,.T.);
#1935=EDGE_CURVE('',#1544,#1545,#993,.T.);
#1936=EDGE_CURVE('',#1546,#1545,#98,.T.);
#1937=EDGE_CURVE('',#1545,#1546,#99,.T.);
#1938=EDGE_CURVE('',#1547,#1548,#100,.T.);
#1939=EDGE_CURVE('',#1548,#1547,#101,.T.);
#1940=EDGE_CURVE('',#1548,#1549,#994,.T.);
#1941=EDGE_CURVE('',#1550,#1549,#102,.T.);
#1942=EDGE_CURVE('',#1549,#1550,#103,.T.);
#1943=EDGE_CURVE('',#1551,#1552,#104,.T.);
#1944=EDGE_CURVE('',#1552,#1551,#105,.T.);
#1945=EDGE_CURVE('',#1552,#1553,#995,.T.);
#1946=EDGE_CURVE('',#1554,#1553,#106,.T.);
#1947=EDGE_CURVE('',#1553,#1554,#107,.T.);
#1948=EDGE_CURVE('',#1555,#1556,#108,.T.);
#1949=EDGE_CURVE('',#1556,#1555,#109,.T.);
#1950=EDGE_CURVE('',#1556,#1557,#996,.T.);
#1951=EDGE_CURVE('',#1558,#1557,#110,.T.);
#1952=EDGE_CURVE('',#1557,#1558,#111,.T.);
#1953=EDGE_CURVE('',#1559,#1560,#112,.T.);
#1954=EDGE_CURVE('',#1560,#1559,#113,.T.);
#1955=EDGE_CURVE('',#1560,#1561,#997,.T.);
#1956=EDGE_CURVE('',#1562,#1561,#114,.T.);
#1957=EDGE_CURVE('',#1561,#1562,#115,.T.);
#1958=EDGE_CURVE('',#1563,#1564,#116,.T.);
#1959=EDGE_CURVE('',#1565,#1563,#117,.T.);
#1960=EDGE_CURVE('',#1565,#1566,#998,.T.);
#1961=EDGE_CURVE('',#1567,#1566,#118,.T.);
#1962=EDGE_CURVE('',#1568,#1567,#119,.T.);
#1963=EDGE_CURVE('',#1566,#1568,#120,.T.);
#1964=EDGE_CURVE('',#1564,#1565,#121,.T.);
#1965=EDGE_CURVE('',#1569,#1570,#122,.T.);
#1966=EDGE_CURVE('',#1570,#1569,#123,.T.);
#1967=EDGE_CURVE('',#1570,#1571,#999,.T.);
#1968=EDGE_CURVE('',#1572,#1571,#124,.T.);
#1969=EDGE_CURVE('',#1571,#1572,#125,.T.);
#1970=EDGE_CURVE('',#1573,#1574,#126,.T.);
#1971=EDGE_CURVE('',#1574,#1573,#127,.T.);
#1972=EDGE_CURVE('',#1574,#1575,#1000,.T.);
#1973=EDGE_CURVE('',#1576,#1575,#128,.T.);
#1974=EDGE_CURVE('',#1575,#1576,#129,.T.);
#1975=EDGE_CURVE('',#1577,#1578,#130,.T.);
#1976=EDGE_CURVE('',#1578,#1577,#131,.T.);
#1977=EDGE_CURVE('',#1578,#1579,#1001,.T.);
#1978=EDGE_CURVE('',#1580,#1579,#132,.T.);
#1979=EDGE_CURVE('',#1579,#1580,#133,.T.);
#1980=EDGE_CURVE('',#1581,#1582,#134,.T.);
#1981=EDGE_CURVE('',#1582,#1581,#135,.T.);
#1982=EDGE_CURVE('',#1582,#1583,#1002,.T.);
#1983=EDGE_CURVE('',#1584,#1583,#136,.T.);
#1984=EDGE_CURVE('',#1583,#1584,#137,.T.);
#1985=EDGE_CURVE('',#1585,#1585,#1301,.T.);
#1986=EDGE_CURVE('',#1585,#1586,#1003,.T.);
#1987=EDGE_CURVE('',#1586,#1586,#1302,.T.);
#1988=EDGE_CURVE('',#1587,#1587,#1303,.T.);
#1989=EDGE_CURVE('',#1587,#1502,#1004,.T.);
#1990=EDGE_CURVE('',#1588,#1588,#1304,.T.);
#1991=EDGE_CURVE('',#1589,#1589,#1305,.T.);
#1992=EDGE_CURVE('',#1589,#1564,#1005,.T.);
#1993=EDGE_CURVE('',#1565,#1588,#1006,.T.);
#1994=EDGE_CURVE('',#1590,#1590,#1306,.T.);
#1995=EDGE_CURVE('',#1590,#1568,#1007,.T.);
#1996=EDGE_CURVE('',#1566,#1591,#1008,.T.);
#1997=EDGE_CURVE('',#1591,#1591,#1307,.T.);
#1998=ORIENTED_EDGE('',*,*,#1592,.F.);
#1999=ORIENTED_EDGE('',*,*,#1593,.T.);
#2000=ORIENTED_EDGE('',*,*,#1594,.T.);
#2001=ORIENTED_EDGE('',*,*,#1593,.F.);
#2002=ORIENTED_EDGE('',*,*,#1595,.F.);
#2003=ORIENTED_EDGE('',*,*,#1596,.T.);
#2004=ORIENTED_EDGE('',*,*,#1597,.T.);
#2005=ORIENTED_EDGE('',*,*,#1596,.F.);
#2006=ORIENTED_EDGE('',*,*,#1597,.F.);
#2007=ORIENTED_EDGE('',*,*,#1594,.F.);
#2008=ORIENTED_EDGE('',*,*,#1598,.F.);
#2009=ORIENTED_EDGE('',*,*,#1595,.T.);
#2010=ORIENTED_EDGE('',*,*,#1599,.F.);
#2011=ORIENTED_EDGE('',*,*,#1600,.T.);
#2012=ORIENTED_EDGE('',*,*,#1601,.F.);
#2013=ORIENTED_EDGE('',*,*,#1600,.F.);
#2014=ORIENTED_EDGE('',*,*,#1602,.F.);
#2015=ORIENTED_EDGE('',*,*,#1603,.T.);
#2016=ORIENTED_EDGE('',*,*,#1604,.F.);
#2017=ORIENTED_EDGE('',*,*,#1603,.F.);
#2018=ORIENTED_EDGE('',*,*,#1605,.F.);
#2019=ORIENTED_EDGE('',*,*,#1606,.T.);
#2020=ORIENTED_EDGE('',*,*,#1607,.F.);
#2021=ORIENTED_EDGE('',*,*,#1606,.F.);
#2022=ORIENTED_EDGE('',*,*,#1608,.F.);
#2023=ORIENTED_EDGE('',*,*,#1609,.T.);
#2024=ORIENTED_EDGE('',*,*,#1610,.F.);
#2025=ORIENTED_EDGE('',*,*,#1609,.F.);
#2026=ORIENTED_EDGE('',*,*,#1611,.F.);
#2027=ORIENTED_EDGE('',*,*,#1612,.T.);
#2028=ORIENTED_EDGE('',*,*,#1613,.F.);
#2029=ORIENTED_EDGE('',*,*,#1612,.F.);
#2030=ORIENTED_EDGE('',*,*,#1614,.F.);
#2031=ORIENTED_EDGE('',*,*,#1615,.T.);
#2032=ORIENTED_EDGE('',*,*,#1616,.F.);
#2033=ORIENTED_EDGE('',*,*,#1615,.F.);
#2034=ORIENTED_EDGE('',*,*,#1617,.F.);
#2035=ORIENTED_EDGE('',*,*,#1618,.T.);
#2036=ORIENTED_EDGE('',*,*,#1619,.F.);
#2037=ORIENTED_EDGE('',*,*,#1618,.F.);
#2038=ORIENTED_EDGE('',*,*,#1620,.F.);
#2039=ORIENTED_EDGE('',*,*,#1621,.T.);
#2040=ORIENTED_EDGE('',*,*,#1622,.F.);
#2041=ORIENTED_EDGE('',*,*,#1621,.F.);
#2042=ORIENTED_EDGE('',*,*,#1623,.F.);
#2043=ORIENTED_EDGE('',*,*,#1624,.T.);
#2044=ORIENTED_EDGE('',*,*,#1625,.F.);
#2045=ORIENTED_EDGE('',*,*,#1624,.F.);
#2046=ORIENTED_EDGE('',*,*,#1626,.F.);
#2047=ORIENTED_EDGE('',*,*,#1627,.T.);
#2048=ORIENTED_EDGE('',*,*,#1628,.T.);
#2049=ORIENTED_EDGE('',*,*,#1627,.F.);
#2050=ORIENTED_EDGE('',*,*,#1628,.F.);
#2051=ORIENTED_EDGE('',*,*,#1629,.F.);
#2052=ORIENTED_EDGE('',*,*,#1630,.F.);
#2053=ORIENTED_EDGE('',*,*,#1631,.T.);
#2054=ORIENTED_EDGE('',*,*,#1632,.F.);
#2055=ORIENTED_EDGE('',*,*,#1631,.F.);
#2056=ORIENTED_EDGE('',*,*,#1633,.F.);
#2057=ORIENTED_EDGE('',*,*,#1634,.T.);
#2058=ORIENTED_EDGE('',*,*,#1635,.F.);
#2059=ORIENTED_EDGE('',*,*,#1634,.F.);
#2060=ORIENTED_EDGE('',*,*,#1636,.F.);
#2061=ORIENTED_EDGE('',*,*,#1637,.T.);
#2062=ORIENTED_EDGE('',*,*,#1638,.F.);
#2063=ORIENTED_EDGE('',*,*,#1637,.F.);
#2064=ORIENTED_EDGE('',*,*,#1636,.T.);
#2065=ORIENTED_EDGE('',*,*,#1626,.T.);
#2066=ORIENTED_EDGE('',*,*,#1592,.T.);
#2067=ORIENTED_EDGE('',*,*,#1638,.T.);
#2068=ORIENTED_EDGE('',*,*,#1639,.T.);
#2069=ORIENTED_EDGE('',*,*,#1640,.F.);
#2070=ORIENTED_EDGE('',*,*,#1641,.F.);
#2071=ORIENTED_EDGE('',*,*,#1642,.T.);
#2072=ORIENTED_EDGE('',*,*,#1640,.T.);
#2073=ORIENTED_EDGE('',*,*,#1642,.F.);
#2074=ORIENTED_EDGE('',*,*,#1629,.T.);
#2075=ORIENTED_EDGE('',*,*,#1643,.T.);
#2076=ORIENTED_EDGE('',*,*,#1644,.F.);
#2077=ORIENTED_EDGE('',*,*,#1643,.F.);
#2078=ORIENTED_EDGE('',*,*,#1598,.T.);
#2079=ORIENTED_EDGE('',*,*,#1645,.T.);
#2080=ORIENTED_EDGE('',*,*,#1639,.F.);
#2081=ORIENTED_EDGE('',*,*,#1645,.F.);
#2082=ORIENTED_EDGE('',*,*,#1601,.T.);
#2083=ORIENTED_EDGE('',*,*,#1604,.T.);
#2084=ORIENTED_EDGE('',*,*,#1607,.T.);
#2085=ORIENTED_EDGE('',*,*,#1610,.T.);
#2086=ORIENTED_EDGE('',*,*,#1613,.T.);
#2087=ORIENTED_EDGE('',*,*,#1616,.T.);
#2088=ORIENTED_EDGE('',*,*,#1619,.T.);
#2089=ORIENTED_EDGE('',*,*,#1622,.T.);
#2090=ORIENTED_EDGE('',*,*,#1625,.T.);
#2091=ORIENTED_EDGE('',*,*,#1632,.T.);
#2092=ORIENTED_EDGE('',*,*,#1635,.T.);
#2093=ORIENTED_EDGE('',*,*,#1641,.T.);
#2094=ORIENTED_EDGE('',*,*,#1646,.F.);
#2095=ORIENTED_EDGE('',*,*,#1647,.T.);
#2096=ORIENTED_EDGE('',*,*,#1648,.T.);
#2097=ORIENTED_EDGE('',*,*,#1647,.F.);
#2098=ORIENTED_EDGE('',*,*,#1644,.T.);
#2099=ORIENTED_EDGE('',*,*,#1646,.T.);
#2100=ORIENTED_EDGE('',*,*,#1599,.T.);
#2101=ORIENTED_EDGE('',*,*,#1602,.T.);
#2102=ORIENTED_EDGE('',*,*,#1605,.T.);
#2103=ORIENTED_EDGE('',*,*,#1608,.T.);
#2104=ORIENTED_EDGE('',*,*,#1611,.T.);
#2105=ORIENTED_EDGE('',*,*,#1614,.T.);
#2106=ORIENTED_EDGE('',*,*,#1617,.T.);
#2107=ORIENTED_EDGE('',*,*,#1620,.T.);
#2108=ORIENTED_EDGE('',*,*,#1623,.T.);
#2109=ORIENTED_EDGE('',*,*,#1630,.T.);
#2110=ORIENTED_EDGE('',*,*,#1633,.T.);
#2111=ORIENTED_EDGE('',*,*,#1648,.F.);
#2112=ORIENTED_EDGE('',*,*,#1649,.F.);
#2113=ORIENTED_EDGE('',*,*,#1650,.T.);
#2114=ORIENTED_EDGE('',*,*,#1651,.T.);
#2115=ORIENTED_EDGE('',*,*,#1650,.F.);
#2116=ORIENTED_EDGE('',*,*,#1652,.F.);
#2117=ORIENTED_EDGE('',*,*,#1653,.T.);
#2118=ORIENTED_EDGE('',*,*,#1654,.T.);
#2119=ORIENTED_EDGE('',*,*,#1653,.F.);
#2120=ORIENTED_EDGE('',*,*,#1654,.F.);
#2121=ORIENTED_EDGE('',*,*,#1651,.F.);
#2122=ORIENTED_EDGE('',*,*,#1655,.T.);
#2123=ORIENTED_EDGE('',*,*,#1656,.T.);
#2124=ORIENTED_EDGE('',*,*,#1657,.T.);
#2125=ORIENTED_EDGE('',*,*,#1658,.T.);
#2126=ORIENTED_EDGE('',*,*,#1659,.T.);
#2127=ORIENTED_EDGE('',*,*,#1660,.T.);
#2128=ORIENTED_EDGE('',*,*,#1661,.T.);
#2129=ORIENTED_EDGE('',*,*,#1662,.T.);
#2130=ORIENTED_EDGE('',*,*,#1663,.T.);
#2131=ORIENTED_EDGE('',*,*,#1652,.T.);
#2132=ORIENTED_EDGE('',*,*,#1655,.F.);
#2133=ORIENTED_EDGE('',*,*,#1664,.T.);
#2134=ORIENTED_EDGE('',*,*,#1665,.F.);
#2135=ORIENTED_EDGE('',*,*,#1664,.F.);
#2136=ORIENTED_EDGE('',*,*,#1663,.F.);
#2137=ORIENTED_EDGE('',*,*,#1666,.T.);
#2138=ORIENTED_EDGE('',*,*,#1667,.F.);
#2139=ORIENTED_EDGE('',*,*,#1666,.F.);
#2140=ORIENTED_EDGE('',*,*,#1662,.F.);
#2141=ORIENTED_EDGE('',*,*,#1668,.T.);
#2142=ORIENTED_EDGE('',*,*,#1669,.F.);
#2143=ORIENTED_EDGE('',*,*,#1668,.F.);
#2144=ORIENTED_EDGE('',*,*,#1661,.F.);
#2145=ORIENTED_EDGE('',*,*,#1670,.T.);
#2146=ORIENTED_EDGE('',*,*,#1671,.F.);
#2147=ORIENTED_EDGE('',*,*,#1670,.F.);
#2148=ORIENTED_EDGE('',*,*,#1660,.F.);
#2149=ORIENTED_EDGE('',*,*,#1672,.T.);
#2150=ORIENTED_EDGE('',*,*,#1673,.F.);
#2151=ORIENTED_EDGE('',*,*,#1672,.F.);
#2152=ORIENTED_EDGE('',*,*,#1659,.F.);
#2153=ORIENTED_EDGE('',*,*,#1674,.T.);
#2154=ORIENTED_EDGE('',*,*,#1675,.F.);
#2155=ORIENTED_EDGE('',*,*,#1674,.F.);
#2156=ORIENTED_EDGE('',*,*,#1658,.F.);
#2157=ORIENTED_EDGE('',*,*,#1676,.T.);
#2158=ORIENTED_EDGE('',*,*,#1677,.F.);
#2159=ORIENTED_EDGE('',*,*,#1676,.F.);
#2160=ORIENTED_EDGE('',*,*,#1657,.F.);
#2161=ORIENTED_EDGE('',*,*,#1678,.T.);
#2162=ORIENTED_EDGE('',*,*,#1679,.F.);
#2163=ORIENTED_EDGE('',*,*,#1678,.F.);
#2164=ORIENTED_EDGE('',*,*,#1656,.F.);
#2165=ORIENTED_EDGE('',*,*,#1680,.T.);
#2166=ORIENTED_EDGE('',*,*,#1681,.F.);
#2167=ORIENTED_EDGE('',*,*,#1680,.F.);
#2168=ORIENTED_EDGE('',*,*,#1682,.T.);
#2169=ORIENTED_EDGE('',*,*,#1683,.T.);
#2170=ORIENTED_EDGE('',*,*,#1684,.F.);
#2171=ORIENTED_EDGE('',*,*,#1683,.F.);
#2172=ORIENTED_EDGE('',*,*,#1685,.F.);
#2173=ORIENTED_EDGE('',*,*,#1686,.T.);
#2174=ORIENTED_EDGE('',*,*,#1687,.T.);
#2175=ORIENTED_EDGE('',*,*,#1688,.T.);
#2176=ORIENTED_EDGE('',*,*,#1685,.T.);
#2177=ORIENTED_EDGE('',*,*,#1688,.F.);
#2178=ORIENTED_EDGE('',*,*,#1682,.F.);
#2179=ORIENTED_EDGE('',*,*,#1687,.F.);
#2180=ORIENTED_EDGE('',*,*,#1689,.T.);
#2181=ORIENTED_EDGE('',*,*,#1684,.T.);
#2182=ORIENTED_EDGE('',*,*,#1690,.F.);
#2183=ORIENTED_EDGE('',*,*,#1686,.F.);
#2184=ORIENTED_EDGE('',*,*,#1691,.T.);
#2185=ORIENTED_EDGE('',*,*,#1692,.F.);
#2186=ORIENTED_EDGE('',*,*,#1693,.F.);
#2187=ORIENTED_EDGE('',*,*,#1691,.F.);
#2188=ORIENTED_EDGE('',*,*,#1694,.T.);
#2189=ORIENTED_EDGE('',*,*,#1695,.T.);
#2190=ORIENTED_EDGE('',*,*,#1692,.T.);
#2191=ORIENTED_EDGE('',*,*,#1693,.T.);
#2192=ORIENTED_EDGE('',*,*,#1696,.T.);
#2193=ORIENTED_EDGE('',*,*,#1689,.F.);
#2194=ORIENTED_EDGE('',*,*,#1697,.T.);
#2195=ORIENTED_EDGE('',*,*,#1698,.T.);
#2196=ORIENTED_EDGE('',*,*,#1697,.F.);
#2197=ORIENTED_EDGE('',*,*,#1665,.T.);
#2198=ORIENTED_EDGE('',*,*,#1667,.T.);
#2199=ORIENTED_EDGE('',*,*,#1669,.T.);
#2200=ORIENTED_EDGE('',*,*,#1671,.T.);
#2201=ORIENTED_EDGE('',*,*,#1673,.T.);
#2202=ORIENTED_EDGE('',*,*,#1675,.T.);
#2203=ORIENTED_EDGE('',*,*,#1677,.T.);
#2204=ORIENTED_EDGE('',*,*,#1679,.T.);
#2205=ORIENTED_EDGE('',*,*,#1681,.T.);
#2206=ORIENTED_EDGE('',*,*,#1698,.F.);
#2207=ORIENTED_EDGE('',*,*,#1699,.F.);
#2208=ORIENTED_EDGE('',*,*,#1700,.T.);
#2209=ORIENTED_EDGE('',*,*,#1694,.F.);
#2210=ORIENTED_EDGE('',*,*,#1695,.F.);
#2211=ORIENTED_EDGE('',*,*,#1700,.F.);
#2212=ORIENTED_EDGE('',*,*,#1649,.T.);
#2213=ORIENTED_EDGE('',*,*,#1699,.T.);
#2214=ORIENTED_EDGE('',*,*,#1696,.F.);
#2215=ORIENTED_EDGE('',*,*,#1701,.T.);
#2216=ORIENTED_EDGE('',*,*,#1690,.T.);
#2217=ORIENTED_EDGE('',*,*,#1701,.F.);
#2218=ORIENTED_EDGE('',*,*,#1702,.F.);
#2219=ORIENTED_EDGE('',*,*,#1703,.T.);
#2220=ORIENTED_EDGE('',*,*,#1704,.T.);
#2221=ORIENTED_EDGE('',*,*,#1703,.F.);
#2222=ORIENTED_EDGE('',*,*,#1705,.F.);
#2223=ORIENTED_EDGE('',*,*,#1706,.T.);
#2224=ORIENTED_EDGE('',*,*,#1707,.T.);
#2225=ORIENTED_EDGE('',*,*,#1706,.F.);
#2226=ORIENTED_EDGE('',*,*,#1704,.F.);
#2227=ORIENTED_EDGE('',*,*,#1708,.T.);
#2228=ORIENTED_EDGE('',*,*,#1705,.T.);
#2229=ORIENTED_EDGE('',*,*,#1708,.F.);
#2230=ORIENTED_EDGE('',*,*,#1709,.F.);
#2231=ORIENTED_EDGE('',*,*,#1710,.F.);
#2232=ORIENTED_EDGE('',*,*,#1711,.T.);
#2233=ORIENTED_EDGE('',*,*,#1712,.T.);
#2234=ORIENTED_EDGE('',*,*,#1711,.F.);
#2235=ORIENTED_EDGE('',*,*,#1712,.F.);
#2236=ORIENTED_EDGE('',*,*,#1713,.F.);
#2237=ORIENTED_EDGE('',*,*,#1714,.F.);
#2238=ORIENTED_EDGE('',*,*,#1715,.T.);
#2239=ORIENTED_EDGE('',*,*,#1716,.T.);
#2240=ORIENTED_EDGE('',*,*,#1715,.F.);
#2241=ORIENTED_EDGE('',*,*,#1716,.F.);
#2242=ORIENTED_EDGE('',*,*,#1717,.F.);
#2243=ORIENTED_EDGE('',*,*,#1718,.F.);
#2244=ORIENTED_EDGE('',*,*,#1719,.T.);
#2245=ORIENTED_EDGE('',*,*,#1720,.T.);
#2246=ORIENTED_EDGE('',*,*,#1719,.F.);
#2247=ORIENTED_EDGE('',*,*,#1720,.F.);
#2248=ORIENTED_EDGE('',*,*,#1721,.F.);
#2249=ORIENTED_EDGE('',*,*,#1722,.F.);
#2250=ORIENTED_EDGE('',*,*,#1723,.T.);
#2251=ORIENTED_EDGE('',*,*,#1724,.T.);
#2252=ORIENTED_EDGE('',*,*,#1723,.F.);
#2253=ORIENTED_EDGE('',*,*,#1724,.F.);
#2254=ORIENTED_EDGE('',*,*,#1725,.F.);
#2255=ORIENTED_EDGE('',*,*,#1726,.F.);
#2256=ORIENTED_EDGE('',*,*,#1727,.T.);
#2257=ORIENTED_EDGE('',*,*,#1728,.T.);
#2258=ORIENTED_EDGE('',*,*,#1727,.F.);
#2259=ORIENTED_EDGE('',*,*,#1728,.F.);
#2260=ORIENTED_EDGE('',*,*,#1729,.F.);
#2261=ORIENTED_EDGE('',*,*,#1730,.F.);
#2262=ORIENTED_EDGE('',*,*,#1731,.T.);
#2263=ORIENTED_EDGE('',*,*,#1732,.T.);
#2264=ORIENTED_EDGE('',*,*,#1731,.F.);
#2265=ORIENTED_EDGE('',*,*,#1732,.F.);
#2266=ORIENTED_EDGE('',*,*,#1733,.F.);
#2267=ORIENTED_EDGE('',*,*,#1734,.F.);
#2268=ORIENTED_EDGE('',*,*,#1735,.T.);
#2269=ORIENTED_EDGE('',*,*,#1736,.T.);
#2270=ORIENTED_EDGE('',*,*,#1735,.F.);
#2271=ORIENTED_EDGE('',*,*,#1736,.F.);
#2272=ORIENTED_EDGE('',*,*,#1737,.F.);
#2273=ORIENTED_EDGE('',*,*,#1738,.F.);
#2274=ORIENTED_EDGE('',*,*,#1739,.T.);
#2275=ORIENTED_EDGE('',*,*,#1740,.T.);
#2276=ORIENTED_EDGE('',*,*,#1739,.F.);
#2277=ORIENTED_EDGE('',*,*,#1740,.F.);
#2278=ORIENTED_EDGE('',*,*,#1741,.F.);
#2279=ORIENTED_EDGE('',*,*,#1742,.F.);
#2280=ORIENTED_EDGE('',*,*,#1743,.T.);
#2281=ORIENTED_EDGE('',*,*,#1744,.T.);
#2282=ORIENTED_EDGE('',*,*,#1743,.F.);
#2283=ORIENTED_EDGE('',*,*,#1744,.F.);
#2284=ORIENTED_EDGE('',*,*,#1745,.F.);
#2285=ORIENTED_EDGE('',*,*,#1746,.F.);
#2286=ORIENTED_EDGE('',*,*,#1747,.T.);
#2287=ORIENTED_EDGE('',*,*,#1748,.T.);
#2288=ORIENTED_EDGE('',*,*,#1747,.F.);
#2289=ORIENTED_EDGE('',*,*,#1748,.F.);
#2290=ORIENTED_EDGE('',*,*,#1749,.F.);
#2291=ORIENTED_EDGE('',*,*,#1750,.F.);
#2292=ORIENTED_EDGE('',*,*,#1751,.T.);
#2293=ORIENTED_EDGE('',*,*,#1752,.T.);
#2294=ORIENTED_EDGE('',*,*,#1751,.F.);
#2295=ORIENTED_EDGE('',*,*,#1752,.F.);
#2296=ORIENTED_EDGE('',*,*,#1753,.F.);
#2297=ORIENTED_EDGE('',*,*,#1754,.F.);
#2298=ORIENTED_EDGE('',*,*,#1755,.T.);
#2299=ORIENTED_EDGE('',*,*,#1756,.T.);
#2300=ORIENTED_EDGE('',*,*,#1755,.F.);
#2301=ORIENTED_EDGE('',*,*,#1757,.F.);
#2302=ORIENTED_EDGE('',*,*,#1756,.F.);
#2303=ORIENTED_EDGE('',*,*,#1758,.F.);
#2304=ORIENTED_EDGE('',*,*,#1759,.F.);
#2305=ORIENTED_EDGE('',*,*,#1760,.T.);
#2306=ORIENTED_EDGE('',*,*,#1761,.T.);
#2307=ORIENTED_EDGE('',*,*,#1760,.F.);
#2308=ORIENTED_EDGE('',*,*,#1761,.F.);
#2309=ORIENTED_EDGE('',*,*,#1762,.F.);
#2310=ORIENTED_EDGE('',*,*,#1763,.F.);
#2311=ORIENTED_EDGE('',*,*,#1764,.T.);
#2312=ORIENTED_EDGE('',*,*,#1765,.T.);
#2313=ORIENTED_EDGE('',*,*,#1764,.F.);
#2314=ORIENTED_EDGE('',*,*,#1765,.F.);
#2315=ORIENTED_EDGE('',*,*,#1766,.F.);
#2316=ORIENTED_EDGE('',*,*,#1767,.F.);
#2317=ORIENTED_EDGE('',*,*,#1768,.T.);
#2318=ORIENTED_EDGE('',*,*,#1769,.T.);
#2319=ORIENTED_EDGE('',*,*,#1768,.F.);
#2320=ORIENTED_EDGE('',*,*,#1769,.F.);
#2321=ORIENTED_EDGE('',*,*,#1770,.F.);
#2322=ORIENTED_EDGE('',*,*,#1771,.F.);
#2323=ORIENTED_EDGE('',*,*,#1772,.T.);
#2324=ORIENTED_EDGE('',*,*,#1773,.T.);
#2325=ORIENTED_EDGE('',*,*,#1772,.F.);
#2326=ORIENTED_EDGE('',*,*,#1773,.F.);
#2327=ORIENTED_EDGE('',*,*,#1774,.T.);
#2328=ORIENTED_EDGE('',*,*,#1775,.T.);
#2329=ORIENTED_EDGE('',*,*,#1776,.F.);
#2330=ORIENTED_EDGE('',*,*,#1775,.F.);
#2331=ORIENTED_EDGE('',*,*,#1777,.F.);
#2332=ORIENTED_EDGE('',*,*,#1776,.T.);
#2333=ORIENTED_EDGE('',*,*,#1778,.F.);
#2334=ORIENTED_EDGE('',*,*,#1779,.T.);
#2335=ORIENTED_EDGE('',*,*,#1757,.T.);
#2336=ORIENTED_EDGE('',*,*,#1780,.T.);
#2337=ORIENTED_EDGE('',*,*,#1777,.T.);
#2338=ORIENTED_EDGE('',*,*,#1780,.F.);
#2339=ORIENTED_EDGE('',*,*,#1754,.T.);
#2340=ORIENTED_EDGE('',*,*,#1753,.T.);
#2341=ORIENTED_EDGE('',*,*,#1779,.F.);
#2342=ORIENTED_EDGE('',*,*,#1709,.T.);
#2343=ORIENTED_EDGE('',*,*,#1710,.T.);
#2344=ORIENTED_EDGE('',*,*,#1713,.T.);
#2345=ORIENTED_EDGE('',*,*,#1714,.T.);
#2346=ORIENTED_EDGE('',*,*,#1717,.T.);
#2347=ORIENTED_EDGE('',*,*,#1718,.T.);
#2348=ORIENTED_EDGE('',*,*,#1721,.T.);
#2349=ORIENTED_EDGE('',*,*,#1722,.T.);
#2350=ORIENTED_EDGE('',*,*,#1725,.T.);
#2351=ORIENTED_EDGE('',*,*,#1726,.T.);
#2352=ORIENTED_EDGE('',*,*,#1729,.T.);
#2353=ORIENTED_EDGE('',*,*,#1730,.T.);
#2354=ORIENTED_EDGE('',*,*,#1733,.T.);
#2355=ORIENTED_EDGE('',*,*,#1734,.T.);
#2356=ORIENTED_EDGE('',*,*,#1737,.T.);
#2357=ORIENTED_EDGE('',*,*,#1738,.T.);
#2358=ORIENTED_EDGE('',*,*,#1741,.T.);
#2359=ORIENTED_EDGE('',*,*,#1742,.T.);
#2360=ORIENTED_EDGE('',*,*,#1745,.T.);
#2361=ORIENTED_EDGE('',*,*,#1746,.T.);
#2362=ORIENTED_EDGE('',*,*,#1749,.T.);
#2363=ORIENTED_EDGE('',*,*,#1750,.T.);
#2364=ORIENTED_EDGE('',*,*,#1758,.T.);
#2365=ORIENTED_EDGE('',*,*,#1759,.T.);
#2366=ORIENTED_EDGE('',*,*,#1762,.T.);
#2367=ORIENTED_EDGE('',*,*,#1763,.T.);
#2368=ORIENTED_EDGE('',*,*,#1766,.T.);
#2369=ORIENTED_EDGE('',*,*,#1767,.T.);
#2370=ORIENTED_EDGE('',*,*,#1770,.T.);
#2371=ORIENTED_EDGE('',*,*,#1771,.T.);
#2372=ORIENTED_EDGE('',*,*,#1781,.F.);
#2373=ORIENTED_EDGE('',*,*,#1778,.T.);
#2374=ORIENTED_EDGE('',*,*,#1782,.F.);
#2375=ORIENTED_EDGE('',*,*,#1783,.T.);
#2376=ORIENTED_EDGE('',*,*,#1781,.T.);
#2377=ORIENTED_EDGE('',*,*,#1783,.F.);
#2378=ORIENTED_EDGE('',*,*,#1784,.F.);
#2379=ORIENTED_EDGE('',*,*,#1782,.T.);
#2380=ORIENTED_EDGE('',*,*,#1784,.T.);
#2381=ORIENTED_EDGE('',*,*,#1785,.T.);
#2382=ORIENTED_EDGE('',*,*,#1786,.F.);
#2383=ORIENTED_EDGE('',*,*,#1785,.F.);
#2384=ORIENTED_EDGE('',*,*,#1787,.F.);
#2385=ORIENTED_EDGE('',*,*,#1786,.T.);
#2386=ORIENTED_EDGE('',*,*,#1707,.F.);
#2387=ORIENTED_EDGE('',*,*,#1788,.T.);
#2388=ORIENTED_EDGE('',*,*,#1787,.T.);
#2389=ORIENTED_EDGE('',*,*,#1788,.F.);
#2390=ORIENTED_EDGE('',*,*,#1789,.F.);
#2391=ORIENTED_EDGE('',*,*,#1702,.T.);
#2392=ORIENTED_EDGE('',*,*,#1790,.F.);
#2393=ORIENTED_EDGE('',*,*,#1791,.T.);
#2394=ORIENTED_EDGE('',*,*,#1789,.T.);
#2395=ORIENTED_EDGE('',*,*,#1791,.F.);
#2396=ORIENTED_EDGE('',*,*,#1790,.T.);
#2397=ORIENTED_EDGE('',*,*,#1792,.F.);
#2398=ORIENTED_EDGE('',*,*,#1792,.T.);
#2399=ORIENTED_EDGE('',*,*,#1793,.T.);
#2400=ORIENTED_EDGE('',*,*,#1794,.F.);
#2401=ORIENTED_EDGE('',*,*,#1793,.F.);
#2402=ORIENTED_EDGE('',*,*,#1794,.T.);
#2403=ORIENTED_EDGE('',*,*,#1795,.T.);
#2404=ORIENTED_EDGE('',*,*,#1796,.F.);
#2405=ORIENTED_EDGE('',*,*,#1795,.F.);
#2406=ORIENTED_EDGE('',*,*,#1796,.T.);
#2407=ORIENTED_EDGE('',*,*,#1797,.T.);
#2408=ORIENTED_EDGE('',*,*,#1774,.F.);
#2409=ORIENTED_EDGE('',*,*,#1797,.F.);
#2410=ORIENTED_EDGE('',*,*,#1798,.F.);
#2411=ORIENTED_EDGE('',*,*,#1799,.F.);
#2412=ORIENTED_EDGE('',*,*,#1800,.T.);
#2413=ORIENTED_EDGE('',*,*,#1801,.F.);
#2414=ORIENTED_EDGE('',*,*,#1800,.F.);
#2415=ORIENTED_EDGE('',*,*,#1802,.F.);
#2416=ORIENTED_EDGE('',*,*,#1803,.T.);
#2417=ORIENTED_EDGE('',*,*,#1804,.T.);
#2418=ORIENTED_EDGE('',*,*,#1803,.F.);
#2419=ORIENTED_EDGE('',*,*,#1805,.F.);
#2420=ORIENTED_EDGE('',*,*,#1806,.T.);
#2421=ORIENTED_EDGE('',*,*,#1807,.T.);
#2422=ORIENTED_EDGE('',*,*,#1806,.F.);
#2423=ORIENTED_EDGE('',*,*,#1807,.F.);
#2424=ORIENTED_EDGE('',*,*,#1804,.F.);
#2425=ORIENTED_EDGE('',*,*,#1808,.F.);
#2426=ORIENTED_EDGE('',*,*,#1809,.T.);
#2427=ORIENTED_EDGE('',*,*,#1810,.T.);
#2428=ORIENTED_EDGE('',*,*,#1811,.T.);
#2429=ORIENTED_EDGE('',*,*,#1812,.T.);
#2430=ORIENTED_EDGE('',*,*,#1813,.T.);
#2431=ORIENTED_EDGE('',*,*,#1814,.T.);
#2432=ORIENTED_EDGE('',*,*,#1815,.T.);
#2433=ORIENTED_EDGE('',*,*,#1816,.T.);
#2434=ORIENTED_EDGE('',*,*,#1805,.T.);
#2435=ORIENTED_EDGE('',*,*,#1817,.F.);
#2436=ORIENTED_EDGE('',*,*,#1818,.T.);
#2437=ORIENTED_EDGE('',*,*,#1816,.F.);
#2438=ORIENTED_EDGE('',*,*,#1818,.F.);
#2439=ORIENTED_EDGE('',*,*,#1819,.F.);
#2440=ORIENTED_EDGE('',*,*,#1820,.T.);
#2441=ORIENTED_EDGE('',*,*,#1815,.F.);
#2442=ORIENTED_EDGE('',*,*,#1820,.F.);
#2443=ORIENTED_EDGE('',*,*,#1821,.F.);
#2444=ORIENTED_EDGE('',*,*,#1822,.T.);
#2445=ORIENTED_EDGE('',*,*,#1814,.F.);
#2446=ORIENTED_EDGE('',*,*,#1822,.F.);
#2447=ORIENTED_EDGE('',*,*,#1823,.F.);
#2448=ORIENTED_EDGE('',*,*,#1824,.T.);
#2449=ORIENTED_EDGE('',*,*,#1813,.F.);
#2450=ORIENTED_EDGE('',*,*,#1824,.F.);
#2451=ORIENTED_EDGE('',*,*,#1825,.F.);
#2452=ORIENTED_EDGE('',*,*,#1826,.T.);
#2453=ORIENTED_EDGE('',*,*,#1812,.F.);
#2454=ORIENTED_EDGE('',*,*,#1826,.F.);
#2455=ORIENTED_EDGE('',*,*,#1827,.F.);
#2456=ORIENTED_EDGE('',*,*,#1828,.T.);
#2457=ORIENTED_EDGE('',*,*,#1811,.F.);
#2458=ORIENTED_EDGE('',*,*,#1828,.F.);
#2459=ORIENTED_EDGE('',*,*,#1829,.F.);
#2460=ORIENTED_EDGE('',*,*,#1830,.T.);
#2461=ORIENTED_EDGE('',*,*,#1810,.F.);
#2462=ORIENTED_EDGE('',*,*,#1830,.F.);
#2463=ORIENTED_EDGE('',*,*,#1831,.F.);
#2464=ORIENTED_EDGE('',*,*,#1832,.T.);
#2465=ORIENTED_EDGE('',*,*,#1809,.F.);
#2466=ORIENTED_EDGE('',*,*,#1832,.F.);
#2467=ORIENTED_EDGE('',*,*,#1833,.F.);
#2468=ORIENTED_EDGE('',*,*,#1834,.T.);
#2469=ORIENTED_EDGE('',*,*,#1835,.T.);
#2470=ORIENTED_EDGE('',*,*,#1834,.F.);
#2471=ORIENTED_EDGE('',*,*,#1836,.F.);
#2472=ORIENTED_EDGE('',*,*,#1837,.T.);
#2473=ORIENTED_EDGE('',*,*,#1838,.T.);
#2474=ORIENTED_EDGE('',*,*,#1837,.F.);
#2475=ORIENTED_EDGE('',*,*,#1838,.F.);
#2476=ORIENTED_EDGE('',*,*,#1835,.F.);
#2477=ORIENTED_EDGE('',*,*,#1839,.F.);
#2478=ORIENTED_EDGE('',*,*,#1836,.T.);
#2479=ORIENTED_EDGE('',*,*,#1801,.T.);
#2480=ORIENTED_EDGE('',*,*,#1840,.F.);
#2481=ORIENTED_EDGE('',*,*,#1841,.F.);
#2482=ORIENTED_EDGE('',*,*,#1842,.F.);
#2483=ORIENTED_EDGE('',*,*,#1843,.T.);
#2484=ORIENTED_EDGE('',*,*,#1844,.T.);
#2485=ORIENTED_EDGE('',*,*,#1843,.F.);
#2486=ORIENTED_EDGE('',*,*,#1844,.F.);
#2487=ORIENTED_EDGE('',*,*,#1845,.F.);
#2488=ORIENTED_EDGE('',*,*,#1840,.T.);
#2489=ORIENTED_EDGE('',*,*,#1846,.T.);
#2490=ORIENTED_EDGE('',*,*,#1847,.T.);
#2491=ORIENTED_EDGE('',*,*,#1846,.F.);
#2492=ORIENTED_EDGE('',*,*,#1847,.F.);
#2493=ORIENTED_EDGE('',*,*,#1848,.F.);
#2494=ORIENTED_EDGE('',*,*,#1848,.T.);
#2495=ORIENTED_EDGE('',*,*,#1849,.T.);
#2496=ORIENTED_EDGE('',*,*,#1850,.F.);
#2497=ORIENTED_EDGE('',*,*,#1851,.F.);
#2498=ORIENTED_EDGE('',*,*,#1849,.F.);
#2499=ORIENTED_EDGE('',*,*,#1845,.T.);
#2500=ORIENTED_EDGE('',*,*,#1852,.T.);
#2501=ORIENTED_EDGE('',*,*,#1853,.F.);
#2502=ORIENTED_EDGE('',*,*,#1854,.F.);
#2503=ORIENTED_EDGE('',*,*,#1852,.F.);
#2504=ORIENTED_EDGE('',*,*,#1855,.F.);
#2505=ORIENTED_EDGE('',*,*,#1856,.T.);
#2506=ORIENTED_EDGE('',*,*,#1857,.T.);
#2507=ORIENTED_EDGE('',*,*,#1856,.F.);
#2508=ORIENTED_EDGE('',*,*,#1853,.T.);
#2509=ORIENTED_EDGE('',*,*,#1854,.T.);
#2510=ORIENTED_EDGE('',*,*,#1857,.F.);
#2511=ORIENTED_EDGE('',*,*,#1858,.T.);
#2512=ORIENTED_EDGE('',*,*,#1859,.F.);
#2513=ORIENTED_EDGE('',*,*,#1858,.F.);
#2514=ORIENTED_EDGE('',*,*,#1860,.T.);
#2515=ORIENTED_EDGE('',*,*,#1861,.F.);
#2516=ORIENTED_EDGE('',*,*,#1861,.T.);
#2517=ORIENTED_EDGE('',*,*,#1862,.T.);
#2518=ORIENTED_EDGE('',*,*,#1859,.T.);
#2519=ORIENTED_EDGE('',*,*,#1862,.F.);
#2520=ORIENTED_EDGE('',*,*,#1802,.T.);
#2521=ORIENTED_EDGE('',*,*,#1855,.T.);
#2522=ORIENTED_EDGE('',*,*,#1863,.F.);
#2523=ORIENTED_EDGE('',*,*,#1864,.T.);
#2524=ORIENTED_EDGE('',*,*,#1808,.T.);
#2525=ORIENTED_EDGE('',*,*,#1864,.F.);
#2526=ORIENTED_EDGE('',*,*,#1841,.T.);
#2527=ORIENTED_EDGE('',*,*,#1842,.T.);
#2528=ORIENTED_EDGE('',*,*,#1863,.T.);
#2529=ORIENTED_EDGE('',*,*,#1817,.T.);
#2530=ORIENTED_EDGE('',*,*,#1819,.T.);
#2531=ORIENTED_EDGE('',*,*,#1821,.T.);
#2532=ORIENTED_EDGE('',*,*,#1823,.T.);
#2533=ORIENTED_EDGE('',*,*,#1825,.T.);
#2534=ORIENTED_EDGE('',*,*,#1827,.T.);
#2535=ORIENTED_EDGE('',*,*,#1829,.T.);
#2536=ORIENTED_EDGE('',*,*,#1831,.T.);
#2537=ORIENTED_EDGE('',*,*,#1865,.F.);
#2538=ORIENTED_EDGE('',*,*,#1866,.F.);
#2539=ORIENTED_EDGE('',*,*,#1867,.T.);
#2540=ORIENTED_EDGE('',*,*,#1865,.T.);
#2541=ORIENTED_EDGE('',*,*,#1867,.F.);
#2542=ORIENTED_EDGE('',*,*,#1798,.T.);
#2543=ORIENTED_EDGE('',*,*,#1799,.T.);
#2544=ORIENTED_EDGE('',*,*,#1866,.T.);
#2545=ORIENTED_EDGE('',*,*,#1868,.F.);
#2546=ORIENTED_EDGE('',*,*,#1868,.T.);
#2547=ORIENTED_EDGE('',*,*,#1869,.T.);
#2548=ORIENTED_EDGE('',*,*,#1870,.F.);
#2549=ORIENTED_EDGE('',*,*,#1869,.F.);
#2550=ORIENTED_EDGE('',*,*,#1833,.T.);
#2551=ORIENTED_EDGE('',*,*,#1870,.T.);
#2552=ORIENTED_EDGE('',*,*,#1839,.T.);
#2553=ORIENTED_EDGE('',*,*,#1871,.T.);
#2554=ORIENTED_EDGE('',*,*,#1860,.F.);
#2555=ORIENTED_EDGE('',*,*,#1871,.F.);
#2556=ORIENTED_EDGE('',*,*,#1850,.T.);
#2557=ORIENTED_EDGE('',*,*,#1851,.T.);
#2558=ORIENTED_EDGE('',*,*,#1872,.F.);
#2559=ORIENTED_EDGE('',*,*,#1873,.T.);
#2560=ORIENTED_EDGE('',*,*,#1874,.T.);
#2561=ORIENTED_EDGE('',*,*,#1873,.F.);
#2562=ORIENTED_EDGE('',*,*,#1875,.F.);
#2563=ORIENTED_EDGE('',*,*,#1876,.T.);
#2564=ORIENTED_EDGE('',*,*,#1877,.T.);
#2565=ORIENTED_EDGE('',*,*,#1876,.F.);
#2566=ORIENTED_EDGE('',*,*,#1877,.F.);
#2567=ORIENTED_EDGE('',*,*,#1874,.F.);
#2568=ORIENTED_EDGE('',*,*,#1878,.F.);
#2569=ORIENTED_EDGE('',*,*,#1879,.T.);
#2570=ORIENTED_EDGE('',*,*,#1880,.T.);
#2571=ORIENTED_EDGE('',*,*,#1881,.T.);
#2572=ORIENTED_EDGE('',*,*,#1882,.T.);
#2573=ORIENTED_EDGE('',*,*,#1883,.T.);
#2574=ORIENTED_EDGE('',*,*,#1884,.T.);
#2575=ORIENTED_EDGE('',*,*,#1885,.T.);
#2576=ORIENTED_EDGE('',*,*,#1886,.T.);
#2577=ORIENTED_EDGE('',*,*,#1875,.T.);
#2578=ORIENTED_EDGE('',*,*,#1887,.F.);
#2579=ORIENTED_EDGE('',*,*,#1888,.T.);
#2580=ORIENTED_EDGE('',*,*,#1886,.F.);
#2581=ORIENTED_EDGE('',*,*,#1888,.F.);
#2582=ORIENTED_EDGE('',*,*,#1889,.F.);
#2583=ORIENTED_EDGE('',*,*,#1890,.T.);
#2584=ORIENTED_EDGE('',*,*,#1885,.F.);
#2585=ORIENTED_EDGE('',*,*,#1890,.F.);
#2586=ORIENTED_EDGE('',*,*,#1891,.F.);
#2587=ORIENTED_EDGE('',*,*,#1892,.T.);
#2588=ORIENTED_EDGE('',*,*,#1884,.F.);
#2589=ORIENTED_EDGE('',*,*,#1892,.F.);
#2590=ORIENTED_EDGE('',*,*,#1893,.F.);
#2591=ORIENTED_EDGE('',*,*,#1894,.T.);
#2592=ORIENTED_EDGE('',*,*,#1883,.F.);
#2593=ORIENTED_EDGE('',*,*,#1894,.F.);
#2594=ORIENTED_EDGE('',*,*,#1895,.F.);
#2595=ORIENTED_EDGE('',*,*,#1896,.T.);
#2596=ORIENTED_EDGE('',*,*,#1882,.F.);
#2597=ORIENTED_EDGE('',*,*,#1896,.F.);
#2598=ORIENTED_EDGE('',*,*,#1897,.F.);
#2599=ORIENTED_EDGE('',*,*,#1898,.T.);
#2600=ORIENTED_EDGE('',*,*,#1881,.F.);
#2601=ORIENTED_EDGE('',*,*,#1898,.F.);
#2602=ORIENTED_EDGE('',*,*,#1899,.F.);
#2603=ORIENTED_EDGE('',*,*,#1900,.T.);
#2604=ORIENTED_EDGE('',*,*,#1880,.F.);
#2605=ORIENTED_EDGE('',*,*,#1900,.F.);
#2606=ORIENTED_EDGE('',*,*,#1901,.F.);
#2607=ORIENTED_EDGE('',*,*,#1902,.T.);
#2608=ORIENTED_EDGE('',*,*,#1879,.F.);
#2609=ORIENTED_EDGE('',*,*,#1902,.F.);
#2610=ORIENTED_EDGE('',*,*,#1903,.F.);
#2611=ORIENTED_EDGE('',*,*,#1904,.F.);
#2612=ORIENTED_EDGE('',*,*,#1905,.T.);
#2613=ORIENTED_EDGE('',*,*,#1906,.F.);
#2614=ORIENTED_EDGE('',*,*,#1907,.F.);
#2615=ORIENTED_EDGE('',*,*,#1905,.F.);
#2616=ORIENTED_EDGE('',*,*,#1908,.F.);
#2617=ORIENTED_EDGE('',*,*,#1909,.F.);
#2618=ORIENTED_EDGE('',*,*,#1910,.T.);
#2619=ORIENTED_EDGE('',*,*,#1911,.F.);
#2620=ORIENTED_EDGE('',*,*,#1912,.F.);
#2621=ORIENTED_EDGE('',*,*,#1910,.F.);
#2622=ORIENTED_EDGE('',*,*,#1913,.F.);
#2623=ORIENTED_EDGE('',*,*,#1914,.F.);
#2624=ORIENTED_EDGE('',*,*,#1915,.T.);
#2625=ORIENTED_EDGE('',*,*,#1916,.F.);
#2626=ORIENTED_EDGE('',*,*,#1917,.F.);
#2627=ORIENTED_EDGE('',*,*,#1915,.F.);
#2628=ORIENTED_EDGE('',*,*,#1918,.F.);
#2629=ORIENTED_EDGE('',*,*,#1919,.F.);
#2630=ORIENTED_EDGE('',*,*,#1920,.T.);
#2631=ORIENTED_EDGE('',*,*,#1921,.F.);
#2632=ORIENTED_EDGE('',*,*,#1922,.F.);
#2633=ORIENTED_EDGE('',*,*,#1920,.F.);
#2634=ORIENTED_EDGE('',*,*,#1923,.F.);
#2635=ORIENTED_EDGE('',*,*,#1924,.F.);
#2636=ORIENTED_EDGE('',*,*,#1925,.T.);
#2637=ORIENTED_EDGE('',*,*,#1926,.F.);
#2638=ORIENTED_EDGE('',*,*,#1927,.F.);
#2639=ORIENTED_EDGE('',*,*,#1925,.F.);
#2640=ORIENTED_EDGE('',*,*,#1928,.F.);
#2641=ORIENTED_EDGE('',*,*,#1929,.F.);
#2642=ORIENTED_EDGE('',*,*,#1930,.T.);
#2643=ORIENTED_EDGE('',*,*,#1931,.F.);
#2644=ORIENTED_EDGE('',*,*,#1932,.F.);
#2645=ORIENTED_EDGE('',*,*,#1930,.F.);
#2646=ORIENTED_EDGE('',*,*,#1933,.F.);
#2647=ORIENTED_EDGE('',*,*,#1934,.F.);
#2648=ORIENTED_EDGE('',*,*,#1935,.T.);
#2649=ORIENTED_EDGE('',*,*,#1936,.F.);
#2650=ORIENTED_EDGE('',*,*,#1937,.F.);
#2651=ORIENTED_EDGE('',*,*,#1935,.F.);
#2652=ORIENTED_EDGE('',*,*,#1938,.F.);
#2653=ORIENTED_EDGE('',*,*,#1939,.F.);
#2654=ORIENTED_EDGE('',*,*,#1940,.T.);
#2655=ORIENTED_EDGE('',*,*,#1941,.F.);
#2656=ORIENTED_EDGE('',*,*,#1942,.F.);
#2657=ORIENTED_EDGE('',*,*,#1940,.F.);
#2658=ORIENTED_EDGE('',*,*,#1943,.F.);
#2659=ORIENTED_EDGE('',*,*,#1944,.F.);
#2660=ORIENTED_EDGE('',*,*,#1945,.T.);
#2661=ORIENTED_EDGE('',*,*,#1946,.F.);
#2662=ORIENTED_EDGE('',*,*,#1947,.F.);
#2663=ORIENTED_EDGE('',*,*,#1945,.F.);
#2664=ORIENTED_EDGE('',*,*,#1948,.F.);
#2665=ORIENTED_EDGE('',*,*,#1949,.F.);
#2666=ORIENTED_EDGE('',*,*,#1950,.T.);
#2667=ORIENTED_EDGE('',*,*,#1951,.F.);
#2668=ORIENTED_EDGE('',*,*,#1952,.F.);
#2669=ORIENTED_EDGE('',*,*,#1950,.F.);
#2670=ORIENTED_EDGE('',*,*,#1953,.F.);
#2671=ORIENTED_EDGE('',*,*,#1954,.F.);
#2672=ORIENTED_EDGE('',*,*,#1955,.T.);
#2673=ORIENTED_EDGE('',*,*,#1956,.F.);
#2674=ORIENTED_EDGE('',*,*,#1957,.F.);
#2675=ORIENTED_EDGE('',*,*,#1955,.F.);
#2676=ORIENTED_EDGE('',*,*,#1958,.F.);
#2677=ORIENTED_EDGE('',*,*,#1959,.F.);
#2678=ORIENTED_EDGE('',*,*,#1960,.T.);
#2679=ORIENTED_EDGE('',*,*,#1961,.F.);
#2680=ORIENTED_EDGE('',*,*,#1962,.F.);
#2681=ORIENTED_EDGE('',*,*,#1963,.F.);
#2682=ORIENTED_EDGE('',*,*,#1960,.F.);
#2683=ORIENTED_EDGE('',*,*,#1964,.F.);
#2684=ORIENTED_EDGE('',*,*,#1965,.F.);
#2685=ORIENTED_EDGE('',*,*,#1966,.F.);
#2686=ORIENTED_EDGE('',*,*,#1967,.T.);
#2687=ORIENTED_EDGE('',*,*,#1968,.F.);
#2688=ORIENTED_EDGE('',*,*,#1969,.F.);
#2689=ORIENTED_EDGE('',*,*,#1967,.F.);
#2690=ORIENTED_EDGE('',*,*,#1970,.F.);
#2691=ORIENTED_EDGE('',*,*,#1971,.F.);
#2692=ORIENTED_EDGE('',*,*,#1972,.T.);
#2693=ORIENTED_EDGE('',*,*,#1973,.F.);
#2694=ORIENTED_EDGE('',*,*,#1974,.F.);
#2695=ORIENTED_EDGE('',*,*,#1972,.F.);
#2696=ORIENTED_EDGE('',*,*,#1975,.F.);
#2697=ORIENTED_EDGE('',*,*,#1976,.F.);
#2698=ORIENTED_EDGE('',*,*,#1977,.T.);
#2699=ORIENTED_EDGE('',*,*,#1978,.F.);
#2700=ORIENTED_EDGE('',*,*,#1979,.F.);
#2701=ORIENTED_EDGE('',*,*,#1977,.F.);
#2702=ORIENTED_EDGE('',*,*,#1980,.F.);
#2703=ORIENTED_EDGE('',*,*,#1981,.F.);
#2704=ORIENTED_EDGE('',*,*,#1982,.T.);
#2705=ORIENTED_EDGE('',*,*,#1983,.F.);
#2706=ORIENTED_EDGE('',*,*,#1984,.F.);
#2707=ORIENTED_EDGE('',*,*,#1982,.F.);
#2708=ORIENTED_EDGE('',*,*,#1985,.T.);
#2709=ORIENTED_EDGE('',*,*,#1986,.T.);
#2710=ORIENTED_EDGE('',*,*,#1987,.F.);
#2711=ORIENTED_EDGE('',*,*,#1986,.F.);
#2712=ORIENTED_EDGE('',*,*,#1872,.T.);
#2713=ORIENTED_EDGE('',*,*,#1987,.T.);
#2714=ORIENTED_EDGE('',*,*,#1988,.F.);
#2715=ORIENTED_EDGE('',*,*,#1989,.T.);
#2716=ORIENTED_EDGE('',*,*,#1878,.T.);
#2717=ORIENTED_EDGE('',*,*,#1989,.F.);
#2718=ORIENTED_EDGE('',*,*,#1988,.T.);
#2719=ORIENTED_EDGE('',*,*,#1887,.T.);
#2720=ORIENTED_EDGE('',*,*,#1889,.T.);
#2721=ORIENTED_EDGE('',*,*,#1891,.T.);
#2722=ORIENTED_EDGE('',*,*,#1893,.T.);
#2723=ORIENTED_EDGE('',*,*,#1895,.T.);
#2724=ORIENTED_EDGE('',*,*,#1897,.T.);
#2725=ORIENTED_EDGE('',*,*,#1899,.T.);
#2726=ORIENTED_EDGE('',*,*,#1901,.T.);
#2727=ORIENTED_EDGE('',*,*,#1990,.F.);
#2728=ORIENTED_EDGE('',*,*,#1991,.F.);
#2729=ORIENTED_EDGE('',*,*,#1992,.T.);
#2730=ORIENTED_EDGE('',*,*,#1964,.T.);
#2731=ORIENTED_EDGE('',*,*,#1993,.T.);
#2732=ORIENTED_EDGE('',*,*,#1990,.T.);
#2733=ORIENTED_EDGE('',*,*,#1993,.F.);
#2734=ORIENTED_EDGE('',*,*,#1959,.T.);
#2735=ORIENTED_EDGE('',*,*,#1958,.T.);
#2736=ORIENTED_EDGE('',*,*,#1992,.F.);
#2737=ORIENTED_EDGE('',*,*,#1903,.T.);
#2738=ORIENTED_EDGE('',*,*,#1904,.T.);
#2739=ORIENTED_EDGE('',*,*,#1908,.T.);
#2740=ORIENTED_EDGE('',*,*,#1909,.T.);
#2741=ORIENTED_EDGE('',*,*,#1913,.T.);
#2742=ORIENTED_EDGE('',*,*,#1914,.T.);
#2743=ORIENTED_EDGE('',*,*,#1918,.T.);
#2744=ORIENTED_EDGE('',*,*,#1919,.T.);
#2745=ORIENTED_EDGE('',*,*,#1923,.T.);
#2746=ORIENTED_EDGE('',*,*,#1924,.T.);
#2747=ORIENTED_EDGE('',*,*,#1928,.T.);
#2748=ORIENTED_EDGE('',*,*,#1929,.T.);
#2749=ORIENTED_EDGE('',*,*,#1933,.T.);
#2750=ORIENTED_EDGE('',*,*,#1934,.T.);
#2751=ORIENTED_EDGE('',*,*,#1938,.T.);
#2752=ORIENTED_EDGE('',*,*,#1939,.T.);
#2753=ORIENTED_EDGE('',*,*,#1943,.T.);
#2754=ORIENTED_EDGE('',*,*,#1944,.T.);
#2755=ORIENTED_EDGE('',*,*,#1948,.T.);
#2756=ORIENTED_EDGE('',*,*,#1949,.T.);
#2757=ORIENTED_EDGE('',*,*,#1953,.T.);
#2758=ORIENTED_EDGE('',*,*,#1954,.T.);
#2759=ORIENTED_EDGE('',*,*,#1965,.T.);
#2760=ORIENTED_EDGE('',*,*,#1966,.T.);
#2761=ORIENTED_EDGE('',*,*,#1970,.T.);
#2762=ORIENTED_EDGE('',*,*,#1971,.T.);
#2763=ORIENTED_EDGE('',*,*,#1975,.T.);
#2764=ORIENTED_EDGE('',*,*,#1976,.T.);
#2765=ORIENTED_EDGE('',*,*,#1980,.T.);
#2766=ORIENTED_EDGE('',*,*,#1981,.T.);
#2767=ORIENTED_EDGE('',*,*,#1991,.T.);
#2768=ORIENTED_EDGE('',*,*,#1994,.F.);
#2769=ORIENTED_EDGE('',*,*,#1994,.T.);
#2770=ORIENTED_EDGE('',*,*,#1995,.T.);
#2771=ORIENTED_EDGE('',*,*,#1962,.T.);
#2772=ORIENTED_EDGE('',*,*,#1961,.T.);
#2773=ORIENTED_EDGE('',*,*,#1996,.T.);
#2774=ORIENTED_EDGE('',*,*,#1997,.F.);
#2775=ORIENTED_EDGE('',*,*,#1996,.F.);
#2776=ORIENTED_EDGE('',*,*,#1963,.T.);
#2777=ORIENTED_EDGE('',*,*,#1995,.F.);
#2778=ORIENTED_EDGE('',*,*,#1906,.T.);
#2779=ORIENTED_EDGE('',*,*,#1907,.T.);
#2780=ORIENTED_EDGE('',*,*,#1911,.T.);
#2781=ORIENTED_EDGE('',*,*,#1912,.T.);
#2782=ORIENTED_EDGE('',*,*,#1916,.T.);
#2783=ORIENTED_EDGE('',*,*,#1917,.T.);
#2784=ORIENTED_EDGE('',*,*,#1921,.T.);
#2785=ORIENTED_EDGE('',*,*,#1922,.T.);
#2786=ORIENTED_EDGE('',*,*,#1926,.T.);
#2787=ORIENTED_EDGE('',*,*,#1927,.T.);
#2788=ORIENTED_EDGE('',*,*,#1931,.T.);
#2789=ORIENTED_EDGE('',*,*,#1932,.T.);
#2790=ORIENTED_EDGE('',*,*,#1936,.T.);
#2791=ORIENTED_EDGE('',*,*,#1937,.T.);
#2792=ORIENTED_EDGE('',*,*,#1941,.T.);
#2793=ORIENTED_EDGE('',*,*,#1942,.T.);
#2794=ORIENTED_EDGE('',*,*,#1946,.T.);
#2795=ORIENTED_EDGE('',*,*,#1947,.T.);
#2796=ORIENTED_EDGE('',*,*,#1951,.T.);
#2797=ORIENTED_EDGE('',*,*,#1952,.T.);
#2798=ORIENTED_EDGE('',*,*,#1956,.T.);
#2799=ORIENTED_EDGE('',*,*,#1957,.T.);
#2800=ORIENTED_EDGE('',*,*,#1968,.T.);
#2801=ORIENTED_EDGE('',*,*,#1969,.T.);
#2802=ORIENTED_EDGE('',*,*,#1973,.T.);
#2803=ORIENTED_EDGE('',*,*,#1974,.T.);
#2804=ORIENTED_EDGE('',*,*,#1978,.T.);
#2805=ORIENTED_EDGE('',*,*,#1979,.T.);
#2806=ORIENTED_EDGE('',*,*,#1983,.T.);
#2807=ORIENTED_EDGE('',*,*,#1984,.T.);
#2808=ORIENTED_EDGE('',*,*,#1997,.T.);
#2809=ORIENTED_EDGE('',*,*,#1985,.F.);
#2810=CYLINDRICAL_SURFACE('',#3161,8.75);
#2811=CYLINDRICAL_SURFACE('',#3164,10.25);
#2812=CYLINDRICAL_SURFACE('',#3170,70.);
#2813=CYLINDRICAL_SURFACE('',#3173,5.);
#2814=CYLINDRICAL_SURFACE('',#3176,5.);
#2815=CYLINDRICAL_SURFACE('',#3179,5.);
#2816=CYLINDRICAL_SURFACE('',#3182,5.);
#2817=CYLINDRICAL_SURFACE('',#3185,5.);
#2818=CYLINDRICAL_SURFACE('',#3188,5.);
#2819=CYLINDRICAL_SURFACE('',#3191,5.);
#2820=CYLINDRICAL_SURFACE('',#3194,5.);
#2821=CYLINDRICAL_SURFACE('',#3197,5.);
#2822=CYLINDRICAL_SURFACE('',#3202,1.);
#2823=CYLINDRICAL_SURFACE('',#3205,1.);
#2824=CYLINDRICAL_SURFACE('',#3208,7.);
#2825=CYLINDRICAL_SURFACE('',#3216,7.);
#2826=CYLINDRICAL_SURFACE('',#3218,4.);
#2827=CYLINDRICAL_SURFACE('',#3220,12.);
#2828=CYLINDRICAL_SURFACE('',#3222,2.);
#2829=CYLINDRICAL_SURFACE('',#3228,35.);
#2830=CYLINDRICAL_SURFACE('',#3231,39.6);
#2831=CYLINDRICAL_SURFACE('',#3245,70.);
#2832=CYLINDRICAL_SURFACE('',#3247,5.);
#2833=CYLINDRICAL_SURFACE('',#3249,5.);
#2834=CYLINDRICAL_SURFACE('',#3251,5.);
#2835=CYLINDRICAL_SURFACE('',#3253,5.);
#2836=CYLINDRICAL_SURFACE('',#3255,5.);
#2837=CYLINDRICAL_SURFACE('',#3257,5.);
#2838=CYLINDRICAL_SURFACE('',#3259,5.);
#2839=CYLINDRICAL_SURFACE('',#3261,5.);
#2840=CYLINDRICAL_SURFACE('',#3263,8.00000011920929);
#2841=CYLINDRICAL_SURFACE('',#3269,5.);
#2842=CYLINDRICAL_SURFACE('',#3275,4.);
#2843=CYLINDRICAL_SURFACE('',#3282,28.);
#2844=CYLINDRICAL_SURFACE('',#3285,20.);
#2845=CYLINDRICAL_SURFACE('',#3288,7.00000010430813);
#2846=CYLINDRICAL_SURFACE('',#3296,11.0000003324822);
#2847=CYLINDRICAL_SURFACE('',#3297,1.99999999999999);
#2848=CYLINDRICAL_SURFACE('',#3300,1.99999999999999);
#2849=CYLINDRICAL_SURFACE('',#3303,1.99999999999999);
#2850=CYLINDRICAL_SURFACE('',#3306,1.99999999999999);
#2851=CYLINDRICAL_SURFACE('',#3309,1.99999999999999);
#2852=CYLINDRICAL_SURFACE('',#3312,1.99999999999999);
#2853=CYLINDRICAL_SURFACE('',#3315,1.99999999999999);
#2854=CYLINDRICAL_SURFACE('',#3318,1.99999999999999);
#2855=CYLINDRICAL_SURFACE('',#3321,1.99999999999999);
#2856=CYLINDRICAL_SURFACE('',#3324,1.99999999999999);
#2857=CYLINDRICAL_SURFACE('',#3327,1.99999999999999);
#2858=CYLINDRICAL_SURFACE('',#3330,1.99999999999999);
#2859=CYLINDRICAL_SURFACE('',#3333,1.99999999999999);
#2860=CYLINDRICAL_SURFACE('',#3336,1.99999999999999);
#2861=CYLINDRICAL_SURFACE('',#3339,1.99999999999999);
#2862=CYLINDRICAL_SURFACE('',#3342,1.99999999999999);
#2863=CYLINDRICAL_SURFACE('',#3345,30.);
#2864=CYLINDRICAL_SURFACE('',#3350,34.5);
#2865=CYLINDRICAL_SURFACE('',#3354,35.500000551343);
#2866=CYLINDRICAL_SURFACE('',#3358,37.000000551343);
#2867=CYLINDRICAL_SURFACE('',#3362,38.);
#2868=CYLINDRICAL_SURFACE('',#3365,28.6);
#2869=CYLINDRICAL_SURFACE('',#3371,7.);
#2870=CYLINDRICAL_SURFACE('',#3375,11.0000001639128);
#2871=CYLINDRICAL_SURFACE('',#3377,45.5);
#2872=CYLINDRICAL_SURFACE('',#3380,47.);
#2873=CYLINDRICAL_SURFACE('',#3394,5.);
#2874=CYLINDRICAL_SURFACE('',#3396,5.);
#2875=CYLINDRICAL_SURFACE('',#3398,5.);
#2876=CYLINDRICAL_SURFACE('',#3400,5.);
#2877=CYLINDRICAL_SURFACE('',#3402,5.);
#2878=CYLINDRICAL_SURFACE('',#3404,5.);
#2879=CYLINDRICAL_SURFACE('',#3406,5.);
#2880=CYLINDRICAL_SURFACE('',#3408,5.);
#2881=CYLINDRICAL_SURFACE('',#3410,20.0000002980232);
#2882=CYLINDRICAL_SURFACE('',#3413,24.6000002980232);
#2883=CYLINDRICAL_SURFACE('',#3421,5.);
#2884=CYLINDRICAL_SURFACE('',#3425,5.00000007450581);
#2885=CYLINDRICAL_SURFACE('',#3429,3.99999999999999);
#2886=CYLINDRICAL_SURFACE('',#3430,4.00000005960464);
#2887=CYLINDRICAL_SURFACE('',#3431,42.0000005960464);
#2888=CYLINDRICAL_SURFACE('',#3439,28.6);
#2889=CYLINDRICAL_SURFACE('',#3441,70.);
#2890=CYLINDRICAL_SURFACE('',#3445,48.);
#2891=CYLINDRICAL_SURFACE('',#3449,18.);
#2892=CYLINDRICAL_SURFACE('',#3452,40.);
#2893=CYLINDRICAL_SURFACE('',#3454,35.);
#2894=CYLINDRICAL_SURFACE('',#3457,39.6);
#2895=CYLINDRICAL_SURFACE('',#3471,5.);
#2896=CYLINDRICAL_SURFACE('',#3473,5.);
#2897=CYLINDRICAL_SURFACE('',#3475,5.);
#2898=CYLINDRICAL_SURFACE('',#3477,5.);
#2899=CYLINDRICAL_SURFACE('',#3479,5.);
#2900=CYLINDRICAL_SURFACE('',#3481,5.);
#2901=CYLINDRICAL_SURFACE('',#3483,5.);
#2902=CYLINDRICAL_SURFACE('',#3485,5.);
#2903=CYLINDRICAL_SURFACE('',#3487,1.99999999999999);
#2904=CYLINDRICAL_SURFACE('',#3488,1.99999999999999);
#2905=CYLINDRICAL_SURFACE('',#3489,1.99999999999999);
#2906=CYLINDRICAL_SURFACE('',#3490,1.99999999999999);
#2907=CYLINDRICAL_SURFACE('',#3491,1.99999999999999);
#2908=CYLINDRICAL_SURFACE('',#3492,1.99999999999999);
#2909=CYLINDRICAL_SURFACE('',#3493,1.99999999999999);
#2910=CYLINDRICAL_SURFACE('',#3494,1.99999999999999);
#2911=CYLINDRICAL_SURFACE('',#3495,1.99999999999999);
#2912=CYLINDRICAL_SURFACE('',#3496,1.99999999999999);
#2913=CYLINDRICAL_SURFACE('',#3497,1.99999999999999);
#2914=CYLINDRICAL_SURFACE('',#3498,1.99999999999999);
#2915=CYLINDRICAL_SURFACE('',#3499,1.99999999999999);
#2916=CYLINDRICAL_SURFACE('',#3500,1.99999999999999);
#2917=CYLINDRICAL_SURFACE('',#3501,1.99999999999999);
#2918=CYLINDRICAL_SURFACE('',#3502,1.99999999999999);
#2919=CYLINDRICAL_SURFACE('',#3503,30.);
#2920=CYLINDRICAL_SURFACE('',#3507,70.);
#2921=CYLINDRICAL_SURFACE('',#3511,38.);
#2922=CYLINDRICAL_SURFACE('',#3515,34.5);
#2923=ADVANCED_FACE('',(#379),#2810,.T.);
#2924=ADVANCED_FACE('',(#380),#2811,.F.);
#2925=ADVANCED_FACE('',(#381,#163),#322,.T.);
#2926=ADVANCED_FACE('',(#382,#164),#323,.T.);
#2927=ADVANCED_FACE('',(#383),#2812,.T.);
#2928=ADVANCED_FACE('',(#384),#2813,.F.);
#2929=ADVANCED_FACE('',(#385),#2814,.F.);
#2930=ADVANCED_FACE('',(#386),#2815,.F.);
#2931=ADVANCED_FACE('',(#387),#2816,.F.);
#2932=ADVANCED_FACE('',(#388),#2817,.F.);
#2933=ADVANCED_FACE('',(#389),#2818,.F.);
#2934=ADVANCED_FACE('',(#390),#2819,.F.);
#2935=ADVANCED_FACE('',(#391),#2820,.F.);
#2936=ADVANCED_FACE('',(#392),#2821,.F.);
#2937=ADVANCED_FACE('',(#393,#165),#324,.T.);
#2938=ADVANCED_FACE('',(#394),#2822,.F.);
#2939=ADVANCED_FACE('',(#395),#2823,.F.);
#2940=ADVANCED_FACE('',(#396),#2824,.T.);
#2941=ADVANCED_FACE('',(#397,#166),#325,.T.);
#2942=ADVANCED_FACE('',(#398,#167),#326,.T.);
#2943=ADVANCED_FACE('',(#399,#168),#327,.F.);
#2944=ADVANCED_FACE('',(#400),#2825,.T.);
#2945=ADVANCED_FACE('',(#401),#2826,.F.);
#2946=ADVANCED_FACE('',(#402),#2827,.T.);
#2947=ADVANCED_FACE('',(#403,#169,#170,#171,#172,#173,#174,#175,#176,#177,
#178,#179),#328,.T.);
#2948=ADVANCED_FACE('',(#404),#2828,.F.);
#2949=ADVANCED_FACE('',(#405,#180),#329,.T.);
#2950=ADVANCED_FACE('',(#406,#181,#182,#183,#184,#185,#186,#187,#188,#189,
#190,#191),#330,.F.);
#2951=ADVANCED_FACE('',(#407),#2829,.T.);
#2952=ADVANCED_FACE('',(#408),#2830,.F.);
#2953=ADVANCED_FACE('',(#409,#192),#331,.T.);
#2954=ADVANCED_FACE('',(#410,#193,#194,#195,#196,#197,#198,#199,#200,#201),
#332,.F.);
#2955=ADVANCED_FACE('',(#411),#2831,.T.);
#2956=ADVANCED_FACE('',(#412),#2832,.F.);
#2957=ADVANCED_FACE('',(#413),#2833,.F.);
#2958=ADVANCED_FACE('',(#414),#2834,.F.);
#2959=ADVANCED_FACE('',(#415),#2835,.F.);
#2960=ADVANCED_FACE('',(#416),#2836,.F.);
#2961=ADVANCED_FACE('',(#417),#2837,.F.);
#2962=ADVANCED_FACE('',(#418),#2838,.F.);
#2963=ADVANCED_FACE('',(#419),#2839,.F.);
#2964=ADVANCED_FACE('',(#420),#2840,.T.);
#2965=ADVANCED_FACE('',(#421,#202),#333,.T.);
#2966=ADVANCED_FACE('',(#422),#2841,.F.);
#2967=ADVANCED_FACE('',(#423,#203),#334,.T.);
#2968=ADVANCED_FACE('',(#424,#204,#205),#335,.F.);
#2969=ADVANCED_FACE('',(#425),#2842,.F.);
#2970=ADVANCED_FACE('',(#426,#206),#336,.F.);
#2971=ADVANCED_FACE('',(#427),#2843,.T.);
#2972=ADVANCED_FACE('',(#428,#207,#208,#209,#210,#211,#212,#213,#214,#215),
#337,.F.);
#2973=ADVANCED_FACE('',(#429),#2844,.F.);
#2974=ADVANCED_FACE('',(#430,#216),#338,.F.);
#2975=ADVANCED_FACE('',(#431),#2845,.F.);
#2976=ADVANCED_FACE('',(#432),#138,.T.);
#2977=ADVANCED_FACE('',(#433),#139,.T.);
#2978=ADVANCED_FACE('',(#434),#2846,.T.);
#2979=ADVANCED_FACE('',(#435),#2847,.F.);
#2980=ADVANCED_FACE('',(#436),#339,.T.);
#2981=ADVANCED_FACE('',(#437),#2848,.F.);
#2982=ADVANCED_FACE('',(#438),#340,.T.);
#2983=ADVANCED_FACE('',(#439),#2849,.F.);
#2984=ADVANCED_FACE('',(#440),#341,.T.);
#2985=ADVANCED_FACE('',(#441),#2850,.F.);
#2986=ADVANCED_FACE('',(#442),#342,.T.);
#2987=ADVANCED_FACE('',(#443),#2851,.F.);
#2988=ADVANCED_FACE('',(#444),#343,.T.);
#2989=ADVANCED_FACE('',(#445),#2852,.F.);
#2990=ADVANCED_FACE('',(#446),#344,.T.);
#2991=ADVANCED_FACE('',(#447),#2853,.F.);
#2992=ADVANCED_FACE('',(#448),#345,.T.);
#2993=ADVANCED_FACE('',(#449),#2854,.F.);
#2994=ADVANCED_FACE('',(#450),#346,.T.);
#2995=ADVANCED_FACE('',(#451),#2855,.F.);
#2996=ADVANCED_FACE('',(#452),#347,.T.);
#2997=ADVANCED_FACE('',(#453),#2856,.F.);
#2998=ADVANCED_FACE('',(#454),#348,.T.);
#2999=ADVANCED_FACE('',(#455),#2857,.F.);
#3000=ADVANCED_FACE('',(#456),#349,.T.);
#3001=ADVANCED_FACE('',(#457),#2858,.F.);
#3002=ADVANCED_FACE('',(#458),#350,.T.);
#3003=ADVANCED_FACE('',(#459),#2859,.F.);
#3004=ADVANCED_FACE('',(#460),#351,.T.);
#3005=ADVANCED_FACE('',(#461),#2860,.F.);
#3006=ADVANCED_FACE('',(#462),#352,.T.);
#3007=ADVANCED_FACE('',(#463),#2861,.F.);
#3008=ADVANCED_FACE('',(#464),#353,.T.);
#3009=ADVANCED_FACE('',(#465),#2862,.F.);
#3010=ADVANCED_FACE('',(#466),#354,.T.);
#3011=ADVANCED_FACE('',(#467),#2863,.F.);
#3012=ADVANCED_FACE('',(#468,#217),#355,.T.);
#3013=ADVANCED_FACE('',(#469,#218,#219,#220,#221,#222,#223,#224,#225,#226,
#227,#228,#229,#230,#231,#232),#2864,.T.);
#3014=ADVANCED_FACE('',(#470,#233),#356,.T.);
#3015=ADVANCED_FACE('',(#471),#2865,.T.);
#3016=ADVANCED_FACE('',(#472,#234),#357,.T.);
#3017=ADVANCED_FACE('',(#473),#2866,.F.);
#3018=ADVANCED_FACE('',(#474,#235),#358,.T.);
#3019=ADVANCED_FACE('',(#475),#2867,.T.);
#3020=ADVANCED_FACE('',(#476,#236),#359,.T.);
#3021=ADVANCED_FACE('',(#477),#2868,.T.);
#3022=ADVANCED_FACE('',(#478,#237),#360,.T.);
#3023=ADVANCED_FACE('',(#479),#140,.F.);
#3024=ADVANCED_FACE('',(#480),#2869,.F.);
#3025=ADVANCED_FACE('',(#481),#141,.F.);
#3026=ADVANCED_FACE('',(#482),#2870,.T.);
#3027=ADVANCED_FACE('',(#483),#2871,.T.);
#3028=ADVANCED_FACE('',(#484),#2872,.F.);
#3029=ADVANCED_FACE('',(#485,#238),#361,.T.);
#3030=ADVANCED_FACE('',(#486,#239,#240,#241,#242,#243,#244,#245,#246,#247),
#362,.T.);
#3031=ADVANCED_FACE('',(#487),#2873,.F.);
#3032=ADVANCED_FACE('',(#488),#2874,.F.);
#3033=ADVANCED_FACE('',(#489),#2875,.F.);
#3034=ADVANCED_FACE('',(#490),#2876,.F.);
#3035=ADVANCED_FACE('',(#491),#2877,.F.);
#3036=ADVANCED_FACE('',(#492),#2878,.F.);
#3037=ADVANCED_FACE('',(#493),#2879,.F.);
#3038=ADVANCED_FACE('',(#494),#2880,.F.);
#3039=ADVANCED_FACE('',(#495),#2881,.T.);
#3040=ADVANCED_FACE('',(#496),#2882,.F.);
#3041=ADVANCED_FACE('',(#497,#248),#363,.F.);
#3042=ADVANCED_FACE('',(#498,#249),#364,.T.);
#3043=ADVANCED_FACE('',(#499,#250),#365,.T.);
#3044=ADVANCED_FACE('',(#500),#2883,.F.);
#3045=ADVANCED_FACE('',(#501,#251),#366,.T.);
#3046=ADVANCED_FACE('',(#502),#2884,.F.);
#3047=ADVANCED_FACE('',(#503,#252),#367,.T.);
#3048=ADVANCED_FACE('',(#504),#2885,.F.);
#3049=ADVANCED_FACE('',(#505),#2886,.F.);
#3050=ADVANCED_FACE('',(#506,#253),#2887,.F.);
#3051=ADVANCED_FACE('',(#507),#142,.F.);
#3052=ADVANCED_FACE('',(#508,#254),#368,.T.);
#3053=ADVANCED_FACE('',(#509),#2888,.F.);
#3054=ADVANCED_FACE('',(#510,#255),#369,.T.);
#3055=ADVANCED_FACE('',(#511,#256),#2889,.T.);
#3056=ADVANCED_FACE('',(#512,#257,#258,#259,#260,#261,#262,#263,#264,#265),
#370,.T.);
#3057=ADVANCED_FACE('',(#513,#266),#2890,.T.);
#3058=ADVANCED_FACE('',(#514,#267),#371,.T.);
#3059=ADVANCED_FACE('',(#515),#2891,.F.);
#3060=ADVANCED_FACE('',(#516,#268),#372,.T.);
#3061=ADVANCED_FACE('',(#517,#269),#2892,.F.);
#3062=ADVANCED_FACE('',(#518),#2893,.T.);
#3063=ADVANCED_FACE('',(#519),#2894,.F.);
#3064=ADVANCED_FACE('',(#520,#270),#373,.F.);
#3065=ADVANCED_FACE('',(#521,#271,#272,#273,#274,#275,#276,#277,#278,#279),
#374,.T.);
#3066=ADVANCED_FACE('',(#522),#2895,.F.);
#3067=ADVANCED_FACE('',(#523),#2896,.F.);
#3068=ADVANCED_FACE('',(#524),#2897,.F.);
#3069=ADVANCED_FACE('',(#525),#2898,.F.);
#3070=ADVANCED_FACE('',(#526),#2899,.F.);
#3071=ADVANCED_FACE('',(#527),#2900,.F.);
#3072=ADVANCED_FACE('',(#528),#2901,.F.);
#3073=ADVANCED_FACE('',(#529),#2902,.F.);
#3074=ADVANCED_FACE('',(#530),#2903,.F.);
#3075=ADVANCED_FACE('',(#531),#2904,.F.);
#3076=ADVANCED_FACE('',(#532),#2905,.F.);
#3077=ADVANCED_FACE('',(#533),#2906,.F.);
#3078=ADVANCED_FACE('',(#534),#2907,.F.);
#3079=ADVANCED_FACE('',(#535),#2908,.F.);
#3080=ADVANCED_FACE('',(#536),#2909,.F.);
#3081=ADVANCED_FACE('',(#537),#2910,.F.);
#3082=ADVANCED_FACE('',(#538),#2911,.F.);
#3083=ADVANCED_FACE('',(#539),#2912,.F.);
#3084=ADVANCED_FACE('',(#540),#2913,.F.);
#3085=ADVANCED_FACE('',(#541),#2914,.F.);
#3086=ADVANCED_FACE('',(#542),#2915,.F.);
#3087=ADVANCED_FACE('',(#543),#2916,.F.);
#3088=ADVANCED_FACE('',(#544),#2917,.F.);
#3089=ADVANCED_FACE('',(#545),#2918,.F.);
#3090=ADVANCED_FACE('',(#546),#2919,.F.);
#3091=ADVANCED_FACE('',(#547,#280),#375,.T.);
#3092=ADVANCED_FACE('',(#548),#2920,.T.);
#3093=ADVANCED_FACE('',(#549,#281,#282,#283,#284,#285,#286,#287,#288,#289),
#376,.T.);
#3094=ADVANCED_FACE('',(#550,#290,#291,#292,#293,#294,#295,#296,#297,#298,
#299,#300,#301,#302,#303,#304),#2921,.T.);
#3095=ADVANCED_FACE('',(#551,#305),#377,.T.);
#3096=ADVANCED_FACE('',(#552,#306,#307,#308,#309,#310,#311,#312,#313,#314,
#315,#316,#317,#318,#319,#320),#2922,.F.);
#3097=ADVANCED_FACE('',(#553,#321),#378,.T.);
#3098=CLOSED_SHELL('',(#2923,#2924,#2925,#2926,#2927,#2928,#2929,#2930,
#2931,#2932,#2933,#2934,#2935,#2936,#2937,#2938,#2939,#2940,#2941,#2942,
#2943,#2944,#2945,#2946,#2947,#2948,#2949,#2950));
#3099=CLOSED_SHELL('',(#2951,#2952,#2953,#2954,#2955,#2956,#2957,#2958,
#2959,#2960,#2961,#2962,#2963,#2964,#2965,#2966,#2967,#2968,#2969,#2970,
#2971,#2972,#2973,#2974,#2975));
#3100=CLOSED_SHELL('',(#2976,#2977,#2978,#2979,#2980,#2981,#2982,#2983,
#2984,#2985,#2986,#2987,#2988,#2989,#2990,#2991,#2992,#2993,#2994,#2995,
#2996,#2997,#2998,#2999,#3000,#3001,#3002,#3003,#3004,#3005,#3006,#3007,
#3008,#3009,#3010,#3011,#3012,#3013,#3014,#3015,#3016,#3017,#3018,#3019,
#3020,#3021,#3022,#3023,#3024,#3025));
#3101=CLOSED_SHELL('',(#3026,#3027,#3028,#3029,#3030,#3031,#3032,#3033,
#3034,#3035,#3036,#3037,#3038,#3039,#3040,#3041,#3042,#3043,#3044,#3045,
#3046,#3047,#3048,#3049,#3050,#3051,#3052,#3053,#3054,#3055,#3056,#3057,
#3058,#3059,#3060,#3061));
#3102=CLOSED_SHELL('',(#3062,#3063,#3064,#3065,#3066,#3067,#3068,#3069,
#3070,#3071,#3072,#3073,#3074,#3075,#3076,#3077,#3078,#3079,#3080,#3081,
#3082,#3083,#3084,#3085,#3086,#3087,#3088,#3089,#3090,#3091,#3092,#3093,
#3094,#3095,#3096,#3097));
#3103=DERIVED_UNIT_ELEMENT(#3113,1.);
#3104=DERIVED_UNIT_ELEMENT(#7034,-3.);
#3105=DERIVED_UNIT_ELEMENT(#3113,1.);
#3106=DERIVED_UNIT_ELEMENT(#7034,-3.);
#3107=DERIVED_UNIT_ELEMENT(#3113,1.);
#3108=DERIVED_UNIT_ELEMENT(#7034,-3.);
#3109=DERIVED_UNIT_ELEMENT(#3113,1.);
#3110=DERIVED_UNIT_ELEMENT(#7034,-3.);
#3111=DERIVED_UNIT_ELEMENT(#3113,1.);
#3112=DERIVED_UNIT_ELEMENT(#7034,-3.);
#3113=(
MASS_UNIT()
NAMED_UNIT(*)
SI_UNIT(.KILO.,.GRAM.)
);
#3114=DERIVED_UNIT((#3103,#3104));
#3115=DERIVED_UNIT((#3105,#3106));
#3116=DERIVED_UNIT((#3107,#3108));
#3117=DERIVED_UNIT((#3109,#3110));
#3118=DERIVED_UNIT((#3111,#3112));
#3119=MEASURE_REPRESENTATION_ITEM('density measure',
POSITIVE_RATIO_MEASURE(7850.),#3114);
#3120=MEASURE_REPRESENTATION_ITEM('density measure',
POSITIVE_RATIO_MEASURE(7850.),#3115);
#3121=MEASURE_REPRESENTATION_ITEM('density measure',
POSITIVE_RATIO_MEASURE(7850.),#3116);
#3122=MEASURE_REPRESENTATION_ITEM('density measure',
POSITIVE_RATIO_MEASURE(7850.),#3117);
#3123=MEASURE_REPRESENTATION_ITEM('density measure',
POSITIVE_RATIO_MEASURE(7850.),#3118);
#3124=PROPERTY_DEFINITION_REPRESENTATION(#3149,#3134);
#3125=PROPERTY_DEFINITION_REPRESENTATION(#3150,#3135);
#3126=PROPERTY_DEFINITION_REPRESENTATION(#3151,#3136);
#3127=PROPERTY_DEFINITION_REPRESENTATION(#3152,#3137);
#3128=PROPERTY_DEFINITION_REPRESENTATION(#3153,#3138);
#3129=PROPERTY_DEFINITION_REPRESENTATION(#3154,#3139);
#3130=PROPERTY_DEFINITION_REPRESENTATION(#3155,#3140);
#3131=PROPERTY_DEFINITION_REPRESENTATION(#3156,#3141);
#3132=PROPERTY_DEFINITION_REPRESENTATION(#3157,#3142);
#3133=PROPERTY_DEFINITION_REPRESENTATION(#3158,#3143);
#3134=REPRESENTATION('material name',(#3144),#7027);
#3135=REPRESENTATION('density',(#3119),#7027);
#3136=REPRESENTATION('material name',(#3145),#7028);
#3137=REPRESENTATION('density',(#3120),#7028);
#3138=REPRESENTATION('material name',(#3146),#7029);
#3139=REPRESENTATION('density',(#3121),#7029);
#3140=REPRESENTATION('material name',(#3147),#7030);
#3141=REPRESENTATION('density',(#3122),#7030);
#3142=REPRESENTATION('material name',(#3148),#7031);
#3143=REPRESENTATION('density',(#3123),#7031);
#3144=DESCRIPTIVE_REPRESENTATION_ITEM('Steel','Steel');
#3145=DESCRIPTIVE_REPRESENTATION_ITEM('Steel','Steel');
#3146=DESCRIPTIVE_REPRESENTATION_ITEM('Steel','Steel');
#3147=DESCRIPTIVE_REPRESENTATION_ITEM('Steel','Steel');
#3148=DESCRIPTIVE_REPRESENTATION_ITEM('Steel','Steel');
#3149=PROPERTY_DEFINITION('material property','material name',#7062);
#3150=PROPERTY_DEFINITION('material property','density of part',#7062);
#3151=PROPERTY_DEFINITION('material property','material name',#7063);
#3152=PROPERTY_DEFINITION('material property','density of part',#7063);
#3153=PROPERTY_DEFINITION('material property','material name',#7064);
#3154=PROPERTY_DEFINITION('material property','density of part',#7064);
#3155=PROPERTY_DEFINITION('material property','material name',#7065);
#3156=PROPERTY_DEFINITION('material property','density of part',#7065);
#3157=PROPERTY_DEFINITION('material property','material name',#7066);
#3158=PROPERTY_DEFINITION('material property','density of part',#7066);
#3159=AXIS2_PLACEMENT_3D('',#4372,#3523,#3524);
#3160=AXIS2_PLACEMENT_3D('',#4373,#3525,#3526);
#3161=AXIS2_PLACEMENT_3D('',#4374,#3527,#3528);
#3162=AXIS2_PLACEMENT_3D('',#4376,#3529,#3530);
#3163=AXIS2_PLACEMENT_3D('',#4379,#3532,#3533);
#3164=AXIS2_PLACEMENT_3D('',#4380,#3534,#3535);
#3165=AXIS2_PLACEMENT_3D('',#4382,#3536,#3537);
#3166=AXIS2_PLACEMENT_3D('',#4385,#3539,#3540);
#3167=AXIS2_PLACEMENT_3D('',#4386,#3541,#3542);
#3168=AXIS2_PLACEMENT_3D('',#4387,#3543,#3544);
#3169=AXIS2_PLACEMENT_3D('',#4389,#3545,#3546);
#3170=AXIS2_PLACEMENT_3D('',#4390,#3547,#3548);
#3171=AXIS2_PLACEMENT_3D('',#4392,#3549,#3550);
#3172=AXIS2_PLACEMENT_3D('',#4395,#3552,#3553);
#3173=AXIS2_PLACEMENT_3D('',#4396,#3554,#3555);
#3174=AXIS2_PLACEMENT_3D('',#4398,#3556,#3557);
#3175=AXIS2_PLACEMENT_3D('',#4401,#3559,#3560);
#3176=AXIS2_PLACEMENT_3D('',#4402,#3561,#3562);
#3177=AXIS2_PLACEMENT_3D('',#4404,#3563,#3564);
#3178=AXIS2_PLACEMENT_3D('',#4407,#3566,#3567);
#3179=AXIS2_PLACEMENT_3D('',#4408,#3568,#3569);
#3180=AXIS2_PLACEMENT_3D('',#4410,#3570,#3571);
#3181=AXIS2_PLACEMENT_3D('',#4413,#3573,#3574);
#3182=AXIS2_PLACEMENT_3D('',#4414,#3575,#3576);
#3183=AXIS2_PLACEMENT_3D('',#4416,#3577,#3578);
#3184=AXIS2_PLACEMENT_3D('',#4419,#3580,#3581);
#3185=AXIS2_PLACEMENT_3D('',#4420,#3582,#3583);
#3186=AXIS2_PLACEMENT_3D('',#4422,#3584,#3585);
#3187=AXIS2_PLACEMENT_3D('',#4425,#3587,#3588);
#3188=AXIS2_PLACEMENT_3D('',#4426,#3589,#3590);
#3189=AXIS2_PLACEMENT_3D('',#4428,#3591,#3592);
#3190=AXIS2_PLACEMENT_3D('',#4431,#3594,#3595);
#3191=AXIS2_PLACEMENT_3D('',#4432,#3596,#3597);
#3192=AXIS2_PLACEMENT_3D('',#4434,#3598,#3599);
#3193=AXIS2_PLACEMENT_3D('',#4437,#3601,#3602);
#3194=AXIS2_PLACEMENT_3D('',#4438,#3603,#3604);
#3195=AXIS2_PLACEMENT_3D('',#4440,#3605,#3606);
#3196=AXIS2_PLACEMENT_3D('',#4443,#3608,#3609);
#3197=AXIS2_PLACEMENT_3D('',#4444,#3610,#3611);
#3198=AXIS2_PLACEMENT_3D('',#4446,#3612,#3613);
#3199=AXIS2_PLACEMENT_3D('',#4449,#3615,#3616);
#3200=AXIS2_PLACEMENT_3D('',#4450,#3617,#3618);
#3201=AXIS2_PLACEMENT_3D('',#4452,#3619,#3620);
#3202=AXIS2_PLACEMENT_3D('',#4453,#3621,#3622);
#3203=AXIS2_PLACEMENT_3D('',#4455,#3623,#3624);
#3204=AXIS2_PLACEMENT_3D('',#4458,#3626,#3627);
#3205=AXIS2_PLACEMENT_3D('',#4459,#3628,#3629);
#3206=AXIS2_PLACEMENT_3D('',#4461,#3630,#3631);
#3207=AXIS2_PLACEMENT_3D('',#4464,#3633,#3634);
#3208=AXIS2_PLACEMENT_3D('',#4465,#3635,#3636);
#3209=AXIS2_PLACEMENT_3D('',#4467,#3637,#3638);
#3210=AXIS2_PLACEMENT_3D('',#4470,#3640,#3641);
#3211=AXIS2_PLACEMENT_3D('',#4471,#3642,#3643);
#3212=AXIS2_PLACEMENT_3D('',#4472,#3644,#3645);
#3213=AXIS2_PLACEMENT_3D('',#4473,#3646,#3647);
#3214=AXIS2_PLACEMENT_3D('',#4475,#3648,#3649);
#3215=AXIS2_PLACEMENT_3D('',#4477,#3650,#3651);
#3216=AXIS2_PLACEMENT_3D('',#4478,#3652,#3653);
#3217=AXIS2_PLACEMENT_3D('',#4480,#3654,#3655);
#3218=AXIS2_PLACEMENT_3D('',#4482,#3657,#3658);
#3219=AXIS2_PLACEMENT_3D('',#4485,#3660,#3661);
#3220=AXIS2_PLACEMENT_3D('',#4486,#3662,#3663);
#3221=AXIS2_PLACEMENT_3D('',#4488,#3665,#3666);
#3222=AXIS2_PLACEMENT_3D('',#4489,#3667,#3668);
#3223=AXIS2_PLACEMENT_3D('',#4491,#3669,#3670);
#3224=AXIS2_PLACEMENT_3D('',#4494,#3672,#3673);
#3225=AXIS2_PLACEMENT_3D('',#4495,#3674,#3675);
#3226=AXIS2_PLACEMENT_3D('',#4496,#3676,#3677);
#3227=AXIS2_PLACEMENT_3D('',#4497,#3678,#3679);
#3228=AXIS2_PLACEMENT_3D('',#4498,#3680,#3681);
#3229=AXIS2_PLACEMENT_3D('',#4500,#3682,#3683);
#3230=AXIS2_PLACEMENT_3D('',#4503,#3685,#3686);
#3231=AXIS2_PLACEMENT_3D('',#4504,#3687,#3688);
#3232=AXIS2_PLACEMENT_3D('',#4506,#3689,#3690);
#3233=AXIS2_PLACEMENT_3D('',#4509,#3692,#3693);
#3234=AXIS2_PLACEMENT_3D('',#4510,#3694,#3695);
#3235=AXIS2_PLACEMENT_3D('',#4511,#3696,#3697);
#3236=AXIS2_PLACEMENT_3D('',#4513,#3698,#3699);
#3237=AXIS2_PLACEMENT_3D('',#4515,#3700,#3701);
#3238=AXIS2_PLACEMENT_3D('',#4517,#3702,#3703);
#3239=AXIS2_PLACEMENT_3D('',#4519,#3704,#3705);
#3240=AXIS2_PLACEMENT_3D('',#4521,#3706,#3707);
#3241=AXIS2_PLACEMENT_3D('',#4523,#3708,#3709);
#3242=AXIS2_PLACEMENT_3D('',#4525,#3710,#3711);
#3243=AXIS2_PLACEMENT_3D('',#4527,#3712,#3713);
#3244=AXIS2_PLACEMENT_3D('',#4529,#3714,#3715);
#3245=AXIS2_PLACEMENT_3D('',#4530,#3716,#3717);
#3246=AXIS2_PLACEMENT_3D('',#4533,#3719,#3720);
#3247=AXIS2_PLACEMENT_3D('',#4534,#3721,#3722);
#3248=AXIS2_PLACEMENT_3D('',#4537,#3724,#3725);
#3249=AXIS2_PLACEMENT_3D('',#4538,#3726,#3727);
#3250=AXIS2_PLACEMENT_3D('',#4541,#3729,#3730);
#3251=AXIS2_PLACEMENT_3D('',#4542,#3731,#3732);
#3252=AXIS2_PLACEMENT_3D('',#4545,#3734,#3735);
#3253=AXIS2_PLACEMENT_3D('',#4546,#3736,#3737);
#3254=AXIS2_PLACEMENT_3D('',#4549,#3739,#3740);
#3255=AXIS2_PLACEMENT_3D('',#4550,#3741,#3742);
#3256=AXIS2_PLACEMENT_3D('',#4553,#3744,#3745);
#3257=AXIS2_PLACEMENT_3D('',#4554,#3746,#3747);
#3258=AXIS2_PLACEMENT_3D('',#4557,#3749,#3750);
#3259=AXIS2_PLACEMENT_3D('',#4558,#3751,#3752);
#3260=AXIS2_PLACEMENT_3D('',#4561,#3754,#3755);
#3261=AXIS2_PLACEMENT_3D('',#4562,#3756,#3757);
#3262=AXIS2_PLACEMENT_3D('',#4565,#3759,#3760);
#3263=AXIS2_PLACEMENT_3D('',#4566,#3761,#3762);
#3264=AXIS2_PLACEMENT_3D('',#4568,#3763,#3764);
#3265=AXIS2_PLACEMENT_3D('',#4571,#3766,#3767);
#3266=AXIS2_PLACEMENT_3D('',#4572,#3768,#3769);
#3267=AXIS2_PLACEMENT_3D('',#4574,#3770,#3771);
#3268=AXIS2_PLACEMENT_3D('',#4576,#3772,#3773);
#3269=AXIS2_PLACEMENT_3D('',#4577,#3774,#3775);
#3270=AXIS2_PLACEMENT_3D('',#4579,#3776,#3777);
#3271=AXIS2_PLACEMENT_3D('',#4581,#3779,#3780);
#3272=AXIS2_PLACEMENT_3D('',#4582,#3781,#3782);
#3273=AXIS2_PLACEMENT_3D('',#4584,#3783,#3784);
#3274=AXIS2_PLACEMENT_3D('',#4586,#3785,#3786);
#3275=AXIS2_PLACEMENT_3D('',#4587,#3787,#3788);
#3276=AXIS2_PLACEMENT_3D('',#4591,#3790,#3791);
#3277=AXIS2_PLACEMENT_3D('',#4592,#3792,#3793);
#3278=AXIS2_PLACEMENT_3D('',#4593,#3794,#3795);
#3279=AXIS2_PLACEMENT_3D('',#4595,#3796,#3797);
#3280=AXIS2_PLACEMENT_3D('',#4596,#3798,#3799);
#3281=AXIS2_PLACEMENT_3D('',#4598,#3800,#3801);
#3282=AXIS2_PLACEMENT_3D('',#4599,#3802,#3803);
#3283=AXIS2_PLACEMENT_3D('',#4602,#3805,#3806);
#3284=AXIS2_PLACEMENT_3D('',#4603,#3807,#3808);
#3285=AXIS2_PLACEMENT_3D('',#4604,#3809,#3810);
#3286=AXIS2_PLACEMENT_3D('',#4606,#3811,#3812);
#3287=AXIS2_PLACEMENT_3D('',#4608,#3814,#3815);
#3288=AXIS2_PLACEMENT_3D('',#4609,#3816,#3817);
#3289=AXIS2_PLACEMENT_3D('',#4611,#3819,#3820);
#3290=AXIS2_PLACEMENT_3D('',#4612,#3821,#3822);
#3291=AXIS2_PLACEMENT_3D('',#4614,#3823,#3824);
#3292=AXIS2_PLACEMENT_3D('',#4617,#3826,#3827);
#3293=AXIS2_PLACEMENT_3D('',#4618,#3828,#3829);
#3294=AXIS2_PLACEMENT_3D('',#4620,#3830,#3831);
#3295=AXIS2_PLACEMENT_3D('',#4623,#3833,#3834);
#3296=AXIS2_PLACEMENT_3D('',#4624,#3835,#3836);
#3297=AXIS2_PLACEMENT_3D('',#4626,#3838,#3839);
#3298=AXIS2_PLACEMENT_3D('',#4667,#3841,#3842);
#3299=AXIS2_PLACEMENT_3D('',#4668,#3843,#3844);
#3300=AXIS2_PLACEMENT_3D('',#4669,#3845,#3846);
#3301=AXIS2_PLACEMENT_3D('',#4710,#3848,#3849);
#3302=AXIS2_PLACEMENT_3D('',#4711,#3850,#3851);
#3303=AXIS2_PLACEMENT_3D('',#4712,#3852,#3853);
#3304=AXIS2_PLACEMENT_3D('',#4753,#3855,#3856);
#3305=AXIS2_PLACEMENT_3D('',#4754,#3857,#3858);
#3306=AXIS2_PLACEMENT_3D('',#4755,#3859,#3860);
#3307=AXIS2_PLACEMENT_3D('',#4796,#3862,#3863);
#3308=AXIS2_PLACEMENT_3D('',#4797,#3864,#3865);
#3309=AXIS2_PLACEMENT_3D('',#4798,#3866,#3867);
#3310=AXIS2_PLACEMENT_3D('',#4839,#3869,#3870);
#3311=AXIS2_PLACEMENT_3D('',#4840,#3871,#3872);
#3312=AXIS2_PLACEMENT_3D('',#4841,#3873,#3874);
#3313=AXIS2_PLACEMENT_3D('',#4882,#3876,#3877);
#3314=AXIS2_PLACEMENT_3D('',#4883,#3878,#3879);
#3315=AXIS2_PLACEMENT_3D('',#4884,#3880,#3881);
#3316=AXIS2_PLACEMENT_3D('',#4925,#3883,#3884);
#3317=AXIS2_PLACEMENT_3D('',#4926,#3885,#3886);
#3318=AXIS2_PLACEMENT_3D('',#4927,#3887,#3888);
#3319=AXIS2_PLACEMENT_3D('',#4968,#3890,#3891);
#3320=AXIS2_PLACEMENT_3D('',#4969,#3892,#3893);
#3321=AXIS2_PLACEMENT_3D('',#4970,#3894,#3895);
#3322=AXIS2_PLACEMENT_3D('',#5011,#3897,#3898);
#3323=AXIS2_PLACEMENT_3D('',#5012,#3899,#3900);
#3324=AXIS2_PLACEMENT_3D('',#5013,#3901,#3902);
#3325=AXIS2_PLACEMENT_3D('',#5054,#3904,#3905);
#3326=AXIS2_PLACEMENT_3D('',#5055,#3906,#3907);
#3327=AXIS2_PLACEMENT_3D('',#5056,#3908,#3909);
#3328=AXIS2_PLACEMENT_3D('',#5097,#3911,#3912);
#3329=AXIS2_PLACEMENT_3D('',#5098,#3913,#3914);
#3330=AXIS2_PLACEMENT_3D('',#5099,#3915,#3916);
#3331=AXIS2_PLACEMENT_3D('',#5125,#3918,#3919);
#3332=AXIS2_PLACEMENT_3D('',#5144,#3920,#3921);
#3333=AXIS2_PLACEMENT_3D('',#5145,#3922,#3923);
#3334=AXIS2_PLACEMENT_3D('',#5186,#3925,#3926);
#3335=AXIS2_PLACEMENT_3D('',#5187,#3927,#3928);
#3336=AXIS2_PLACEMENT_3D('',#5188,#3929,#3930);
#3337=AXIS2_PLACEMENT_3D('',#5229,#3932,#3933);
#3338=AXIS2_PLACEMENT_3D('',#5230,#3934,#3935);
#3339=AXIS2_PLACEMENT_3D('',#5231,#3936,#3937);
#3340=AXIS2_PLACEMENT_3D('',#5272,#3939,#3940);
#3341=AXIS2_PLACEMENT_3D('',#5273,#3941,#3942);
#3342=AXIS2_PLACEMENT_3D('',#5274,#3943,#3944);
#3343=AXIS2_PLACEMENT_3D('',#5315,#3946,#3947);
#3344=AXIS2_PLACEMENT_3D('',#5316,#3948,#3949);
#3345=AXIS2_PLACEMENT_3D('',#5317,#3950,#3951);
#3346=AXIS2_PLACEMENT_3D('',#5319,#3952,#3953);
#3347=AXIS2_PLACEMENT_3D('',#5322,#3955,#3956);
#3348=AXIS2_PLACEMENT_3D('',#5323,#3957,#3958);
#3349=AXIS2_PLACEMENT_3D('',#5325,#3959,#3960);
#3350=AXIS2_PLACEMENT_3D('',#5326,#3961,#3962);
#3351=AXIS2_PLACEMENT_3D('',#5328,#3963,#3964);
#3352=AXIS2_PLACEMENT_3D('',#5331,#3967,#3968);
#3353=AXIS2_PLACEMENT_3D('',#5333,#3969,#3970);
#3354=AXIS2_PLACEMENT_3D('',#5334,#3971,#3972);
#3355=AXIS2_PLACEMENT_3D('',#5336,#3973,#3974);
#3356=AXIS2_PLACEMENT_3D('',#5338,#3976,#3977);
#3357=AXIS2_PLACEMENT_3D('',#5340,#3978,#3979);
#3358=AXIS2_PLACEMENT_3D('',#5341,#3980,#3981);
#3359=AXIS2_PLACEMENT_3D('',#5344,#3983,#3984);
#3360=AXIS2_PLACEMENT_3D('',#5345,#3985,#3986);
#3361=AXIS2_PLACEMENT_3D('',#5347,#3987,#3988);
#3362=AXIS2_PLACEMENT_3D('',#5348,#3989,#3990);
#3363=AXIS2_PLACEMENT_3D('',#5350,#3992,#3993);
#3364=AXIS2_PLACEMENT_3D('',#5352,#3994,#3995);
#3365=AXIS2_PLACEMENT_3D('',#5353,#3996,#3997);
#3366=AXIS2_PLACEMENT_3D('',#5355,#3998,#3999);
#3367=AXIS2_PLACEMENT_3D('',#5357,#4001,#4002);
#3368=AXIS2_PLACEMENT_3D('',#5359,#4003,#4004);
#3369=AXIS2_PLACEMENT_3D('',#5360,#4005,#4006);
#3370=AXIS2_PLACEMENT_3D('',#5363,#4008,#4009);
#3371=AXIS2_PLACEMENT_3D('',#5364,#4010,#4011);
#3372=AXIS2_PLACEMENT_3D('',#5367,#4013,#4014);
#3373=AXIS2_PLACEMENT_3D('',#5368,#4015,#4016);
#3374=AXIS2_PLACEMENT_3D('',#5370,#4018,#4019);
#3375=AXIS2_PLACEMENT_3D('',#5371,#4020,#4021);
#3376=AXIS2_PLACEMENT_3D('',#5412,#4023,#4024);
#3377=AXIS2_PLACEMENT_3D('',#5413,#4025,#4026);
#3378=AXIS2_PLACEMENT_3D('',#5415,#4027,#4028);
#3379=AXIS2_PLACEMENT_3D('',#5418,#4030,#4031);
#3380=AXIS2_PLACEMENT_3D('',#5419,#4032,#4033);
#3381=AXIS2_PLACEMENT_3D('',#5421,#4034,#4035);
#3382=AXIS2_PLACEMENT_3D('',#5424,#4037,#4038);
#3383=AXIS2_PLACEMENT_3D('',#5425,#4039,#4040);
#3384=AXIS2_PLACEMENT_3D('',#5426,#4041,#4042);
#3385=AXIS2_PLACEMENT_3D('',#5428,#4043,#4044);
#3386=AXIS2_PLACEMENT_3D('',#5430,#4045,#4046);
#3387=AXIS2_PLACEMENT_3D('',#5432,#4047,#4048);
#3388=AXIS2_PLACEMENT_3D('',#5434,#4049,#4050);
#3389=AXIS2_PLACEMENT_3D('',#5436,#4051,#4052);
#3390=AXIS2_PLACEMENT_3D('',#5438,#4053,#4054);
#3391=AXIS2_PLACEMENT_3D('',#5440,#4055,#4056);
#3392=AXIS2_PLACEMENT_3D('',#5442,#4057,#4058);
#3393=AXIS2_PLACEMENT_3D('',#5444,#4059,#4060);
#3394=AXIS2_PLACEMENT_3D('',#5445,#4061,#4062);
#3395=AXIS2_PLACEMENT_3D('',#5447,#4063,#4064);
#3396=AXIS2_PLACEMENT_3D('',#5449,#4066,#4067);
#3397=AXIS2_PLACEMENT_3D('',#5451,#4068,#4069);
#3398=AXIS2_PLACEMENT_3D('',#5453,#4071,#4072);
#3399=AXIS2_PLACEMENT_3D('',#5455,#4073,#4074);
#3400=AXIS2_PLACEMENT_3D('',#5457,#4076,#4077);
#3401=AXIS2_PLACEMENT_3D('',#5459,#4078,#4079);
#3402=AXIS2_PLACEMENT_3D('',#5461,#4081,#4082);
#3403=AXIS2_PLACEMENT_3D('',#5463,#4083,#4084);
#3404=AXIS2_PLACEMENT_3D('',#5465,#4086,#4087);
#3405=AXIS2_PLACEMENT_3D('',#5467,#4088,#4089);
#3406=AXIS2_PLACEMENT_3D('',#5469,#4091,#4092);
#3407=AXIS2_PLACEMENT_3D('',#5471,#4093,#4094);
#3408=AXIS2_PLACEMENT_3D('',#5473,#4096,#4097);
#3409=AXIS2_PLACEMENT_3D('',#5475,#4098,#4099);
#3410=AXIS2_PLACEMENT_3D('',#5477,#4101,#4102);
#3411=AXIS2_PLACEMENT_3D('',#5479,#4103,#4104);
#3412=AXIS2_PLACEMENT_3D('',#5482,#4106,#4107);
#3413=AXIS2_PLACEMENT_3D('',#5483,#4108,#4109);
#3414=AXIS2_PLACEMENT_3D('',#5485,#4110,#4111);
#3415=AXIS2_PLACEMENT_3D('',#5488,#4113,#4114);
#3416=AXIS2_PLACEMENT_3D('',#5489,#4115,#4116);
#3417=AXIS2_PLACEMENT_3D('',#5490,#4117,#4118);
#3418=AXIS2_PLACEMENT_3D('',#5492,#4119,#4120);
#3419=AXIS2_PLACEMENT_3D('',#5493,#4121,#4122);
#3420=AXIS2_PLACEMENT_3D('',#5495,#4123,#4124);
#3421=AXIS2_PLACEMENT_3D('',#5496,#4125,#4126);
#3422=AXIS2_PLACEMENT_3D('',#5537,#4128,#4129);
#3423=AXIS2_PLACEMENT_3D('',#5538,#4130,#4131);
#3424=AXIS2_PLACEMENT_3D('',#5540,#4132,#4133);
#3425=AXIS2_PLACEMENT_3D('',#5541,#4134,#4135);
#3426=AXIS2_PLACEMENT_3D('',#5544,#4137,#4138);
#3427=AXIS2_PLACEMENT_3D('',#5545,#4139,#4140);
#3428=AXIS2_PLACEMENT_3D('',#5547,#4141,#4142);
#3429=AXIS2_PLACEMENT_3D('',#5548,#4143,#4144);
#3430=AXIS2_PLACEMENT_3D('',#5588,#4146,#4147);
#3431=AXIS2_PLACEMENT_3D('',#5628,#4149,#4150);
#3432=AXIS2_PLACEMENT_3D('',#5630,#4151,#4152);
#3433=AXIS2_PLACEMENT_3D('',#5633,#4154,#4155);
#3434=AXIS2_PLACEMENT_3D('',#5634,#4156,#4157);
#3435=AXIS2_PLACEMENT_3D('',#5637,#4159,#4160);
#3436=AXIS2_PLACEMENT_3D('',#5638,#4161,#4162);
#3437=AXIS2_PLACEMENT_3D('',#5640,#4163,#4164);
#3438=AXIS2_PLACEMENT_3D('',#5642,#4165,#4166);
#3439=AXIS2_PLACEMENT_3D('',#5643,#4167,#4168);
#3440=AXIS2_PLACEMENT_3D('',#5645,#4170,#4171);
#3441=AXIS2_PLACEMENT_3D('',#5646,#4172,#4173);
#3442=AXIS2_PLACEMENT_3D('',#5648,#4174,#4175);
#3443=AXIS2_PLACEMENT_3D('',#5650,#4177,#4178);
#3444=AXIS2_PLACEMENT_3D('',#5652,#4179,#4180);
#3445=AXIS2_PLACEMENT_3D('',#5653,#4181,#4182);
#3446=AXIS2_PLACEMENT_3D('',#5655,#4183,#4184);
#3447=AXIS2_PLACEMENT_3D('',#5657,#4186,#4187);
#3448=AXIS2_PLACEMENT_3D('',#5659,#4188,#4189);
#3449=AXIS2_PLACEMENT_3D('',#5660,#4190,#4191);
#3450=AXIS2_PLACEMENT_3D('',#5663,#4193,#4194);
#3451=AXIS2_PLACEMENT_3D('',#5664,#4195,#4196);
#3452=AXIS2_PLACEMENT_3D('',#5665,#4197,#4198);
#3453=AXIS2_PLACEMENT_3D('',#5667,#4200,#4201);
#3454=AXIS2_PLACEMENT_3D('',#5668,#4202,#4203);
#3455=AXIS2_PLACEMENT_3D('',#5670,#4204,#4205);
#3456=AXIS2_PLACEMENT_3D('',#5673,#4207,#4208);
#3457=AXIS2_PLACEMENT_3D('',#5674,#4209,#4210);
#3458=AXIS2_PLACEMENT_3D('',#5676,#4211,#4212);
#3459=AXIS2_PLACEMENT_3D('',#5679,#4214,#4215);
#3460=AXIS2_PLACEMENT_3D('',#5680,#4216,#4217);
#3461=AXIS2_PLACEMENT_3D('',#5681,#4218,#4219);
#3462=AXIS2_PLACEMENT_3D('',#5683,#4220,#4221);
#3463=AXIS2_PLACEMENT_3D('',#5685,#4222,#4223);
#3464=AXIS2_PLACEMENT_3D('',#5687,#4224,#4225);
#3465=AXIS2_PLACEMENT_3D('',#5689,#4226,#4227);
#3466=AXIS2_PLACEMENT_3D('',#5691,#4228,#4229);
#3467=AXIS2_PLACEMENT_3D('',#5693,#4230,#4231);
#3468=AXIS2_PLACEMENT_3D('',#5695,#4232,#4233);
#3469=AXIS2_PLACEMENT_3D('',#5697,#4234,#4235);
#3470=AXIS2_PLACEMENT_3D('',#5699,#4236,#4237);
#3471=AXIS2_PLACEMENT_3D('',#5700,#4238,#4239);
#3472=AXIS2_PLACEMENT_3D('',#5702,#4240,#4241);
#3473=AXIS2_PLACEMENT_3D('',#5704,#4243,#4244);
#3474=AXIS2_PLACEMENT_3D('',#5706,#4245,#4246);
#3475=AXIS2_PLACEMENT_3D('',#5708,#4248,#4249);
#3476=AXIS2_PLACEMENT_3D('',#5710,#4250,#4251);
#3477=AXIS2_PLACEMENT_3D('',#5712,#4253,#4254);
#3478=AXIS2_PLACEMENT_3D('',#5714,#4255,#4256);
#3479=AXIS2_PLACEMENT_3D('',#5716,#4258,#4259);
#3480=AXIS2_PLACEMENT_3D('',#5718,#4260,#4261);
#3481=AXIS2_PLACEMENT_3D('',#5720,#4263,#4264);
#3482=AXIS2_PLACEMENT_3D('',#5722,#4265,#4266);
#3483=AXIS2_PLACEMENT_3D('',#5724,#4268,#4269);
#3484=AXIS2_PLACEMENT_3D('',#5726,#4270,#4271);
#3485=AXIS2_PLACEMENT_3D('',#5728,#4273,#4274);
#3486=AXIS2_PLACEMENT_3D('',#5730,#4275,#4276);
#3487=AXIS2_PLACEMENT_3D('',#5732,#4278,#4279);
#3488=AXIS2_PLACEMENT_3D('',#5810,#4281,#4282);
#3489=AXIS2_PLACEMENT_3D('',#5888,#4284,#4285);
#3490=AXIS2_PLACEMENT_3D('',#5966,#4287,#4288);
#3491=AXIS2_PLACEMENT_3D('',#6044,#4290,#4291);
#3492=AXIS2_PLACEMENT_3D('',#6122,#4293,#4294);
#3493=AXIS2_PLACEMENT_3D('',#6200,#4296,#4297);
#3494=AXIS2_PLACEMENT_3D('',#6278,#4299,#4300);
#3495=AXIS2_PLACEMENT_3D('',#6356,#4302,#4303);
#3496=AXIS2_PLACEMENT_3D('',#6434,#4305,#4306);
#3497=AXIS2_PLACEMENT_3D('',#6512,#4308,#4309);
#3498=AXIS2_PLACEMENT_3D('',#6590,#4311,#4312);
#3499=AXIS2_PLACEMENT_3D('',#6674,#4314,#4315);
#3500=AXIS2_PLACEMENT_3D('',#6752,#4317,#4318);
#3501=AXIS2_PLACEMENT_3D('',#6830,#4320,#4321);
#3502=AXIS2_PLACEMENT_3D('',#6908,#4323,#4324);
#3503=AXIS2_PLACEMENT_3D('',#6986,#4326,#4327);
#3504=AXIS2_PLACEMENT_3D('',#6988,#4328,#4329);
#3505=AXIS2_PLACEMENT_3D('',#6991,#4331,#4332);
#3506=AXIS2_PLACEMENT_3D('',#6992,#4333,#4334);
#3507=AXIS2_PLACEMENT_3D('',#6993,#4335,#4336);
#3508=AXIS2_PLACEMENT_3D('',#6995,#4337,#4338);
#3509=AXIS2_PLACEMENT_3D('',#6997,#4340,#4341);
#3510=AXIS2_PLACEMENT_3D('',#6999,#4342,#4343);
#3511=AXIS2_PLACEMENT_3D('',#7000,#4344,#4345);
#3512=AXIS2_PLACEMENT_3D('',#7002,#4346,#4347);
#3513=AXIS2_PLACEMENT_3D('',#7005,#4350,#4351);
#3514=AXIS2_PLACEMENT_3D('',#7007,#4352,#4353);
#3515=AXIS2_PLACEMENT_3D('',#7008,#4354,#4355);
#3516=AXIS2_PLACEMENT_3D('',#7012,#4358,#4359);
#3517=AXIS2_PLACEMENT_3D('',#7013,#4360,#4361);
#3518=AXIS2_PLACEMENT_3D('',#7014,#4362,#4363);
#3519=AXIS2_PLACEMENT_3D('',#7015,#4364,#4365);
#3520=AXIS2_PLACEMENT_3D('',#7016,#4366,#4367);
#3521=AXIS2_PLACEMENT_3D('',#7017,#4368,#4369);
#3522=AXIS2_PLACEMENT_3D('',#7018,#4370,#4371);
#3523=DIRECTION('axis',(0.,0.,1.));
#3524=DIRECTION('refdir',(1.,0.,0.));
#3525=DIRECTION('axis',(0.,0.,1.));
#3526=DIRECTION('refdir',(1.,0.,0.));
#3527=DIRECTION('center_axis',(1.,0.,0.));
#3528=DIRECTION('ref_axis',(0.,-1.,-8.71279915250389E-49));
#3529=DIRECTION('center_axis',(-1.,0.,0.));
#3530=DIRECTION('ref_axis',(0.,-1.,-8.71279915250389E-49));
#3531=DIRECTION('',(1.,0.,0.));
#3532=DIRECTION('center_axis',(-1.,0.,0.));
#3533=DIRECTION('ref_axis',(0.,-1.,-8.71279915250389E-49));
#3534=DIRECTION('center_axis',(1.,0.,0.));
#3535=DIRECTION('ref_axis',(0.,-1.,-8.71279915250389E-49));
#3536=DIRECTION('center_axis',(1.,0.,0.));
#3537=DIRECTION('ref_axis',(0.,-1.,-8.71279915250389E-49));
#3538=DIRECTION('',(1.,0.,0.));
#3539=DIRECTION('center_axis',(1.,0.,0.));
#3540=DIRECTION('ref_axis',(0.,-1.,-8.71279915250389E-49));
#3541=DIRECTION('center_axis',(-1.,0.,0.));
#3542=DIRECTION('ref_axis',(0.,-1.,-8.71279915250389E-49));
#3543=DIRECTION('center_axis',(-1.,0.,0.));
#3544=DIRECTION('ref_axis',(0.,-1.,-8.71279915250389E-49));
#3545=DIRECTION('center_axis',(1.,0.,0.));
#3546=DIRECTION('ref_axis',(0.,-1.,-8.71279915250389E-49));
#3547=DIRECTION('center_axis',(-1.,0.,0.));
#3548=DIRECTION('ref_axis',(0.,1.,8.71279915250389E-49));
#3549=DIRECTION('center_axis',(1.,0.,0.));
#3550=DIRECTION('ref_axis',(0.,1.,8.71279915250389E-49));
#3551=DIRECTION('',(-1.,0.,0.));
#3552=DIRECTION('center_axis',(-1.,0.,0.));
#3553=DIRECTION('ref_axis',(0.,1.,8.71279915250389E-49));
#3554=DIRECTION('center_axis',(-1.,0.,0.));
#3555=DIRECTION('ref_axis',(0.,1.,8.71279915250389E-49));
#3556=DIRECTION('center_axis',(-1.,0.,0.));
#3557=DIRECTION('ref_axis',(0.,1.,8.71279915250389E-49));
#3558=DIRECTION('',(-1.,0.,0.));
#3559=DIRECTION('center_axis',(1.,0.,0.));
#3560=DIRECTION('ref_axis',(0.,1.,8.71279915250389E-49));
#3561=DIRECTION('center_axis',(-1.,0.,0.));
#3562=DIRECTION('ref_axis',(0.,1.,8.71279915250389E-49));
#3563=DIRECTION('center_axis',(-1.,0.,0.));
#3564=DIRECTION('ref_axis',(0.,1.,8.71279915250389E-49));
#3565=DIRECTION('',(-1.,0.,0.));
#3566=DIRECTION('center_axis',(1.,0.,0.));
#3567=DIRECTION('ref_axis',(0.,1.,8.71279915250389E-49));
#3568=DIRECTION('center_axis',(-1.,0.,0.));
#3569=DIRECTION('ref_axis',(0.,1.,8.71279915250389E-49));
#3570=DIRECTION('center_axis',(-1.,0.,0.));
#3571=DIRECTION('ref_axis',(0.,1.,8.71279915250389E-49));
#3572=DIRECTION('',(-1.,0.,0.));
#3573=DIRECTION('center_axis',(1.,0.,0.));
#3574=DIRECTION('ref_axis',(0.,1.,8.71279915250389E-49));
#3575=DIRECTION('center_axis',(-1.,0.,0.));
#3576=DIRECTION('ref_axis',(0.,1.,8.71279915250389E-49));
#3577=DIRECTION('center_axis',(-1.,0.,0.));
#3578=DIRECTION('ref_axis',(0.,1.,8.71279915250389E-49));
#3579=DIRECTION('',(-1.,0.,0.));
#3580=DIRECTION('center_axis',(1.,0.,0.));
#3581=DIRECTION('ref_axis',(0.,1.,8.71279915250389E-49));
#3582=DIRECTION('center_axis',(-1.,0.,0.));
#3583=DIRECTION('ref_axis',(0.,1.,8.71279915250389E-49));
#3584=DIRECTION('center_axis',(-1.,0.,0.));
#3585=DIRECTION('ref_axis',(0.,1.,8.71279915250389E-49));
#3586=DIRECTION('',(-1.,0.,0.));
#3587=DIRECTION('center_axis',(1.,0.,0.));
#3588=DIRECTION('ref_axis',(0.,1.,8.71279915250389E-49));
#3589=DIRECTION('center_axis',(-1.,0.,0.));
#3590=DIRECTION('ref_axis',(0.,1.,8.71279915250389E-49));
#3591=DIRECTION('center_axis',(-1.,0.,0.));
#3592=DIRECTION('ref_axis',(0.,1.,8.71279915250389E-49));
#3593=DIRECTION('',(-1.,0.,0.));
#3594=DIRECTION('center_axis',(1.,0.,0.));
#3595=DIRECTION('ref_axis',(0.,1.,8.71279915250389E-49));
#3596=DIRECTION('center_axis',(-1.,0.,0.));
#3597=DIRECTION('ref_axis',(0.,1.,8.71279915250389E-49));
#3598=DIRECTION('center_axis',(-1.,0.,0.));
#3599=DIRECTION('ref_axis',(0.,1.,8.71279915250389E-49));
#3600=DIRECTION('',(-1.,0.,0.));
#3601=DIRECTION('center_axis',(1.,0.,0.));
#3602=DIRECTION('ref_axis',(0.,1.,8.71279915250389E-49));
#3603=DIRECTION('center_axis',(-1.,0.,0.));
#3604=DIRECTION('ref_axis',(0.,1.,8.71279915250389E-49));
#3605=DIRECTION('center_axis',(-1.,0.,0.));
#3606=DIRECTION('ref_axis',(0.,1.,8.71279915250389E-49));
#3607=DIRECTION('',(-1.,0.,0.));
#3608=DIRECTION('center_axis',(1.,0.,0.));
#3609=DIRECTION('ref_axis',(0.,1.,8.71279915250389E-49));
#3610=DIRECTION('center_axis',(1.,0.,0.));
#3611=DIRECTION('ref_axis',(0.,-1.,-8.71279915250389E-49));
#3612=DIRECTION('center_axis',(1.,0.,0.));
#3613=DIRECTION('ref_axis',(0.,-1.,-8.71279915250389E-49));
#3614=DIRECTION('',(1.,0.,0.));
#3615=DIRECTION('center_axis',(1.,0.,0.));
#3616=DIRECTION('ref_axis',(0.,-1.,-8.71279915250389E-49));
#3617=DIRECTION('center_axis',(-1.,0.,0.));
#3618=DIRECTION('ref_axis',(0.,-1.,-8.71279915250389E-49));
#3619=DIRECTION('center_axis',(-1.,0.,0.));
#3620=DIRECTION('ref_axis',(0.,-1.,-8.71279915250389E-49));
#3621=DIRECTION('center_axis',(-1.,0.,0.));
#3622=DIRECTION('ref_axis',(0.,1.,8.71279915250389E-49));
#3623=DIRECTION('center_axis',(-1.,0.,0.));
#3624=DIRECTION('ref_axis',(0.,1.,8.71279915250389E-49));
#3625=DIRECTION('',(-1.,0.,0.));
#3626=DIRECTION('center_axis',(1.,0.,0.));
#3627=DIRECTION('ref_axis',(0.,1.,8.71279915250389E-49));
#3628=DIRECTION('center_axis',(-1.,0.,0.));
#3629=DIRECTION('ref_axis',(0.,1.,8.71279915250389E-49));
#3630=DIRECTION('center_axis',(-1.,0.,0.));
#3631=DIRECTION('ref_axis',(0.,1.,8.71279915250389E-49));
#3632=DIRECTION('',(-1.,0.,0.));
#3633=DIRECTION('center_axis',(1.,0.,0.));
#3634=DIRECTION('ref_axis',(0.,1.,8.71279915250389E-49));
#3635=DIRECTION('center_axis',(-1.,0.,0.));
#3636=DIRECTION('ref_axis',(0.,-1.,-8.71279915250389E-49));
#3637=DIRECTION('center_axis',(-1.,0.,0.));
#3638=DIRECTION('ref_axis',(0.,-1.,-8.71279915250389E-49));
#3639=DIRECTION('',(1.,0.,0.));
#3640=DIRECTION('center_axis',(1.,0.,0.));
#3641=DIRECTION('ref_axis',(0.,-1.,-8.71279915250389E-49));
#3642=DIRECTION('center_axis',(-1.,0.,0.));
#3643=DIRECTION('ref_axis',(0.,-1.,-8.71279915250389E-49));
#3644=DIRECTION('center_axis',(-1.,0.,0.));
#3645=DIRECTION('ref_axis',(0.,-1.,-8.71279915250389E-49));
#3646=DIRECTION('center_axis',(-1.,0.,0.));
#3647=DIRECTION('ref_axis',(0.,-1.,-8.71279915250389E-49));
#3648=DIRECTION('center_axis',(1.,0.,0.));
#3649=DIRECTION('ref_axis',(0.,-1.,-8.71279915250389E-49));
#3650=DIRECTION('center_axis',(1.,0.,0.));
#3651=DIRECTION('ref_axis',(0.,-1.,-8.71279915250389E-49));
#3652=DIRECTION('center_axis',(-1.,0.,0.));
#3653=DIRECTION('ref_axis',(0.,-1.,-8.71279915250389E-49));
#3654=DIRECTION('center_axis',(1.,0.,0.));
#3655=DIRECTION('ref_axis',(0.,-1.,-8.71279915250389E-49));
#3656=DIRECTION('',(-1.,0.,0.));
#3657=DIRECTION('center_axis',(-1.,0.,0.));
#3658=DIRECTION('ref_axis',(0.,-1.,-8.71279915250389E-49));
#3659=DIRECTION('',(1.,0.,0.));
#3660=DIRECTION('center_axis',(-1.,0.,0.));
#3661=DIRECTION('ref_axis',(0.,-1.,-8.71279915250389E-49));
#3662=DIRECTION('center_axis',(-1.,0.,0.));
#3663=DIRECTION('ref_axis',(0.,-1.,-8.71279915250389E-49));
#3664=DIRECTION('',(1.,0.,0.));
#3665=DIRECTION('center_axis',(-1.,0.,0.));
#3666=DIRECTION('ref_axis',(0.,-1.,-8.71279915250389E-49));
#3667=DIRECTION('center_axis',(-1.,0.,0.));
#3668=DIRECTION('ref_axis',(0.,-1.,-8.71279915250389E-49));
#3669=DIRECTION('center_axis',(1.,0.,0.));
#3670=DIRECTION('ref_axis',(0.,-1.,-8.71279915250389E-49));
#3671=DIRECTION('',(1.,0.,0.));
#3672=DIRECTION('center_axis',(1.,0.,0.));
#3673=DIRECTION('ref_axis',(0.,-1.,-8.71279915250389E-49));
#3674=DIRECTION('center_axis',(-1.,0.,0.));
#3675=DIRECTION('ref_axis',(0.,-1.,-8.71279915250389E-49));
#3676=DIRECTION('center_axis',(-1.,0.,0.));
#3677=DIRECTION('ref_axis',(0.,-1.,-8.71279915250389E-49));
#3678=DIRECTION('axis',(0.,0.,1.));
#3679=DIRECTION('refdir',(1.,0.,0.));
#3680=DIRECTION('center_axis',(-1.,0.,0.));
#3681=DIRECTION('ref_axis',(0.,1.,8.71279915250389E-49));
#3682=DIRECTION('center_axis',(1.,0.,0.));
#3683=DIRECTION('ref_axis',(0.,1.,8.71279915250389E-49));
#3684=DIRECTION('',(-1.,0.,0.));
#3685=DIRECTION('center_axis',(1.,0.,0.));
#3686=DIRECTION('ref_axis',(0.,1.,8.71279915250389E-49));
#3687=DIRECTION('center_axis',(-1.,0.,0.));
#3688=DIRECTION('ref_axis',(0.,1.,8.71279915250389E-49));
#3689=DIRECTION('center_axis',(-1.,0.,0.));
#3690=DIRECTION('ref_axis',(0.,1.,8.71279915250389E-49));
#3691=DIRECTION('',(-1.,0.,0.));
#3692=DIRECTION('center_axis',(-1.,0.,0.));
#3693=DIRECTION('ref_axis',(0.,1.,8.71279915250389E-49));
#3694=DIRECTION('center_axis',(1.,0.,0.));
#3695=DIRECTION('ref_axis',(0.,1.,8.71279915250389E-49));
#3696=DIRECTION('center_axis',(-1.,0.,0.));
#3697=DIRECTION('ref_axis',(0.,-8.71279915250389E-49,1.));
#3698=DIRECTION('center_axis',(1.,0.,0.));
#3699=DIRECTION('ref_axis',(0.,1.,8.71279915250389E-49));
#3700=DIRECTION('center_axis',(-1.,0.,0.));
#3701=DIRECTION('ref_axis',(0.,1.,8.71279915250389E-49));
#3702=DIRECTION('center_axis',(-1.,0.,0.));
#3703=DIRECTION('ref_axis',(0.,1.,8.71279915250389E-49));
#3704=DIRECTION('center_axis',(-1.,0.,0.));
#3705=DIRECTION('ref_axis',(0.,1.,8.71279915250389E-49));
#3706=DIRECTION('center_axis',(-1.,0.,0.));
#3707=DIRECTION('ref_axis',(0.,1.,8.71279915250389E-49));
#3708=DIRECTION('center_axis',(-1.,0.,0.));
#3709=DIRECTION('ref_axis',(0.,1.,8.71279915250389E-49));
#3710=DIRECTION('center_axis',(-1.,0.,0.));
#3711=DIRECTION('ref_axis',(0.,1.,8.71279915250389E-49));
#3712=DIRECTION('center_axis',(-1.,0.,0.));
#3713=DIRECTION('ref_axis',(0.,1.,8.71279915250389E-49));
#3714=DIRECTION('center_axis',(-1.,0.,0.));
#3715=DIRECTION('ref_axis',(0.,1.,8.71279915250389E-49));
#3716=DIRECTION('center_axis',(-1.,0.,0.));
#3717=DIRECTION('ref_axis',(0.,1.,8.71279915250389E-49));
#3718=DIRECTION('',(-1.,0.,0.));
#3719=DIRECTION('center_axis',(-1.,0.,0.));
#3720=DIRECTION('ref_axis',(0.,1.,8.71279915250389E-49));
#3721=DIRECTION('center_axis',(-1.,0.,0.));
#3722=DIRECTION('ref_axis',(0.,1.,8.71279915250389E-49));
#3723=DIRECTION('',(-1.,0.,0.));
#3724=DIRECTION('center_axis',(1.,0.,0.));
#3725=DIRECTION('ref_axis',(0.,1.,8.71279915250389E-49));
#3726=DIRECTION('center_axis',(-1.,0.,0.));
#3727=DIRECTION('ref_axis',(0.,1.,8.71279915250389E-49));
#3728=DIRECTION('',(-1.,0.,0.));
#3729=DIRECTION('center_axis',(1.,0.,0.));
#3730=DIRECTION('ref_axis',(0.,1.,8.71279915250389E-49));
#3731=DIRECTION('center_axis',(-1.,0.,0.));
#3732=DIRECTION('ref_axis',(0.,1.,8.71279915250389E-49));
#3733=DIRECTION('',(-1.,0.,0.));
#3734=DIRECTION('center_axis',(1.,0.,0.));
#3735=DIRECTION('ref_axis',(0.,1.,8.71279915250389E-49));
#3736=DIRECTION('center_axis',(-1.,0.,0.));
#3737=DIRECTION('ref_axis',(0.,1.,8.71279915250389E-49));
#3738=DIRECTION('',(-1.,0.,0.));
#3739=DIRECTION('center_axis',(1.,0.,0.));
#3740=DIRECTION('ref_axis',(0.,1.,8.71279915250389E-49));
#3741=DIRECTION('center_axis',(-1.,0.,0.));
#3742=DIRECTION('ref_axis',(0.,1.,8.71279915250389E-49));
#3743=DIRECTION('',(-1.,0.,0.));
#3744=DIRECTION('center_axis',(1.,0.,0.));
#3745=DIRECTION('ref_axis',(0.,1.,8.71279915250389E-49));
#3746=DIRECTION('center_axis',(-1.,0.,0.));
#3747=DIRECTION('ref_axis',(0.,1.,8.71279915250389E-49));
#3748=DIRECTION('',(-1.,0.,0.));
#3749=DIRECTION('center_axis',(1.,0.,0.));
#3750=DIRECTION('ref_axis',(0.,1.,8.71279915250389E-49));
#3751=DIRECTION('center_axis',(-1.,0.,0.));
#3752=DIRECTION('ref_axis',(0.,1.,8.71279915250389E-49));
#3753=DIRECTION('',(-1.,0.,0.));
#3754=DIRECTION('center_axis',(1.,0.,0.));
#3755=DIRECTION('ref_axis',(0.,1.,8.71279915250389E-49));
#3756=DIRECTION('center_axis',(-1.,0.,0.));
#3757=DIRECTION('ref_axis',(0.,1.,8.71279915250389E-49));
#3758=DIRECTION('',(-1.,0.,0.));
#3759=DIRECTION('center_axis',(1.,0.,0.));
#3760=DIRECTION('ref_axis',(0.,1.,8.71279915250389E-49));
#3761=DIRECTION('center_axis',(-1.,0.,0.));
#3762=DIRECTION('ref_axis',(0.,-1.,-8.71279915250389E-49));
#3763=DIRECTION('center_axis',(1.,0.,0.));
#3764=DIRECTION('ref_axis',(0.,-1.,-8.71279915250389E-49));
#3765=DIRECTION('',(1.,0.,0.));
#3766=DIRECTION('center_axis',(1.,0.,0.));
#3767=DIRECTION('ref_axis',(0.,-1.,-8.71279915250389E-49));
#3768=DIRECTION('center_axis',(-1.,0.,0.));
#3769=DIRECTION('ref_axis',(0.,-1.,-8.71279915250389E-49));
#3770=DIRECTION('center_axis',(1.,0.,0.));
#3771=DIRECTION('ref_axis',(0.,-1.,-8.71279915250389E-49));
#3772=DIRECTION('center_axis',(1.,0.,0.));
#3773=DIRECTION('ref_axis',(0.,-1.,-8.71279915250389E-49));
#3774=DIRECTION('center_axis',(-1.,0.,0.));
#3775=DIRECTION('ref_axis',(0.,-1.,-8.71279915250389E-49));
#3776=DIRECTION('center_axis',(-1.,0.,0.));
#3777=DIRECTION('ref_axis',(0.,-1.,-8.71279915250389E-49));
#3778=DIRECTION('',(1.,0.,0.));
#3779=DIRECTION('center_axis',(-1.,0.,0.));
#3780=DIRECTION('ref_axis',(0.,-8.71279915250389E-49,1.));
#3781=DIRECTION('center_axis',(1.,0.,0.));
#3782=DIRECTION('ref_axis',(0.,1.,8.71279915250389E-49));
#3783=DIRECTION('center_axis',(-1.,0.,0.));
#3784=DIRECTION('ref_axis',(0.,1.,8.71279915250389E-49));
#3785=DIRECTION('center_axis',(-1.,0.,0.));
#3786=DIRECTION('ref_axis',(0.,1.,8.71279915250389E-49));
#3787=DIRECTION('center_axis',(1.,0.,0.));
#3788=DIRECTION('ref_axis',(0.,-1.,-8.71279915250389E-49));
#3789=DIRECTION('',(1.,0.,0.));
#3790=DIRECTION('center_axis',(-1.,0.,0.));
#3791=DIRECTION('ref_axis',(0.,-1.,-8.71279915250389E-49));
#3792=DIRECTION('center_axis',(-1.,0.,0.));
#3793=DIRECTION('ref_axis',(0.,-1.,-8.71279915250389E-49));
#3794=DIRECTION('center_axis',(-1.,0.,0.));
#3795=DIRECTION('ref_axis',(0.,-8.71279915250389E-49,1.));
#3796=DIRECTION('center_axis',(1.,0.,0.));
#3797=DIRECTION('ref_axis',(0.,1.,8.71279915250389E-49));
#3798=DIRECTION('center_axis',(1.,0.,0.));
#3799=DIRECTION('ref_axis',(0.,1.,8.71279915250389E-49));
#3800=DIRECTION('center_axis',(-1.,0.,0.));
#3801=DIRECTION('ref_axis',(0.,1.,8.71279915250389E-49));
#3802=DIRECTION('center_axis',(1.,0.,0.));
#3803=DIRECTION('ref_axis',(0.,1.,8.71279915250389E-49));
#3804=DIRECTION('',(1.,0.,0.));
#3805=DIRECTION('center_axis',(-1.,0.,0.));
#3806=DIRECTION('ref_axis',(0.,1.,8.71279915250389E-49));
#3807=DIRECTION('center_axis',(1.,0.,0.));
#3808=DIRECTION('ref_axis',(0.,1.,8.71279915250389E-49));
#3809=DIRECTION('center_axis',(1.,0.,0.));
#3810=DIRECTION('ref_axis',(0.,1.,8.71279915250389E-49));
#3811=DIRECTION('center_axis',(-1.,0.,0.));
#3812=DIRECTION('ref_axis',(0.,1.,8.71279915250389E-49));
#3813=DIRECTION('',(-1.,0.,0.));
#3814=DIRECTION('center_axis',(-1.,0.,0.));
#3815=DIRECTION('ref_axis',(0.,-8.71279915250389E-49,1.));
#3816=DIRECTION('center_axis',(1.,0.,0.));
#3817=DIRECTION('ref_axis',(0.,1.,8.71279915250389E-49));
#3818=DIRECTION('',(-1.,0.,0.));
#3819=DIRECTION('axis',(0.,0.,1.));
#3820=DIRECTION('refdir',(1.,0.,0.));
#3821=DIRECTION('center_axis',(1.,0.,0.));
#3822=DIRECTION('ref_axis',(0.,1.,0.));
#3823=DIRECTION('center_axis',(1.,0.,0.));
#3824=DIRECTION('ref_axis',(0.,1.,0.));
#3825=DIRECTION('',(-0.965925826289068,0.25881904510252,3.16961915143176E-17));
#3826=DIRECTION('center_axis',(1.,0.,0.));
#3827=DIRECTION('ref_axis',(0.,0.,-1.));
#3828=DIRECTION('center_axis',(-1.,0.,0.));
#3829=DIRECTION('ref_axis',(0.,1.,0.));
#3830=DIRECTION('center_axis',(1.,0.,0.));
#3831=DIRECTION('ref_axis',(0.,0.,-1.));
#3832=DIRECTION('',(-0.5,-0.866025403784439,-1.06057523872491E-16));
#3833=DIRECTION('center_axis',(1.,0.,0.));
#3834=DIRECTION('ref_axis',(0.,0.,-1.));
#3835=DIRECTION('center_axis',(1.,0.,0.));
#3836=DIRECTION('ref_axis',(0.,1.,0.));
#3837=DIRECTION('',(-1.,0.,0.));
#3838=DIRECTION('center_axis',(0.,-0.38268343236509,-0.923879532511287));
#3839=DIRECTION('ref_axis',(1.,0.,0.));
#3840=DIRECTION('',(0.,-0.38268343236509,-0.923879532511287));
#3841=DIRECTION('center_axis',(0.,-0.38268343236509,-0.923879532511287));
#3842=DIRECTION('ref_axis',(1.,0.,0.));
#3843=DIRECTION('center_axis',(0.,0.38268343236509,0.923879532511287));
#3844=DIRECTION('ref_axis',(1.,0.,0.));
#3845=DIRECTION('center_axis',(0.,-0.707106781186548,-0.707106781186547));
#3846=DIRECTION('ref_axis',(1.,0.,0.));
#3847=DIRECTION('',(0.,-0.707106781186548,-0.707106781186547));
#3848=DIRECTION('center_axis',(0.,-0.707106781186548,-0.707106781186547));
#3849=DIRECTION('ref_axis',(1.,0.,0.));
#3850=DIRECTION('center_axis',(0.,0.707106781186548,0.707106781186547));
#3851=DIRECTION('ref_axis',(1.,0.,0.));
#3852=DIRECTION('center_axis',(0.,-0.923879532511287,-0.38268343236509));
#3853=DIRECTION('ref_axis',(1.,0.,0.));
#3854=DIRECTION('',(0.,-0.923879532511287,-0.38268343236509));
#3855=DIRECTION('center_axis',(0.,-0.923879532511287,-0.38268343236509));
#3856=DIRECTION('ref_axis',(1.,0.,0.));
#3857=DIRECTION('center_axis',(0.,0.923879532511287,0.38268343236509));
#3858=DIRECTION('ref_axis',(1.,0.,0.));
#3859=DIRECTION('center_axis',(0.,-1.,1.83697019872103E-16));
#3860=DIRECTION('ref_axis',(1.,0.,0.));
#3861=DIRECTION('',(0.,-1.,1.83697019872103E-16));
#3862=DIRECTION('center_axis',(0.,-1.,1.83697019872103E-16));
#3863=DIRECTION('ref_axis',(1.,0.,0.));
#3864=DIRECTION('center_axis',(0.,1.,-1.83697019872103E-16));
#3865=DIRECTION('ref_axis',(1.,0.,0.));
#3866=DIRECTION('center_axis',(0.,-0.923879532511287,0.38268343236509));
#3867=DIRECTION('ref_axis',(1.,0.,0.));
#3868=DIRECTION('',(0.,-0.923879532511287,0.38268343236509));
#3869=DIRECTION('center_axis',(0.,-0.923879532511287,0.38268343236509));
#3870=DIRECTION('ref_axis',(1.,0.,0.));
#3871=DIRECTION('center_axis',(0.,0.923879532511287,-0.38268343236509));
#3872=DIRECTION('ref_axis',(1.,0.,0.));
#3873=DIRECTION('center_axis',(0.,-0.707106781186547,0.707106781186548));
#3874=DIRECTION('ref_axis',(1.,0.,0.));
#3875=DIRECTION('',(0.,-0.707106781186547,0.707106781186548));
#3876=DIRECTION('center_axis',(0.,-0.707106781186547,0.707106781186548));
#3877=DIRECTION('ref_axis',(1.,0.,0.));
#3878=DIRECTION('center_axis',(0.,0.707106781186547,-0.707106781186548));
#3879=DIRECTION('ref_axis',(1.,0.,0.));
#3880=DIRECTION('center_axis',(0.,-0.38268343236509,0.923879532511287));
#3881=DIRECTION('ref_axis',(1.,0.,0.));
#3882=DIRECTION('',(0.,-0.38268343236509,0.923879532511287));
#3883=DIRECTION('center_axis',(0.,-0.38268343236509,0.923879532511287));
#3884=DIRECTION('ref_axis',(1.,0.,0.));
#3885=DIRECTION('center_axis',(0.,0.38268343236509,-0.923879532511287));
#3886=DIRECTION('ref_axis',(1.,0.,0.));
#3887=DIRECTION('center_axis',(0.,1.22464679914735E-16,1.));
#3888=DIRECTION('ref_axis',(1.,0.,0.));
#3889=DIRECTION('',(0.,1.22464679914735E-16,1.));
#3890=DIRECTION('center_axis',(0.,1.22464679914735E-16,1.));
#3891=DIRECTION('ref_axis',(1.,0.,0.));
#3892=DIRECTION('center_axis',(0.,-1.22464679914735E-16,-1.));
#3893=DIRECTION('ref_axis',(1.,0.,0.));
#3894=DIRECTION('center_axis',(0.,0.38268343236509,0.923879532511287));
#3895=DIRECTION('ref_axis',(1.,0.,0.));
#3896=DIRECTION('',(0.,0.38268343236509,0.923879532511287));
#3897=DIRECTION('center_axis',(0.,0.38268343236509,0.923879532511287));
#3898=DIRECTION('ref_axis',(1.,0.,0.));
#3899=DIRECTION('center_axis',(0.,-0.38268343236509,-0.923879532511287));
#3900=DIRECTION('ref_axis',(1.,0.,0.));
#3901=DIRECTION('center_axis',(0.,0.707106781186548,0.707106781186547));
#3902=DIRECTION('ref_axis',(1.,0.,0.));
#3903=DIRECTION('',(0.,0.707106781186548,0.707106781186547));
#3904=DIRECTION('center_axis',(0.,0.707106781186548,0.707106781186547));
#3905=DIRECTION('ref_axis',(1.,0.,0.));
#3906=DIRECTION('center_axis',(0.,-0.707106781186548,-0.707106781186547));
#3907=DIRECTION('ref_axis',(1.,0.,0.));
#3908=DIRECTION('center_axis',(0.,0.923879532511287,0.38268343236509));
#3909=DIRECTION('ref_axis',(1.,0.,0.));
#3910=DIRECTION('',(0.,0.923879532511287,0.38268343236509));
#3911=DIRECTION('center_axis',(0.,0.923879532511287,0.38268343236509));
#3912=DIRECTION('ref_axis',(1.,0.,0.));
#3913=DIRECTION('center_axis',(0.,-0.923879532511287,-0.38268343236509));
#3914=DIRECTION('ref_axis',(1.,0.,0.));
#3915=DIRECTION('center_axis',(0.,1.,-6.12323399573677E-17));
#3916=DIRECTION('ref_axis',(1.,0.,0.));
#3917=DIRECTION('',(0.,1.,-6.12323399573677E-17));
#3918=DIRECTION('center_axis',(0.,1.,-6.12323399573677E-17));
#3919=DIRECTION('ref_axis',(1.,0.,0.));
#3920=DIRECTION('center_axis',(0.,-1.,6.12323399573677E-17));
#3921=DIRECTION('ref_axis',(1.,0.,0.));
#3922=DIRECTION('center_axis',(0.,0.923879532511287,-0.38268343236509));
#3923=DIRECTION('ref_axis',(1.,0.,0.));
#3924=DIRECTION('',(0.,0.923879532511287,-0.38268343236509));
#3925=DIRECTION('center_axis',(0.,0.923879532511287,-0.38268343236509));
#3926=DIRECTION('ref_axis',(1.,0.,0.));
#3927=DIRECTION('center_axis',(0.,-0.923879532511287,0.38268343236509));
#3928=DIRECTION('ref_axis',(1.,0.,0.));
#3929=DIRECTION('center_axis',(0.,0.707106781186548,-0.707106781186548));
#3930=DIRECTION('ref_axis',(1.,0.,0.));
#3931=DIRECTION('',(0.,0.707106781186548,-0.707106781186548));
#3932=DIRECTION('center_axis',(0.,0.707106781186548,-0.707106781186548));
#3933=DIRECTION('ref_axis',(1.,0.,0.));
#3934=DIRECTION('center_axis',(0.,-0.707106781186548,0.707106781186548));
#3935=DIRECTION('ref_axis',(1.,0.,0.));
#3936=DIRECTION('center_axis',(0.,0.38268343236509,-0.923879532511287));
#3937=DIRECTION('ref_axis',(1.,0.,0.));
#3938=DIRECTION('',(0.,0.38268343236509,-0.923879532511287));
#3939=DIRECTION('center_axis',(0.,0.38268343236509,-0.923879532511287));
#3940=DIRECTION('ref_axis',(1.,0.,0.));
#3941=DIRECTION('center_axis',(0.,-0.38268343236509,0.923879532511287));
#3942=DIRECTION('ref_axis',(1.,0.,0.));
#3943=DIRECTION('center_axis',(0.,0.,-1.));
#3944=DIRECTION('ref_axis',(1.,0.,0.));
#3945=DIRECTION('',(0.,0.,-1.));
#3946=DIRECTION('center_axis',(0.,0.,-1.));
#3947=DIRECTION('ref_axis',(1.,0.,0.));
#3948=DIRECTION('center_axis',(0.,0.,1.));
#3949=DIRECTION('ref_axis',(1.,0.,0.));
#3950=DIRECTION('center_axis',(1.,0.,0.));
#3951=DIRECTION('ref_axis',(0.,1.,0.));
#3952=DIRECTION('center_axis',(1.,0.,0.));
#3953=DIRECTION('ref_axis',(0.,0.,-1.));
#3954=DIRECTION('',(-1.,0.,0.));
#3955=DIRECTION('center_axis',(1.,0.,0.));
#3956=DIRECTION('ref_axis',(0.,0.,-1.));
#3957=DIRECTION('center_axis',(-1.,0.,0.));
#3958=DIRECTION('ref_axis',(0.,0.,1.));
#3959=DIRECTION('center_axis',(1.,0.,0.));
#3960=DIRECTION('ref_axis',(0.,0.,-1.));
#3961=DIRECTION('center_axis',(1.,0.,0.));
#3962=DIRECTION('ref_axis',(0.,1.,0.));
#3963=DIRECTION('center_axis',(1.,0.,0.));
#3964=DIRECTION('ref_axis',(0.,0.,-1.));
#3965=DIRECTION('',(-1.,0.,0.));
#3966=DIRECTION('',(-1.,0.,0.));
#3967=DIRECTION('center_axis',(-1.,0.,0.));
#3968=DIRECTION('ref_axis',(0.,0.,1.));
#3969=DIRECTION('center_axis',(1.,0.,0.));
#3970=DIRECTION('ref_axis',(0.,0.,-1.));
#3971=DIRECTION('center_axis',(1.,0.,0.));
#3972=DIRECTION('ref_axis',(0.,1.,0.));
#3973=DIRECTION('center_axis',(1.,0.,0.));
#3974=DIRECTION('ref_axis',(0.,0.,-1.));
#3975=DIRECTION('',(-1.,0.,0.));
#3976=DIRECTION('center_axis',(-1.,0.,0.));
#3977=DIRECTION('ref_axis',(0.,0.,1.));
#3978=DIRECTION('center_axis',(1.,0.,0.));
#3979=DIRECTION('ref_axis',(0.,0.,-1.));
#3980=DIRECTION('center_axis',(1.,0.,0.));
#3981=DIRECTION('ref_axis',(0.,1.,0.));
#3982=DIRECTION('',(-1.,0.,0.));
#3983=DIRECTION('center_axis',(1.,0.,0.));
#3984=DIRECTION('ref_axis',(0.,0.,-1.));
#3985=DIRECTION('center_axis',(-1.,0.,0.));
#3986=DIRECTION('ref_axis',(0.,0.,1.));
#3987=DIRECTION('center_axis',(1.,0.,0.));
#3988=DIRECTION('ref_axis',(0.,0.,-1.));
#3989=DIRECTION('center_axis',(1.,0.,0.));
#3990=DIRECTION('ref_axis',(0.,1.,0.));
#3991=DIRECTION('',(-1.,0.,0.));
#3992=DIRECTION('center_axis',(-1.,0.,0.));
#3993=DIRECTION('ref_axis',(0.,0.,1.));
#3994=DIRECTION('center_axis',(1.,0.,0.));
#3995=DIRECTION('ref_axis',(0.,0.,-1.));
#3996=DIRECTION('center_axis',(1.,0.,0.));
#3997=DIRECTION('ref_axis',(0.,1.,0.));
#3998=DIRECTION('center_axis',(1.,0.,0.));
#3999=DIRECTION('ref_axis',(0.,0.,-1.));
#4000=DIRECTION('',(-1.,0.,0.));
#4001=DIRECTION('center_axis',(1.,0.,0.));
#4002=DIRECTION('ref_axis',(0.,0.,-1.));
#4003=DIRECTION('center_axis',(1.,0.,0.));
#4004=DIRECTION('ref_axis',(0.,0.,-1.));
#4005=DIRECTION('center_axis',(1.,0.,0.));
#4006=DIRECTION('ref_axis',(0.,1.,0.));
#4007=DIRECTION('',(-0.967416606817835,0.253189867200619,3.10068160443782E-17));
#4008=DIRECTION('center_axis',(1.,0.,0.));
#4009=DIRECTION('ref_axis',(0.,0.,-1.));
#4010=DIRECTION('center_axis',(1.,0.,0.));
#4011=DIRECTION('ref_axis',(0.,1.,0.));
#4012=DIRECTION('',(-1.,0.,0.));
#4013=DIRECTION('center_axis',(1.,0.,0.));
#4014=DIRECTION('ref_axis',(0.,0.,-1.));
#4015=DIRECTION('center_axis',(-1.,0.,0.));
#4016=DIRECTION('ref_axis',(0.,1.,0.));
#4017=DIRECTION('',(-0.5,-0.866025403784439,-1.06057523872491E-16));
#4018=DIRECTION('axis',(0.,0.,1.));
#4019=DIRECTION('refdir',(1.,0.,0.));
#4020=DIRECTION('center_axis',(0.,0.,-1.));
#4021=DIRECTION('ref_axis',(-1.,0.,0.));
#4022=DIRECTION('',(0.,0.,1.));
#4023=DIRECTION('center_axis',(0.,0.,1.));
#4024=DIRECTION('ref_axis',(-1.,0.,0.));
#4025=DIRECTION('center_axis',(1.,0.,0.));
#4026=DIRECTION('ref_axis',(0.,-1.,0.));
#4027=DIRECTION('center_axis',(-1.,0.,0.));
#4028=DIRECTION('ref_axis',(0.,-1.,0.));
#4029=DIRECTION('',(1.,0.,0.));
#4030=DIRECTION('center_axis',(-1.,0.,0.));
#4031=DIRECTION('ref_axis',(0.,-1.,0.));
#4032=DIRECTION('center_axis',(1.,0.,0.));
#4033=DIRECTION('ref_axis',(0.,-1.,0.));
#4034=DIRECTION('center_axis',(1.,0.,0.));
#4035=DIRECTION('ref_axis',(0.,-1.,0.));
#4036=DIRECTION('',(1.,0.,0.));
#4037=DIRECTION('center_axis',(1.,0.,0.));
#4038=DIRECTION('ref_axis',(0.,-1.,0.));
#4039=DIRECTION('center_axis',(-1.,0.,0.));
#4040=DIRECTION('ref_axis',(0.,-1.,0.));
#4041=DIRECTION('center_axis',(-1.,0.,0.));
#4042=DIRECTION('ref_axis',(0.,0.,1.));
#4043=DIRECTION('center_axis',(1.,0.,0.));
#4044=DIRECTION('ref_axis',(0.,0.,-1.));
#4045=DIRECTION('center_axis',(1.,0.,0.));
#4046=DIRECTION('ref_axis',(0.,1.,0.));
#4047=DIRECTION('center_axis',(1.,0.,0.));
#4048=DIRECTION('ref_axis',(0.,1.,0.));
#4049=DIRECTION('center_axis',(1.,0.,0.));
#4050=DIRECTION('ref_axis',(0.,1.,0.));
#4051=DIRECTION('center_axis',(1.,0.,0.));
#4052=DIRECTION('ref_axis',(0.,1.,0.));
#4053=DIRECTION('center_axis',(1.,0.,0.));
#4054=DIRECTION('ref_axis',(0.,1.,0.));
#4055=DIRECTION('center_axis',(1.,0.,0.));
#4056=DIRECTION('ref_axis',(0.,1.,0.));
#4057=DIRECTION('center_axis',(1.,0.,0.));
#4058=DIRECTION('ref_axis',(0.,1.,0.));
#4059=DIRECTION('center_axis',(1.,0.,0.));
#4060=DIRECTION('ref_axis',(0.,1.,0.));
#4061=DIRECTION('center_axis',(-1.,0.,0.));
#4062=DIRECTION('ref_axis',(0.,1.,0.));
#4063=DIRECTION('center_axis',(-1.,0.,0.));
#4064=DIRECTION('ref_axis',(0.,1.,0.));
#4065=DIRECTION('',(-1.,0.,0.));
#4066=DIRECTION('center_axis',(-1.,0.,0.));
#4067=DIRECTION('ref_axis',(0.,1.,0.));
#4068=DIRECTION('center_axis',(-1.,0.,0.));
#4069=DIRECTION('ref_axis',(0.,1.,0.));
#4070=DIRECTION('',(-1.,0.,0.));
#4071=DIRECTION('center_axis',(-1.,0.,0.));
#4072=DIRECTION('ref_axis',(0.,1.,0.));
#4073=DIRECTION('center_axis',(-1.,0.,0.));
#4074=DIRECTION('ref_axis',(0.,1.,0.));
#4075=DIRECTION('',(-1.,0.,0.));
#4076=DIRECTION('center_axis',(-1.,0.,0.));
#4077=DIRECTION('ref_axis',(0.,1.,0.));
#4078=DIRECTION('center_axis',(-1.,0.,0.));
#4079=DIRECTION('ref_axis',(0.,1.,0.));
#4080=DIRECTION('',(-1.,0.,0.));
#4081=DIRECTION('center_axis',(-1.,0.,0.));
#4082=DIRECTION('ref_axis',(0.,1.,0.));
#4083=DIRECTION('center_axis',(-1.,0.,0.));
#4084=DIRECTION('ref_axis',(0.,1.,0.));
#4085=DIRECTION('',(-1.,0.,0.));
#4086=DIRECTION('center_axis',(-1.,0.,0.));
#4087=DIRECTION('ref_axis',(0.,1.,0.));
#4088=DIRECTION('center_axis',(-1.,0.,0.));
#4089=DIRECTION('ref_axis',(0.,1.,0.));
#4090=DIRECTION('',(-1.,0.,0.));
#4091=DIRECTION('center_axis',(-1.,0.,0.));
#4092=DIRECTION('ref_axis',(0.,1.,0.));
#4093=DIRECTION('center_axis',(-1.,0.,0.));
#4094=DIRECTION('ref_axis',(0.,1.,0.));
#4095=DIRECTION('',(-1.,0.,0.));
#4096=DIRECTION('center_axis',(-1.,0.,0.));
#4097=DIRECTION('ref_axis',(0.,1.,0.));
#4098=DIRECTION('center_axis',(-1.,0.,0.));
#4099=DIRECTION('ref_axis',(0.,1.,0.));
#4100=DIRECTION('',(-1.,0.,0.));
#4101=DIRECTION('center_axis',(1.,0.,0.));
#4102=DIRECTION('ref_axis',(0.,0.,-1.));
#4103=DIRECTION('center_axis',(-1.,0.,0.));
#4104=DIRECTION('ref_axis',(0.,0.,-1.));
#4105=DIRECTION('',(1.,0.,0.));
#4106=DIRECTION('center_axis',(-1.,0.,0.));
#4107=DIRECTION('ref_axis',(0.,0.,-1.));
#4108=DIRECTION('center_axis',(1.,0.,0.));
#4109=DIRECTION('ref_axis',(0.,0.,-1.));
#4110=DIRECTION('center_axis',(1.,0.,0.));
#4111=DIRECTION('ref_axis',(0.,0.,-1.));
#4112=DIRECTION('',(1.,0.,0.));
#4113=DIRECTION('center_axis',(1.,0.,0.));
#4114=DIRECTION('ref_axis',(0.,0.,-1.));
#4115=DIRECTION('center_axis',(1.,0.,0.));
#4116=DIRECTION('ref_axis',(0.,0.,-1.));
#4117=DIRECTION('center_axis',(-1.,0.,0.));
#4118=DIRECTION('ref_axis',(0.,0.,1.));
#4119=DIRECTION('center_axis',(1.,0.,0.));
#4120=DIRECTION('ref_axis',(0.,0.,-1.));
#4121=DIRECTION('center_axis',(0.,0.,1.));
#4122=DIRECTION('ref_axis',(1.,0.,0.));
#4123=DIRECTION('center_axis',(0.,0.,1.));
#4124=DIRECTION('ref_axis',(1.,0.,0.));
#4125=DIRECTION('center_axis',(0.,0.,-1.));
#4126=DIRECTION('ref_axis',(1.,0.,0.));
#4127=DIRECTION('',(0.,0.,-1.));
#4128=DIRECTION('center_axis',(0.,0.,-1.));
#4129=DIRECTION('ref_axis',(1.,0.,0.));
#4130=DIRECTION('center_axis',(0.,0.,1.));
#4131=DIRECTION('ref_axis',(1.,0.,0.));
#4132=DIRECTION('center_axis',(0.,0.,1.));
#4133=DIRECTION('ref_axis',(1.,0.,0.));
#4134=DIRECTION('center_axis',(0.,0.,-1.));
#4135=DIRECTION('ref_axis',(1.,0.,0.));
#4136=DIRECTION('',(0.,0.,-1.));
#4137=DIRECTION('center_axis',(0.,0.,-1.));
#4138=DIRECTION('ref_axis',(1.,0.,0.));
#4139=DIRECTION('center_axis',(0.,0.,1.));
#4140=DIRECTION('ref_axis',(1.,0.,0.));
#4141=DIRECTION('center_axis',(0.,0.,1.));
#4142=DIRECTION('ref_axis',(1.,0.,0.));
#4143=DIRECTION('center_axis',(0.,0.,-1.));
#4144=DIRECTION('ref_axis',(1.,0.,0.));
#4145=DIRECTION('',(0.,0.,-1.));
#4146=DIRECTION('center_axis',(0.,0.,-1.));
#4147=DIRECTION('ref_axis',(1.,0.,0.));
#4148=DIRECTION('',(0.,0.,-1.));
#4149=DIRECTION('center_axis',(1.,0.,0.));
#4150=DIRECTION('ref_axis',(0.,1.,0.));
#4151=DIRECTION('center_axis',(1.,0.,0.));
#4152=DIRECTION('ref_axis',(0.,1.,0.));
#4153=DIRECTION('',(1.,0.,0.));
#4154=DIRECTION('center_axis',(1.,0.,0.));
#4155=DIRECTION('ref_axis',(0.,0.,-1.));
#4156=DIRECTION('center_axis',(-1.,0.,0.));
#4157=DIRECTION('ref_axis',(0.,1.,0.));
#4158=DIRECTION('',(0.5,0.866025403784439,1.06057523872491E-16));
#4159=DIRECTION('center_axis',(-1.,0.,0.));
#4160=DIRECTION('ref_axis',(0.,1.,0.));
#4161=DIRECTION('center_axis',(1.,0.,0.));
#4162=DIRECTION('ref_axis',(0.,0.,-1.));
#4163=DIRECTION('center_axis',(1.,0.,0.));
#4164=DIRECTION('ref_axis',(0.,0.,-1.));
#4165=DIRECTION('center_axis',(1.,0.,0.));
#4166=DIRECTION('ref_axis',(0.,0.,-1.));
#4167=DIRECTION('center_axis',(1.,0.,0.));
#4168=DIRECTION('ref_axis',(0.,1.,0.));
#4169=DIRECTION('',(-1.,0.,0.));
#4170=DIRECTION('center_axis',(-1.,0.,0.));
#4171=DIRECTION('ref_axis',(0.,0.,1.));
#4172=DIRECTION('center_axis',(1.,0.,0.));
#4173=DIRECTION('ref_axis',(0.,1.,0.));
#4174=DIRECTION('center_axis',(1.,0.,0.));
#4175=DIRECTION('ref_axis',(0.,0.,-1.));
#4176=DIRECTION('',(-1.,0.,0.));
#4177=DIRECTION('center_axis',(1.,0.,0.));
#4178=DIRECTION('ref_axis',(0.,0.,-1.));
#4179=DIRECTION('center_axis',(1.,0.,0.));
#4180=DIRECTION('ref_axis',(0.,0.,-1.));
#4181=DIRECTION('center_axis',(1.,0.,0.));
#4182=DIRECTION('ref_axis',(0.,1.,0.));
#4183=DIRECTION('center_axis',(1.,0.,0.));
#4184=DIRECTION('ref_axis',(0.,0.,-1.));
#4185=DIRECTION('',(-1.,0.,0.));
#4186=DIRECTION('center_axis',(1.,0.,0.));
#4187=DIRECTION('ref_axis',(0.,0.,-1.));
#4188=DIRECTION('center_axis',(1.,0.,0.));
#4189=DIRECTION('ref_axis',(0.,0.,-1.));
#4190=DIRECTION('center_axis',(1.,0.,0.));
#4191=DIRECTION('ref_axis',(0.,1.,0.));
#4192=DIRECTION('',(-1.,0.,0.));
#4193=DIRECTION('center_axis',(1.,0.,0.));
#4194=DIRECTION('ref_axis',(0.,0.,-1.));
#4195=DIRECTION('center_axis',(-1.,0.,0.));
#4196=DIRECTION('ref_axis',(0.,0.,1.));
#4197=DIRECTION('center_axis',(1.,0.,0.));
#4198=DIRECTION('ref_axis',(0.,1.,0.));
#4199=DIRECTION('',(-1.,0.,0.));
#4200=DIRECTION('axis',(0.,0.,1.));
#4201=DIRECTION('refdir',(1.,0.,0.));
#4202=DIRECTION('center_axis',(1.,0.,0.));
#4203=DIRECTION('ref_axis',(0.,1.,8.71279915250389E-49));
#4204=DIRECTION('center_axis',(-1.,0.,0.));
#4205=DIRECTION('ref_axis',(0.,1.,8.71279915250389E-49));
#4206=DIRECTION('',(1.,0.,0.));
#4207=DIRECTION('center_axis',(-1.,0.,0.));
#4208=DIRECTION('ref_axis',(0.,1.,8.71279915250389E-49));
#4209=DIRECTION('center_axis',(1.,0.,0.));
#4210=DIRECTION('ref_axis',(0.,1.,8.71279915250389E-49));
#4211=DIRECTION('center_axis',(1.,0.,0.));
#4212=DIRECTION('ref_axis',(0.,1.,8.71279915250389E-49));
#4213=DIRECTION('',(1.,0.,0.));
#4214=DIRECTION('center_axis',(1.,0.,0.));
#4215=DIRECTION('ref_axis',(0.,1.,8.71279915250389E-49));
#4216=DIRECTION('center_axis',(1.,0.,0.));
#4217=DIRECTION('ref_axis',(0.,1.,8.71279915250389E-49));
#4218=DIRECTION('center_axis',(-1.,0.,0.));
#4219=DIRECTION('ref_axis',(0.,0.,1.));
#4220=DIRECTION('center_axis',(1.,0.,0.));
#4221=DIRECTION('ref_axis',(0.,0.,-1.));
#4222=DIRECTION('center_axis',(1.,0.,0.));
#4223=DIRECTION('ref_axis',(0.,1.,0.));
#4224=DIRECTION('center_axis',(1.,0.,0.));
#4225=DIRECTION('ref_axis',(0.,1.,0.));
#4226=DIRECTION('center_axis',(1.,0.,0.));
#4227=DIRECTION('ref_axis',(0.,1.,0.));
#4228=DIRECTION('center_axis',(1.,0.,0.));
#4229=DIRECTION('ref_axis',(0.,1.,0.));
#4230=DIRECTION('center_axis',(1.,0.,0.));
#4231=DIRECTION('ref_axis',(0.,1.,0.));
#4232=DIRECTION('center_axis',(1.,0.,0.));
#4233=DIRECTION('ref_axis',(0.,1.,0.));
#4234=DIRECTION('center_axis',(1.,0.,0.));
#4235=DIRECTION('ref_axis',(0.,1.,0.));
#4236=DIRECTION('center_axis',(1.,0.,0.));
#4237=DIRECTION('ref_axis',(0.,1.,0.));
#4238=DIRECTION('center_axis',(-1.,0.,0.));
#4239=DIRECTION('ref_axis',(0.,1.,0.));
#4240=DIRECTION('center_axis',(-1.,0.,0.));
#4241=DIRECTION('ref_axis',(0.,1.,0.));
#4242=DIRECTION('',(-1.,0.,0.));
#4243=DIRECTION('center_axis',(-1.,0.,0.));
#4244=DIRECTION('ref_axis',(0.,1.,0.));
#4245=DIRECTION('center_axis',(-1.,0.,0.));
#4246=DIRECTION('ref_axis',(0.,1.,0.));
#4247=DIRECTION('',(-1.,0.,0.));
#4248=DIRECTION('center_axis',(-1.,0.,0.));
#4249=DIRECTION('ref_axis',(0.,1.,0.));
#4250=DIRECTION('center_axis',(-1.,0.,0.));
#4251=DIRECTION('ref_axis',(0.,1.,0.));
#4252=DIRECTION('',(-1.,0.,0.));
#4253=DIRECTION('center_axis',(-1.,0.,0.));
#4254=DIRECTION('ref_axis',(0.,1.,0.));
#4255=DIRECTION('center_axis',(-1.,0.,0.));
#4256=DIRECTION('ref_axis',(0.,1.,0.));
#4257=DIRECTION('',(-1.,0.,0.));
#4258=DIRECTION('center_axis',(-1.,0.,0.));
#4259=DIRECTION('ref_axis',(0.,1.,0.));
#4260=DIRECTION('center_axis',(-1.,0.,0.));
#4261=DIRECTION('ref_axis',(0.,1.,0.));
#4262=DIRECTION('',(-1.,0.,0.));
#4263=DIRECTION('center_axis',(-1.,0.,0.));
#4264=DIRECTION('ref_axis',(0.,1.,0.));
#4265=DIRECTION('center_axis',(-1.,0.,0.));
#4266=DIRECTION('ref_axis',(0.,1.,0.));
#4267=DIRECTION('',(-1.,0.,0.));
#4268=DIRECTION('center_axis',(-1.,0.,0.));
#4269=DIRECTION('ref_axis',(0.,1.,0.));
#4270=DIRECTION('center_axis',(-1.,0.,0.));
#4271=DIRECTION('ref_axis',(0.,1.,0.));
#4272=DIRECTION('',(-1.,0.,0.));
#4273=DIRECTION('center_axis',(-1.,0.,0.));
#4274=DIRECTION('ref_axis',(0.,1.,0.));
#4275=DIRECTION('center_axis',(-1.,0.,0.));
#4276=DIRECTION('ref_axis',(0.,1.,0.));
#4277=DIRECTION('',(-1.,0.,0.));
#4278=DIRECTION('center_axis',(0.,-0.38268343236509,-0.923879532511287));
#4279=DIRECTION('ref_axis',(1.,0.,0.));
#4280=DIRECTION('',(0.,-0.38268343236509,-0.923879532511287));
#4281=DIRECTION('center_axis',(0.,-0.707106781186548,-0.707106781186547));
#4282=DIRECTION('ref_axis',(1.,0.,0.));
#4283=DIRECTION('',(0.,-0.707106781186548,-0.707106781186547));
#4284=DIRECTION('center_axis',(0.,-0.923879532511287,-0.38268343236509));
#4285=DIRECTION('ref_axis',(1.,0.,0.));
#4286=DIRECTION('',(0.,-0.923879532511287,-0.38268343236509));
#4287=DIRECTION('center_axis',(0.,-1.,1.83697019872103E-16));
#4288=DIRECTION('ref_axis',(1.,0.,0.));
#4289=DIRECTION('',(0.,-1.,1.83697019872103E-16));
#4290=DIRECTION('center_axis',(0.,-0.923879532511287,0.38268343236509));
#4291=DIRECTION('ref_axis',(1.,0.,0.));
#4292=DIRECTION('',(0.,-0.923879532511287,0.38268343236509));
#4293=DIRECTION('center_axis',(0.,-0.707106781186547,0.707106781186548));
#4294=DIRECTION('ref_axis',(1.,0.,0.));
#4295=DIRECTION('',(0.,-0.707106781186547,0.707106781186548));
#4296=DIRECTION('center_axis',(0.,-0.38268343236509,0.923879532511287));
#4297=DIRECTION('ref_axis',(1.,0.,0.));
#4298=DIRECTION('',(0.,-0.38268343236509,0.923879532511287));
#4299=DIRECTION('center_axis',(0.,1.22464679914735E-16,1.));
#4300=DIRECTION('ref_axis',(1.,0.,0.));
#4301=DIRECTION('',(0.,1.22464679914735E-16,1.));
#4302=DIRECTION('center_axis',(0.,0.38268343236509,0.923879532511287));
#4303=DIRECTION('ref_axis',(1.,0.,0.));
#4304=DIRECTION('',(0.,0.38268343236509,0.923879532511287));
#4305=DIRECTION('center_axis',(0.,0.707106781186548,0.707106781186547));
#4306=DIRECTION('ref_axis',(1.,0.,0.));
#4307=DIRECTION('',(0.,0.707106781186548,0.707106781186547));
#4308=DIRECTION('center_axis',(0.,0.923879532511287,0.38268343236509));
#4309=DIRECTION('ref_axis',(1.,0.,0.));
#4310=DIRECTION('',(0.,0.923879532511287,0.38268343236509));
#4311=DIRECTION('center_axis',(0.,1.,-6.12323399573677E-17));
#4312=DIRECTION('ref_axis',(1.,0.,0.));
#4313=DIRECTION('',(0.,1.,-6.12323399573677E-17));
#4314=DIRECTION('center_axis',(0.,0.923879532511287,-0.38268343236509));
#4315=DIRECTION('ref_axis',(1.,0.,0.));
#4316=DIRECTION('',(0.,0.923879532511287,-0.38268343236509));
#4317=DIRECTION('center_axis',(0.,0.707106781186548,-0.707106781186548));
#4318=DIRECTION('ref_axis',(1.,0.,0.));
#4319=DIRECTION('',(0.,0.707106781186548,-0.707106781186548));
#4320=DIRECTION('center_axis',(0.,0.38268343236509,-0.923879532511287));
#4321=DIRECTION('ref_axis',(1.,0.,0.));
#4322=DIRECTION('',(0.,0.38268343236509,-0.923879532511287));
#4323=DIRECTION('center_axis',(0.,0.,-1.));
#4324=DIRECTION('ref_axis',(1.,0.,0.));
#4325=DIRECTION('',(0.,0.,-1.));
#4326=DIRECTION('center_axis',(1.,0.,0.));
#4327=DIRECTION('ref_axis',(0.,1.,0.));
#4328=DIRECTION('center_axis',(1.,0.,0.));
#4329=DIRECTION('ref_axis',(0.,0.,-1.));
#4330=DIRECTION('',(-1.,0.,0.));
#4331=DIRECTION('center_axis',(1.,0.,0.));
#4332=DIRECTION('ref_axis',(0.,0.,-1.));
#4333=DIRECTION('center_axis',(-1.,0.,0.));
#4334=DIRECTION('ref_axis',(0.,0.,1.));
#4335=DIRECTION('center_axis',(1.,0.,0.));
#4336=DIRECTION('ref_axis',(0.,1.,0.));
#4337=DIRECTION('center_axis',(1.,0.,0.));
#4338=DIRECTION('ref_axis',(0.,0.,-1.));
#4339=DIRECTION('',(-1.,0.,0.));
#4340=DIRECTION('center_axis',(1.,0.,0.));
#4341=DIRECTION('ref_axis',(0.,0.,-1.));
#4342=DIRECTION('center_axis',(1.,0.,0.));
#4343=DIRECTION('ref_axis',(0.,0.,-1.));
#4344=DIRECTION('center_axis',(1.,0.,0.));
#4345=DIRECTION('ref_axis',(0.,1.,0.));
#4346=DIRECTION('center_axis',(1.,0.,0.));
#4347=DIRECTION('ref_axis',(0.,0.,-1.));
#4348=DIRECTION('',(-1.,0.,0.));
#4349=DIRECTION('',(-1.,0.,0.));
#4350=DIRECTION('center_axis',(1.,0.,0.));
#4351=DIRECTION('ref_axis',(0.,0.,-1.));
#4352=DIRECTION('center_axis',(1.,0.,0.));
#4353=DIRECTION('ref_axis',(0.,0.,-1.));
#4354=DIRECTION('center_axis',(1.,0.,0.));
#4355=DIRECTION('ref_axis',(0.,1.,0.));
#4356=DIRECTION('',(-1.,0.,0.));
#4357=DIRECTION('',(-1.,0.,0.));
#4358=DIRECTION('center_axis',(1.,0.,0.));
#4359=DIRECTION('ref_axis',(0.,0.,-1.));
#4360=DIRECTION('center_axis',(1.,0.,0.));
#4361=DIRECTION('ref_axis',(0.,0.,-1.));
#4362=DIRECTION('',(0.,0.,1.));
#4363=DIRECTION('',(1.,0.,0.));
#4364=DIRECTION('',(0.,0.,1.));
#4365=DIRECTION('',(1.,0.,0.));
#4366=DIRECTION('',(0.,0.,1.));
#4367=DIRECTION('',(1.,0.,0.));
#4368=DIRECTION('',(0.,0.,1.));
#4369=DIRECTION('',(1.,0.,0.));
#4370=DIRECTION('',(0.,0.,1.));
#4371=DIRECTION('',(1.,0.,0.));
#4372=CARTESIAN_POINT('',(0.,0.,0.));
#4373=CARTESIAN_POINT('',(0.,0.,0.));
#4374=CARTESIAN_POINT('Origin',(-42.,1.13098599171477E-15,-1.30212668819163E-31));
#4375=CARTESIAN_POINT('',(-42.,8.75,-1.07156594925393E-15));
#4376=CARTESIAN_POINT('Origin',(-42.,1.13098599171477E-15,-1.30212668819163E-31));
#4377=CARTESIAN_POINT('',(-40.9,8.75,-1.07156594925393E-15));
#4378=CARTESIAN_POINT('',(-42.,8.75,1.07156594925393E-15));
#4379=CARTESIAN_POINT('Origin',(-40.9,1.13098599171477E-15,-1.30212668819163E-31));
#4380=CARTESIAN_POINT('Origin',(-42.,1.13098599171477E-15,-1.30212668819163E-31));
#4381=CARTESIAN_POINT('',(-42.,10.25,-1.25526296912604E-15));
#4382=CARTESIAN_POINT('Origin',(-42.,1.13098599171477E-15,-1.30212668819163E-31));
#4383=CARTESIAN_POINT('',(-40.9,10.25,-1.25526296912604E-15));
#4384=CARTESIAN_POINT('',(-42.,10.25,1.25526296912604E-15));
#4385=CARTESIAN_POINT('Origin',(-40.9,1.13098599171477E-15,-1.30212668819163E-31));
#4386=CARTESIAN_POINT('Origin',(-40.9,1.13098599171477E-15,-1.30212668819163E-31));
#4387=CARTESIAN_POINT('Origin',(-42.,1.13098599171477E-15,-1.30212668819163E-31));
#4388=CARTESIAN_POINT('',(-42.,12.,-1.46957615897682E-15));
#4389=CARTESIAN_POINT('Origin',(-42.,1.13098599171477E-15,-1.30212668819163E-31));
#4390=CARTESIAN_POINT('Origin',(8.00000000000001,-1.13098599171477E-15,
-1.30212668819163E-31));
#4391=CARTESIAN_POINT('',(-16.,-70.,-8.57252759403147E-15));
#4392=CARTESIAN_POINT('Origin',(-16.,-1.13098599171477E-15,-1.30212668819163E-31));
#4393=CARTESIAN_POINT('',(-24.,-70.,8.57252759403147E-15));
#4394=CARTESIAN_POINT('',(8.00000000000001,-70.,8.57252759403147E-15));
#4395=CARTESIAN_POINT('Origin',(-24.,-1.13098599171477E-15,-1.30212668819163E-31));
#4396=CARTESIAN_POINT('Origin',(8.00000000000001,-21.0475887800799,-50.8133742881208));
#4397=CARTESIAN_POINT('',(-16.,-26.0475887800799,-50.8133742881208));
#4398=CARTESIAN_POINT('Origin',(-16.,-21.0475887800799,-50.8133742881208));
#4399=CARTESIAN_POINT('',(-24.,-26.0475887800799,-50.8133742881208));
#4400=CARTESIAN_POINT('',(8.00000000000001,-26.0475887800799,-50.8133742881208));
#4401=CARTESIAN_POINT('Origin',(-24.,-21.0475887800799,-50.8133742881208));
#4402=CARTESIAN_POINT('Origin',(8.00000000000001,21.0475887800799,50.8133742881208));
#4403=CARTESIAN_POINT('',(-16.,16.0475887800799,50.8133742881208));
#4404=CARTESIAN_POINT('Origin',(-16.,21.0475887800799,50.8133742881208));
#4405=CARTESIAN_POINT('',(-24.,16.0475887800799,50.8133742881208));
#4406=CARTESIAN_POINT('',(8.00000000000001,16.0475887800799,50.8133742881208));
#4407=CARTESIAN_POINT('Origin',(-24.,21.0475887800799,50.8133742881208));
#4408=CARTESIAN_POINT('Origin',(8.00000000000001,-21.04758878008,50.8133742881208));
#4409=CARTESIAN_POINT('',(-16.,-26.04758878008,50.8133742881208));
#4410=CARTESIAN_POINT('Origin',(-16.,-21.04758878008,50.8133742881208));
#4411=CARTESIAN_POINT('',(-24.,-26.04758878008,50.8133742881208));
#4412=CARTESIAN_POINT('',(8.00000000000001,-26.04758878008,50.8133742881208));
#4413=CARTESIAN_POINT('Origin',(-24.,-21.04758878008,50.8133742881208));
#4414=CARTESIAN_POINT('Origin',(8.00000000000001,21.0475887800799,-50.8133742881208));
#4415=CARTESIAN_POINT('',(-16.,16.0475887800799,-50.8133742881208));
#4416=CARTESIAN_POINT('Origin',(-16.,21.0475887800799,-50.8133742881208));
#4417=CARTESIAN_POINT('',(-24.,16.0475887800799,-50.8133742881208));
#4418=CARTESIAN_POINT('',(8.00000000000001,16.0475887800799,-50.8133742881208));
#4419=CARTESIAN_POINT('Origin',(-24.,21.0475887800799,-50.8133742881208));
#4420=CARTESIAN_POINT('Origin',(8.00000000000001,-50.8133742881208,-21.0475887800799));
#4421=CARTESIAN_POINT('',(-16.,-55.8133742881208,-21.0475887800799));
#4422=CARTESIAN_POINT('Origin',(-16.,-50.8133742881208,-21.0475887800799));
#4423=CARTESIAN_POINT('',(-24.,-55.8133742881208,-21.0475887800799));
#4424=CARTESIAN_POINT('',(8.00000000000001,-55.8133742881208,-21.0475887800799));
#4425=CARTESIAN_POINT('Origin',(-24.,-50.8133742881208,-21.0475887800799));
#4426=CARTESIAN_POINT('Origin',(8.00000000000001,50.8133742881208,21.0475887800799));
#4427=CARTESIAN_POINT('',(-16.,45.8133742881208,21.0475887800799));
#4428=CARTESIAN_POINT('Origin',(-16.,50.8133742881208,21.0475887800799));
#4429=CARTESIAN_POINT('',(-24.,45.8133742881208,21.0475887800799));
#4430=CARTESIAN_POINT('',(8.00000000000001,45.8133742881208,21.0475887800799));
#4431=CARTESIAN_POINT('Origin',(-24.,50.8133742881208,21.0475887800799));
#4432=CARTESIAN_POINT('Origin',(8.00000000000001,-50.8133742881208,21.0475887800799));
#4433=CARTESIAN_POINT('',(-16.,-55.8133742881208,21.0475887800799));
#4434=CARTESIAN_POINT('Origin',(-16.,-50.8133742881208,21.0475887800799));
#4435=CARTESIAN_POINT('',(-24.,-55.8133742881208,21.0475887800799));
#4436=CARTESIAN_POINT('',(8.00000000000001,-55.8133742881208,21.0475887800799));
#4437=CARTESIAN_POINT('Origin',(-24.,-50.8133742881208,21.0475887800799));
#4438=CARTESIAN_POINT('Origin',(8.00000000000001,50.8133742881208,-21.0475887800799));
#4439=CARTESIAN_POINT('',(-16.,45.8133742881208,-21.0475887800799));
#4440=CARTESIAN_POINT('Origin',(-16.,50.8133742881208,-21.0475887800799));
#4441=CARTESIAN_POINT('',(-24.,45.8133742881208,-21.0475887800799));
#4442=CARTESIAN_POINT('',(8.00000000000001,45.8133742881208,-21.0475887800799));
#4443=CARTESIAN_POINT('Origin',(-24.,50.8133742881208,-21.0475887800799));
#4444=CARTESIAN_POINT('Origin',(-69.,1.13098599171477E-15,-1.30212668819163E-31));
#4445=CARTESIAN_POINT('',(-69.,5.,-6.12323399573677E-16));
#4446=CARTESIAN_POINT('Origin',(-69.,1.13098599171477E-15,-1.30212668819163E-31));
#4447=CARTESIAN_POINT('',(-61.,5.,-6.12323399573677E-16));
#4448=CARTESIAN_POINT('',(-69.,5.,6.12323399573677E-16));
#4449=CARTESIAN_POINT('Origin',(-61.,1.13098599171477E-15,-1.30212668819163E-31));
#4450=CARTESIAN_POINT('Origin',(-61.,1.13098599171477E-15,-1.30212668819163E-31));
#4451=CARTESIAN_POINT('',(-61.,4.,-4.89858719658941E-16));
#4452=CARTESIAN_POINT('Origin',(-61.,1.13098599171477E-15,-1.30212668819163E-31));
#4453=CARTESIAN_POINT('Origin',(-16.,1.13098599171477E-15,13.5));
#4454=CARTESIAN_POINT('',(-16.,-0.999999999999999,13.5));
#4455=CARTESIAN_POINT('Origin',(-16.,1.13098599171477E-15,13.5));
#4456=CARTESIAN_POINT('',(-24.,-0.999999999999999,13.5));
#4457=CARTESIAN_POINT('',(-16.,-0.999999999999999,13.5));
#4458=CARTESIAN_POINT('Origin',(-24.,1.13098599171477E-15,13.5));
#4459=CARTESIAN_POINT('Origin',(-16.,1.13098599171477E-15,-13.5));
#4460=CARTESIAN_POINT('',(-16.,-1.,-13.5));
#4461=CARTESIAN_POINT('Origin',(-16.,1.13098599171477E-15,-13.5));
#4462=CARTESIAN_POINT('',(-24.,-1.,-13.5));
#4463=CARTESIAN_POINT('',(-16.,-1.,-13.5));
#4464=CARTESIAN_POINT('Origin',(-24.,1.13098599171477E-15,-13.5));
#4465=CARTESIAN_POINT('Origin',(-24.,1.13098599171477E-15,-1.30212668819163E-31));
#4466=CARTESIAN_POINT('',(-69.,7.,-8.57252759403147E-16));
#4467=CARTESIAN_POINT('Origin',(-69.,1.13098599171477E-15,-1.30212668819163E-31));
#4468=CARTESIAN_POINT('',(-42.,7.,8.57252759403147E-16));
#4469=CARTESIAN_POINT('',(-24.,7.,-8.57252759403147E-16));
#4470=CARTESIAN_POINT('Origin',(-42.,1.13098599171477E-15,-1.30212668819163E-31));
#4471=CARTESIAN_POINT('Origin',(-69.,1.13098599171477E-15,-1.30212668819163E-31));
#4472=CARTESIAN_POINT('Origin',(-42.,1.13098599171477E-15,-1.30212668819163E-31));
#4473=CARTESIAN_POINT('Origin',(-36.,1.13098599171477E-15,-1.30212668819163E-31));
#4474=CARTESIAN_POINT('',(-36.,12.,-1.46957615897682E-15));
#4475=CARTESIAN_POINT('Origin',(-36.,1.13098599171477E-15,-1.30212668819163E-31));
#4476=CARTESIAN_POINT('',(-36.,7.,-8.57252759403147E-16));
#4477=CARTESIAN_POINT('Origin',(-36.,1.13098599171477E-15,-1.30212668819163E-31));
#4478=CARTESIAN_POINT('Origin',(-24.,1.13098599171477E-15,-1.30212668819163E-31));
#4479=CARTESIAN_POINT('',(-24.,7.,-8.57252759403147E-16));
#4480=CARTESIAN_POINT('Origin',(-24.,1.13098599171477E-15,-1.30212668819163E-31));
#4481=CARTESIAN_POINT('',(-24.,7.,-8.57252759403147E-16));
#4482=CARTESIAN_POINT('Origin',(-24.,1.13098599171477E-15,-1.30212668819163E-31));
#4483=CARTESIAN_POINT('',(-24.,4.,-4.89858719658941E-16));
#4484=CARTESIAN_POINT('',(-24.,4.,-4.89858719658941E-16));
#4485=CARTESIAN_POINT('Origin',(-24.,1.13098599171477E-15,-1.30212668819163E-31));
#4486=CARTESIAN_POINT('Origin',(-24.,1.13098599171477E-15,-1.30212668819163E-31));
#4487=CARTESIAN_POINT('',(-24.,12.,-1.46957615897682E-15));
#4488=CARTESIAN_POINT('Origin',(-24.,1.13098599171477E-15,-1.30212668819163E-31));
#4489=CARTESIAN_POINT('Origin',(-16.,1.13098599171477E-15,-1.30212668819163E-31));
#4490=CARTESIAN_POINT('',(-24.,2.,-2.44929359829471E-16));
#4491=CARTESIAN_POINT('Origin',(-24.,1.13098599171477E-15,-1.30212668819163E-31));
#4492=CARTESIAN_POINT('',(-16.,2.,-2.44929359829471E-16));
#4493=CARTESIAN_POINT('',(-16.,2.,-2.44929359829471E-16));
#4494=CARTESIAN_POINT('Origin',(-16.,1.13098599171477E-15,-1.30212668819163E-31));
#4495=CARTESIAN_POINT('Origin',(-24.,1.13098599171477E-15,-1.30212668819163E-31));
#4496=CARTESIAN_POINT('Origin',(-16.,1.13098599171477E-15,-1.30212668819163E-31));
#4497=CARTESIAN_POINT('',(0.,0.,0.));
#4498=CARTESIAN_POINT('Origin',(-24.,1.13098599171477E-15,-1.30212668819163E-31));
#4499=CARTESIAN_POINT('',(-24.,-35.,-4.28626379701574E-15));
#4500=CARTESIAN_POINT('Origin',(-24.,1.13098599171477E-15,-1.30212668819163E-31));
#4501=CARTESIAN_POINT('',(-26.65,-35.,-4.28626379701574E-15));
#4502=CARTESIAN_POINT('',(-24.,-35.,4.28626379701574E-15));
#4503=CARTESIAN_POINT('Origin',(-26.65,1.13098599171477E-15,-1.30212668819163E-31));
#4504=CARTESIAN_POINT('Origin',(-24.,1.13098599171477E-15,-1.30212668819163E-31));
#4505=CARTESIAN_POINT('',(-24.,-39.6,-4.84960132462352E-15));
#4506=CARTESIAN_POINT('Origin',(-24.,1.13098599171477E-15,-1.30212668819163E-31));
#4507=CARTESIAN_POINT('',(-26.65,-39.6,-4.84960132462352E-15));
#4508=CARTESIAN_POINT('',(-24.,-39.6,4.84960132462352E-15));
#4509=CARTESIAN_POINT('Origin',(-26.65,1.13098599171477E-15,-1.30212668819163E-31));
#4510=CARTESIAN_POINT('Origin',(-26.65,1.13098599171477E-15,-1.30212668819163E-31));
#4511=CARTESIAN_POINT('Origin',(-24.,1.13098599171477E-15,-1.30212668819163E-31));
#4512=CARTESIAN_POINT('',(-24.,-70.,-8.57252759403147E-15));
#4513=CARTESIAN_POINT('Origin',(-24.,-1.13098599171477E-15,-1.30212668819163E-31));
#4514=CARTESIAN_POINT('',(-24.,45.8133742881208,-21.0475887800799));
#4515=CARTESIAN_POINT('Origin',(-24.,50.8133742881208,-21.0475887800799));
#4516=CARTESIAN_POINT('',(-24.,-55.8133742881208,21.0475887800799));
#4517=CARTESIAN_POINT('Origin',(-24.,-50.8133742881208,21.0475887800799));
#4518=CARTESIAN_POINT('',(-24.,45.8133742881208,21.0475887800799));
#4519=CARTESIAN_POINT('Origin',(-24.,50.8133742881208,21.0475887800799));
#4520=CARTESIAN_POINT('',(-24.,-55.8133742881208,-21.0475887800799));
#4521=CARTESIAN_POINT('Origin',(-24.,-50.8133742881208,-21.0475887800799));
#4522=CARTESIAN_POINT('',(-24.,16.0475887800799,-50.8133742881208));
#4523=CARTESIAN_POINT('Origin',(-24.,21.0475887800799,-50.8133742881208));
#4524=CARTESIAN_POINT('',(-24.,-26.04758878008,50.8133742881208));
#4525=CARTESIAN_POINT('Origin',(-24.,-21.04758878008,50.8133742881208));
#4526=CARTESIAN_POINT('',(-24.,16.0475887800799,50.8133742881208));
#4527=CARTESIAN_POINT('Origin',(-24.,21.0475887800799,50.8133742881208));
#4528=CARTESIAN_POINT('',(-24.,-26.0475887800799,-50.8133742881208));
#4529=CARTESIAN_POINT('Origin',(-24.,-21.0475887800799,-50.8133742881208));
#4530=CARTESIAN_POINT('Origin',(8.00000000000001,-1.13098599171477E-15,
-1.30212668819163E-31));
#4531=CARTESIAN_POINT('',(-32.,-70.,8.57252759403147E-15));
#4532=CARTESIAN_POINT('',(8.00000000000001,-70.,8.57252759403147E-15));
#4533=CARTESIAN_POINT('Origin',(-32.,-1.13098599171477E-15,-1.30212668819163E-31));
#4534=CARTESIAN_POINT('Origin',(8.00000000000001,-21.0475887800799,-50.8133742881208));
#4535=CARTESIAN_POINT('',(-32.,-26.0475887800799,-50.8133742881208));
#4536=CARTESIAN_POINT('',(8.00000000000001,-26.0475887800799,-50.8133742881208));
#4537=CARTESIAN_POINT('Origin',(-32.,-21.0475887800799,-50.8133742881208));
#4538=CARTESIAN_POINT('Origin',(8.00000000000001,21.0475887800799,50.8133742881208));
#4539=CARTESIAN_POINT('',(-32.,16.0475887800799,50.8133742881208));
#4540=CARTESIAN_POINT('',(8.00000000000001,16.0475887800799,50.8133742881208));
#4541=CARTESIAN_POINT('Origin',(-32.,21.0475887800799,50.8133742881208));
#4542=CARTESIAN_POINT('Origin',(8.00000000000001,-21.04758878008,50.8133742881208));
#4543=CARTESIAN_POINT('',(-32.,-26.04758878008,50.8133742881208));
#4544=CARTESIAN_POINT('',(8.00000000000001,-26.04758878008,50.8133742881208));
#4545=CARTESIAN_POINT('Origin',(-32.,-21.04758878008,50.8133742881208));
#4546=CARTESIAN_POINT('Origin',(8.00000000000001,21.0475887800799,-50.8133742881208));
#4547=CARTESIAN_POINT('',(-32.,16.0475887800799,-50.8133742881208));
#4548=CARTESIAN_POINT('',(8.00000000000001,16.0475887800799,-50.8133742881208));
#4549=CARTESIAN_POINT('Origin',(-32.,21.0475887800799,-50.8133742881208));
#4550=CARTESIAN_POINT('Origin',(8.00000000000001,-50.8133742881208,-21.0475887800799));
#4551=CARTESIAN_POINT('',(-32.,-55.8133742881208,-21.0475887800799));
#4552=CARTESIAN_POINT('',(8.00000000000001,-55.8133742881208,-21.0475887800799));
#4553=CARTESIAN_POINT('Origin',(-32.,-50.8133742881208,-21.0475887800799));
#4554=CARTESIAN_POINT('Origin',(8.00000000000001,50.8133742881208,21.0475887800799));
#4555=CARTESIAN_POINT('',(-32.,45.8133742881208,21.0475887800799));
#4556=CARTESIAN_POINT('',(8.00000000000001,45.8133742881208,21.0475887800799));
#4557=CARTESIAN_POINT('Origin',(-32.,50.8133742881208,21.0475887800799));
#4558=CARTESIAN_POINT('Origin',(8.00000000000001,-50.8133742881208,21.0475887800799));
#4559=CARTESIAN_POINT('',(-32.,-55.8133742881208,21.0475887800799));
#4560=CARTESIAN_POINT('',(8.00000000000001,-55.8133742881208,21.0475887800799));
#4561=CARTESIAN_POINT('Origin',(-32.,-50.8133742881208,21.0475887800799));
#4562=CARTESIAN_POINT('Origin',(8.00000000000001,50.8133742881208,-21.0475887800799));
#4563=CARTESIAN_POINT('',(-32.,45.8133742881208,-21.0475887800799));
#4564=CARTESIAN_POINT('',(8.00000000000001,45.8133742881208,-21.0475887800799));
#4565=CARTESIAN_POINT('Origin',(-32.,50.8133742881208,-21.0475887800799));
#4566=CARTESIAN_POINT('Origin',(-50.,1.13098599171477E-15,16.0000002384186));
#4567=CARTESIAN_POINT('',(-69.,8.00000011920929,16.0000002384186));
#4568=CARTESIAN_POINT('Origin',(-69.,1.13098599171477E-15,16.0000002384186));
#4569=CARTESIAN_POINT('',(-50.,8.00000011920929,16.0000002384186));
#4570=CARTESIAN_POINT('',(-50.,8.00000011920929,16.0000002384186));
#4571=CARTESIAN_POINT('Origin',(-50.,1.13098599171477E-15,16.0000002384186));
#4572=CARTESIAN_POINT('Origin',(-61.,1.13098599171477E-15,16.0000002384186));
#4573=CARTESIAN_POINT('',(-61.,5.,16.0000002384186));
#4574=CARTESIAN_POINT('Origin',(-61.,1.13098599171477E-15,16.0000002384186));
#4575=CARTESIAN_POINT('',(-61.,4.,16.0000002384186));
#4576=CARTESIAN_POINT('Origin',(-61.,1.13098599171477E-15,16.0000002384186));
#4577=CARTESIAN_POINT('Origin',(-50.,1.13098599171477E-15,16.0000002384186));
#4578=CARTESIAN_POINT('',(-69.,5.,16.0000002384186));
#4579=CARTESIAN_POINT('Origin',(-69.,1.13098599171477E-15,16.0000002384186));
#4580=CARTESIAN_POINT('',(-50.,5.,16.0000002384186));
#4581=CARTESIAN_POINT('Origin',(-69.,1.13098599171477E-15,16.0000002384186));
#4582=CARTESIAN_POINT('Origin',(-50.,1.13098599171477E-15,-1.30212668819163E-31));
#4583=CARTESIAN_POINT('',(-50.,-28.,-3.42901103761259E-15));
#4584=CARTESIAN_POINT('Origin',(-50.,1.13098599171477E-15,-1.30212668819163E-31));
#4585=CARTESIAN_POINT('',(-50.,-7.00000010430813,-8.57252772177209E-16));
#4586=CARTESIAN_POINT('Origin',(-50.,1.13098599171477E-15,-1.30212668819163E-31));
#4587=CARTESIAN_POINT('Origin',(-50.,1.13098599171477E-15,16.0000002384186));
#4588=CARTESIAN_POINT('',(-42.,4.,16.0000002384186));
#4589=CARTESIAN_POINT('',(-50.,4.,16.0000002384186));
#4590=CARTESIAN_POINT('',(-42.,1.13098599171477E-15,20.));
#4591=CARTESIAN_POINT('Origin',(-42.,1.13098599171477E-15,16.0000002384186));
#4592=CARTESIAN_POINT('Origin',(-42.,1.13098599171477E-15,16.0000002384186));
#4593=CARTESIAN_POINT('Origin',(-42.,1.13098599171477E-15,-1.30212668819163E-31));
#4594=CARTESIAN_POINT('',(-42.,-20.,-2.44929359829471E-15));
#4595=CARTESIAN_POINT('Origin',(-42.,1.13098599171477E-15,-1.30212668819163E-31));
#4596=CARTESIAN_POINT('Origin',(-42.,1.13098599171477E-15,-1.30212668819163E-31));
#4597=CARTESIAN_POINT('',(-42.,-7.00000010430813,8.57252772177209E-16));
#4598=CARTESIAN_POINT('Origin',(-42.,1.13098599171477E-15,-1.30212668819163E-31));
#4599=CARTESIAN_POINT('Origin',(-50.,1.13098599171477E-15,-1.30212668819163E-31));
#4600=CARTESIAN_POINT('',(-32.,-28.,-3.42901103761259E-15));
#4601=CARTESIAN_POINT('',(-50.,-28.,-3.42901103761259E-15));
#4602=CARTESIAN_POINT('Origin',(-32.,1.13098599171477E-15,-1.30212668819163E-31));
#4603=CARTESIAN_POINT('Origin',(-32.,1.13098599171477E-15,-1.30212668819163E-31));
#4604=CARTESIAN_POINT('Origin',(-50.,1.13098599171477E-15,-1.30212668819163E-31));
#4605=CARTESIAN_POINT('',(-24.,-20.,2.44929359829471E-15));
#4606=CARTESIAN_POINT('Origin',(-24.,1.13098599171477E-15,-1.30212668819163E-31));
#4607=CARTESIAN_POINT('',(-50.,-20.,-2.44929359829471E-15));
#4608=CARTESIAN_POINT('Origin',(-24.,1.13098599171477E-15,-1.30212668819163E-31));
#4609=CARTESIAN_POINT('Origin',(-50.,1.13098599171477E-15,-1.30212668819163E-31));
#4610=CARTESIAN_POINT('',(-50.,-7.00000010430813,-8.57252772177209E-16));
#4611=CARTESIAN_POINT('',(0.,0.,0.));
#4612=CARTESIAN_POINT('Origin',(171.939743679874,0.,0.));
#4613=CARTESIAN_POINT('',(172.999999761581,-12.1378738316719,-1.48646083364114E-15));
#4614=CARTESIAN_POINT('Origin',(172.999999761581,0.,0.));
#4615=CARTESIAN_POINT('',(168.753398050019,-11.0000003324822,-1.34711151977941E-15));
#4616=CARTESIAN_POINT('',(171.939743679874,-11.8537790708081,-1.45166925968651E-15));
#4617=CARTESIAN_POINT('Origin',(168.753398050019,0.,0.));
#4618=CARTESIAN_POINT('Origin',(159.795180824237,0.,0.));
#4619=CARTESIAN_POINT('',(167.589409117127,-11.0000003324822,-1.34711151977941E-15));
#4620=CARTESIAN_POINT('Origin',(167.589409117127,0.,0.));
#4621=CARTESIAN_POINT('',(152.000952531348,-37.9999991506338,-4.65365773274258E-15));
#4622=CARTESIAN_POINT('',(159.795180824237,-24.499999741558,-3.000384626261E-15));
#4623=CARTESIAN_POINT('Origin',(152.000952531348,0.,0.));
#4624=CARTESIAN_POINT('Origin',(168.171403583573,0.,0.));
#4625=CARTESIAN_POINT('',(168.171403583573,-11.0000003324822,-1.34711151977941E-15));
#4626=CARTESIAN_POINT('Origin',(128.000001847744,42.0951775601599,101.626748576242));
#4627=CARTESIAN_POINT('',(128.000001847744,15.0281342648691,31.0548736999053));
#4628=CARTESIAN_POINT('',(126.000001847744,13.2025784165956,31.8738438716394));
#4629=CARTESIAN_POINT('Ctrl Pts',(128.000001847744,15.0281342648691,31.0548736999053));
#4630=CARTESIAN_POINT('Ctrl Pts',(128.251186766496,15.0281342648691,31.0548736999053));
#4631=CARTESIAN_POINT('Ctrl Pts',(128.519075873398,14.9829052082345,31.0768884901739));
#4632=CARTESIAN_POINT('Ctrl Pts',(129.011817871943,14.7985081039278,31.1651183952902));
#4633=CARTESIAN_POINT('Ctrl Pts',(129.23667554147,14.6592825123958,31.231186491714));
#4634=CARTESIAN_POINT('Ctrl Pts',(129.591755210938,14.3368064382242,31.3805282713217));
#4635=CARTESIAN_POINT('Ctrl Pts',(129.745666102707,14.1320323166062,31.4737412963575));
#4636=CARTESIAN_POINT('Ctrl Pts',(129.949790978787,13.6809826478938,31.6724082187515));
#4637=CARTESIAN_POINT('Ctrl Pts',(130.000001847744,13.4346429332502,31.7777196014955));
#4638=CARTESIAN_POINT('Ctrl Pts',(130.000001847744,12.970513899941,31.9699681417833));
#4639=CARTESIAN_POINT('Ctrl Pts',(129.949790978787,12.7218590243666,32.0696902316089));
#4640=CARTESIAN_POINT('Ctrl Pts',(129.745666102707,12.2624400169459,32.2481517829851));
#4641=CARTESIAN_POINT('Ctrl Pts',(129.591755210938,12.0517312848405,32.327037390895));
#4642=CARTESIAN_POINT('Ctrl Pts',(129.23667554147,11.7181056809482,32.4494618246371));
#4643=CARTESIAN_POINT('Ctrl Pts',(129.011817871943,11.57294112206,32.5011919855227));
#4644=CARTESIAN_POINT('Ctrl Pts',(128.519075873398,11.3801647149623,32.569192464198));
#4645=CARTESIAN_POINT('Ctrl Pts',(128.251186766496,11.332616134824,32.5856074293656));
#4646=CARTESIAN_POINT('Ctrl Pts',(127.748816928992,11.332616134824,32.5856074293656));
#4647=CARTESIAN_POINT('Ctrl Pts',(127.48092782209,11.3801647149623,32.569192464198));
#4648=CARTESIAN_POINT('Ctrl Pts',(126.988185823545,11.57294112206,32.5011919855227));
#4649=CARTESIAN_POINT('Ctrl Pts',(126.763328154018,11.7181056809482,32.4494618246371));
#4650=CARTESIAN_POINT('Ctrl Pts',(126.40824848455,12.0517312848405,32.327037390895));
#4651=CARTESIAN_POINT('Ctrl Pts',(126.254337592781,12.2624400169458,32.2481517829851));
#4652=CARTESIAN_POINT('Ctrl Pts',(126.050212716701,12.7218590243666,32.0696902316089));
#4653=CARTESIAN_POINT('Ctrl Pts',(126.000001847744,12.970513899941,31.9699681417833));
#4654=CARTESIAN_POINT('Ctrl Pts',(126.000001847744,13.2025784165956,31.8738438716394));
#4655=CARTESIAN_POINT('Ctrl Pts',(126.000001847744,13.2025784165956,31.8738438716394));
#4656=CARTESIAN_POINT('Ctrl Pts',(126.000001847744,13.4346429332502,31.7777196014955));
#4657=CARTESIAN_POINT('Ctrl Pts',(126.050212716701,13.6809826478938,31.6724082187515));
#4658=CARTESIAN_POINT('Ctrl Pts',(126.254337592781,14.1320323166062,31.4737412963575));
#4659=CARTESIAN_POINT('Ctrl Pts',(126.40824848455,14.3368064382242,31.3805282713217));
#4660=CARTESIAN_POINT('Ctrl Pts',(126.763328154018,14.6592825123958,31.231186491714));
#4661=CARTESIAN_POINT('Ctrl Pts',(126.988185823545,14.7985081039278,31.1651183952902));
#4662=CARTESIAN_POINT('Ctrl Pts',(127.48092782209,14.9829052082345,31.0768884901739));
#4663=CARTESIAN_POINT('Ctrl Pts',(127.748816928992,15.0281342648691,31.0548736999053));
#4664=CARTESIAN_POINT('Ctrl Pts',(128.000001847744,15.0281342648691,31.0548736999053));
#4665=CARTESIAN_POINT('',(126.000001847744,12.2458698356829,29.5641450403612));
#4666=CARTESIAN_POINT('',(126.000001847744,42.0951775601599,101.626748576242));
#4667=CARTESIAN_POINT('Origin',(128.000001847744,12.2458698356829,29.5641450403612));
#4668=CARTESIAN_POINT('Origin',(128.000001847744,12.2458698356829,29.5641450403612));
#4669=CARTESIAN_POINT('Origin',(128.000001847744,77.7817459305202,77.7817459305202));
#4670=CARTESIAN_POINT('',(128.000001847744,25.7683713182882,22.939944193542));
#4671=CARTESIAN_POINT('',(126.000001847744,24.3951839509359,24.3951839509359));
#4672=CARTESIAN_POINT('Ctrl Pts',(128.000001847744,25.7683713182882,22.939944193542));
#4673=CARTESIAN_POINT('Ctrl Pts',(128.251186766496,25.7683713182882,22.939944193542));
#4674=CARTESIAN_POINT('Ctrl Pts',(128.519075873398,25.7350098140915,22.9775916183193));
#4675=CARTESIAN_POINT('Ctrl Pts',(129.011817871943,25.5984132264953,23.1296711386059));
#4676=CARTESIAN_POINT('Ctrl Pts',(129.23667554147,25.4950687179864,23.2439894278844));
#4677=CARTESIAN_POINT('Ctrl Pts',(129.591755210938,25.2542902981505,23.5053694923323));
#4678=CARTESIAN_POINT('Ctrl Pts',(129.745666102707,25.1007747587615,23.6698507620467));
#4679=CARTESIAN_POINT('Ctrl Pts',(129.949790978787,24.7600857414512,24.0260043008236));
#4680=CARTESIAN_POINT('Ctrl Pts',(130.000001847744,24.572798442463,24.2175694594088));
#4681=CARTESIAN_POINT('Ctrl Pts',(130.000001847744,24.2175694594088,24.5727984424629));
#4682=CARTESIAN_POINT('Ctrl Pts',(129.949790978787,24.0260043008236,24.7600857414512));
#4683=CARTESIAN_POINT('Ctrl Pts',(129.745666102707,23.6698507620467,25.1007747587614));
#4684=CARTESIAN_POINT('Ctrl Pts',(129.591755210938,23.5053694923323,25.2542902981505));
#4685=CARTESIAN_POINT('Ctrl Pts',(129.23667554147,23.2439894278844,25.4950687179864));
#4686=CARTESIAN_POINT('Ctrl Pts',(129.011817871943,23.129671138606,25.5984132264953));
#4687=CARTESIAN_POINT('Ctrl Pts',(128.519075873398,22.9775916183193,25.7350098140915));
#4688=CARTESIAN_POINT('Ctrl Pts',(128.251186766496,22.939944193542,25.7683713182882));
#4689=CARTESIAN_POINT('Ctrl Pts',(127.748816928992,22.939944193542,25.7683713182882));
#4690=CARTESIAN_POINT('Ctrl Pts',(127.48092782209,22.9775916183193,25.7350098140915));
#4691=CARTESIAN_POINT('Ctrl Pts',(126.988185823545,23.129671138606,25.5984132264953));
#4692=CARTESIAN_POINT('Ctrl Pts',(126.763328154018,23.2439894278844,25.4950687179864));
#4693=CARTESIAN_POINT('Ctrl Pts',(126.40824848455,23.5053694923323,25.2542902981505));
#4694=CARTESIAN_POINT('Ctrl Pts',(126.254337592781,23.6698507620467,25.1007747587615));
#4695=CARTESIAN_POINT('Ctrl Pts',(126.050212716701,24.0260043008236,24.7600857414512));
#4696=CARTESIAN_POINT('Ctrl Pts',(126.000001847744,24.2175694594088,24.5727984424629));
#4697=CARTESIAN_POINT('Ctrl Pts',(126.000001847744,24.3951839509359,24.3951839509359));
#4698=CARTESIAN_POINT('Ctrl Pts',(126.000001847744,24.3951839509359,24.3951839509359));
#4699=CARTESIAN_POINT('Ctrl Pts',(126.000001847744,24.572798442463,24.2175694594088));
#4700=CARTESIAN_POINT('Ctrl Pts',(126.050212716701,24.7600857414512,24.0260043008236));
#4701=CARTESIAN_POINT('Ctrl Pts',(126.254337592781,25.1007747587615,23.6698507620467));
#4702=CARTESIAN_POINT('Ctrl Pts',(126.40824848455,25.2542902981505,23.5053694923323));
#4703=CARTESIAN_POINT('Ctrl Pts',(126.763328154018,25.4950687179864,23.2439894278844));
#4704=CARTESIAN_POINT('Ctrl Pts',(126.988185823545,25.5984132264953,23.129671138606));
#4705=CARTESIAN_POINT('Ctrl Pts',(127.48092782209,25.7350098140915,22.9775916183193));
#4706=CARTESIAN_POINT('Ctrl Pts',(127.748816928992,25.7683713182882,22.939944193542));
#4707=CARTESIAN_POINT('Ctrl Pts',(128.000001847744,25.7683713182882,22.939944193542));
#4708=CARTESIAN_POINT('',(126.000001847744,22.6274169979695,22.6274169979695));
#4709=CARTESIAN_POINT('',(126.000001847744,77.7817459305202,77.7817459305202));
#4710=CARTESIAN_POINT('Origin',(128.000001847744,22.6274169979695,22.6274169979695));
#4711=CARTESIAN_POINT('Origin',(128.000001847744,22.6274169979695,22.6274169979695));
#4712=CARTESIAN_POINT('Origin',(128.000001847744,101.626748576242,42.0951775601599));
#4713=CARTESIAN_POINT('',(128.000001847744,32.5856074293656,11.332616134824));
#4714=CARTESIAN_POINT('',(126.000001847744,31.8738438716394,13.2025784165956));
#4715=CARTESIAN_POINT('Ctrl Pts',(128.000001847744,32.5856074293656,11.332616134824));
#4716=CARTESIAN_POINT('Ctrl Pts',(128.251186766496,32.5856074293656,11.332616134824));
#4717=CARTESIAN_POINT('Ctrl Pts',(128.519075873398,32.569192464198,11.3801647149623));
#4718=CARTESIAN_POINT('Ctrl Pts',(129.011817871943,32.5011919855227,11.5729411220599));
#4719=CARTESIAN_POINT('Ctrl Pts',(129.23667554147,32.4494618246371,11.7181056809482));
#4720=CARTESIAN_POINT('Ctrl Pts',(129.591755210938,32.327037390895,12.0517312848405));
#4721=CARTESIAN_POINT('Ctrl Pts',(129.745666102707,32.2481517829851,12.2624400169458));
#4722=CARTESIAN_POINT('Ctrl Pts',(129.949790978787,32.0696902316089,12.7218590243666));
#4723=CARTESIAN_POINT('Ctrl Pts',(130.000001847744,31.9699681417833,12.970513899941));
#4724=CARTESIAN_POINT('Ctrl Pts',(130.000001847744,31.7777196014955,13.4346429332502));
#4725=CARTESIAN_POINT('Ctrl Pts',(129.949790978787,31.6724082187515,13.6809826478938));
#4726=CARTESIAN_POINT('Ctrl Pts',(129.745666102707,31.4737412963575,14.1320323166062));
#4727=CARTESIAN_POINT('Ctrl Pts',(129.591755210938,31.3805282713217,14.3368064382242));
#4728=CARTESIAN_POINT('Ctrl Pts',(129.23667554147,31.231186491714,14.6592825123958));
#4729=CARTESIAN_POINT('Ctrl Pts',(129.011817871943,31.1651183952902,14.7985081039278));
#4730=CARTESIAN_POINT('Ctrl Pts',(128.519075873398,31.0768884901739,14.9829052082345));
#4731=CARTESIAN_POINT('Ctrl Pts',(128.251186766496,31.0548736999053,15.0281342648691));
#4732=CARTESIAN_POINT('Ctrl Pts',(127.748816928992,31.0548736999053,15.0281342648691));
#4733=CARTESIAN_POINT('Ctrl Pts',(127.48092782209,31.0768884901739,14.9829052082345));
#4734=CARTESIAN_POINT('Ctrl Pts',(126.988185823545,31.1651183952902,14.7985081039278));
#4735=CARTESIAN_POINT('Ctrl Pts',(126.763328154018,31.231186491714,14.6592825123958));
#4736=CARTESIAN_POINT('Ctrl Pts',(126.40824848455,31.3805282713217,14.3368064382242));
#4737=CARTESIAN_POINT('Ctrl Pts',(126.254337592781,31.4737412963575,14.1320323166062));
#4738=CARTESIAN_POINT('Ctrl Pts',(126.050212716701,31.6724082187515,13.6809826478938));
#4739=CARTESIAN_POINT('Ctrl Pts',(126.000001847744,31.7777196014955,13.4346429332502));
#4740=CARTESIAN_POINT('Ctrl Pts',(126.000001847744,31.8738438716394,13.2025784165956));
#4741=CARTESIAN_POINT('Ctrl Pts',(126.000001847744,31.8738438716394,13.2025784165956));
#4742=CARTESIAN_POINT('Ctrl Pts',(126.000001847744,31.9699681417833,12.970513899941));
#4743=CARTESIAN_POINT('Ctrl Pts',(126.050212716701,32.0696902316089,12.7218590243666));
#4744=CARTESIAN_POINT('Ctrl Pts',(126.254337592781,32.2481517829851,12.2624400169458));
#4745=CARTESIAN_POINT('Ctrl Pts',(126.40824848455,32.327037390895,12.0517312848405));
#4746=CARTESIAN_POINT('Ctrl Pts',(126.763328154018,32.4494618246371,11.7181056809482));
#4747=CARTESIAN_POINT('Ctrl Pts',(126.988185823545,32.5011919855227,11.5729411220599));
#4748=CARTESIAN_POINT('Ctrl Pts',(127.48092782209,32.569192464198,11.3801647149623));
#4749=CARTESIAN_POINT('Ctrl Pts',(127.748816928992,32.5856074293656,11.332616134824));
#4750=CARTESIAN_POINT('Ctrl Pts',(128.000001847744,32.5856074293656,11.332616134824));
#4751=CARTESIAN_POINT('',(126.000001847744,29.5641450403612,12.2458698356829));
#4752=CARTESIAN_POINT('',(126.000001847744,101.626748576242,42.0951775601599));
#4753=CARTESIAN_POINT('Origin',(128.000001847744,29.5641450403612,12.2458698356829));
#4754=CARTESIAN_POINT('Origin',(128.000001847744,29.5641450403612,12.2458698356829));
#4755=CARTESIAN_POINT('Origin',(128.000001847744,110.,-2.02066721859313E-14));
#4756=CARTESIAN_POINT('',(128.000001847744,34.4419801985891,-2.));
#4757=CARTESIAN_POINT('',(126.000001847744,34.5,-6.58247654541702E-15));
#4758=CARTESIAN_POINT('Ctrl Pts',(128.000001847744,34.4419801985891,-2.));
#4759=CARTESIAN_POINT('Ctrl Pts',(128.251186766496,34.4419801985891,-2.));
#4760=CARTESIAN_POINT('Ctrl Pts',(128.519075873398,34.4450108020952,-1.94978910479773));
#4761=CARTESIAN_POINT('Ctrl Pts',(129.011817871943,34.4559588887933,-1.74566427134722));
#4762=CARTESIAN_POINT('Ctrl Pts',(129.23667554147,34.4637185235907,-1.59175343101977));
#4763=CARTESIAN_POINT('Ctrl Pts',(129.591755210938,34.4782860861994,-1.23667376155225));
#4764=CARTESIAN_POINT('Ctrl Pts',(129.745666102707,34.4860400284732,-1.01181606143955));
#4765=CARTESIAN_POINT('Ctrl Pts',(129.949790978787,34.49697509647,-0.519073964611018));
#4766=CARTESIAN_POINT('Ctrl Pts',(130.000001847744,34.5,-0.251184822791581));
#4767=CARTESIAN_POINT('Ctrl Pts',(130.000001847744,34.5,0.251184822791569));
#4768=CARTESIAN_POINT('Ctrl Pts',(129.949790978787,34.49697509647,0.519073964610993));
#4769=CARTESIAN_POINT('Ctrl Pts',(129.745666102707,34.4860400284732,1.01181606143952));
#4770=CARTESIAN_POINT('Ctrl Pts',(129.591755210938,34.4782860861994,1.23667376155224));
#4771=CARTESIAN_POINT('Ctrl Pts',(129.23667554147,34.4637185235907,1.59175343101976));
#4772=CARTESIAN_POINT('Ctrl Pts',(129.011817871943,34.4559588887933,1.7456642713472));
#4773=CARTESIAN_POINT('Ctrl Pts',(128.519075873398,34.4450108020952,1.94978910479772));
#4774=CARTESIAN_POINT('Ctrl Pts',(128.251186766496,34.4419801985891,1.99999999999999));
#4775=CARTESIAN_POINT('Ctrl Pts',(127.748816928992,34.4419801985891,1.99999999999999));
#4776=CARTESIAN_POINT('Ctrl Pts',(127.48092782209,34.4450108020952,1.94978910479772));
#4777=CARTESIAN_POINT('Ctrl Pts',(126.988185823545,34.4559588887933,1.7456642713472));
#4778=CARTESIAN_POINT('Ctrl Pts',(126.763328154018,34.4637185235907,1.59175343101976));
#4779=CARTESIAN_POINT('Ctrl Pts',(126.40824848455,34.4782860861994,1.23667376155224));
#4780=CARTESIAN_POINT('Ctrl Pts',(126.254337592781,34.4860400284732,1.01181606143953));
#4781=CARTESIAN_POINT('Ctrl Pts',(126.050212716701,34.49697509647,0.519073964611006));
#4782=CARTESIAN_POINT('Ctrl Pts',(126.000001847744,34.5,0.251184822791568));
#4783=CARTESIAN_POINT('Ctrl Pts',(126.000001847744,34.5,-7.18175519054398E-15));
#4784=CARTESIAN_POINT('Ctrl Pts',(126.000001847744,34.5,-6.03683769639929E-15));
#4785=CARTESIAN_POINT('Ctrl Pts',(126.000001847744,34.5,-0.251184822791581));
#4786=CARTESIAN_POINT('Ctrl Pts',(126.050212716701,34.49697509647,-0.519073964611019));
#4787=CARTESIAN_POINT('Ctrl Pts',(126.254337592781,34.4860400284732,-1.01181606143955));
#4788=CARTESIAN_POINT('Ctrl Pts',(126.40824848455,34.4782860861994,-1.23667376155225));
#4789=CARTESIAN_POINT('Ctrl Pts',(126.763328154018,34.4637185235907,-1.59175343101977));
#4790=CARTESIAN_POINT('Ctrl Pts',(126.988185823545,34.4559588887933,-1.74566427134722));
#4791=CARTESIAN_POINT('Ctrl Pts',(127.48092782209,34.4450108020952,-1.94978910479773));
#4792=CARTESIAN_POINT('Ctrl Pts',(127.748816928992,34.4419801985891,-2.));
#4793=CARTESIAN_POINT('Ctrl Pts',(128.000001847744,34.4419801985891,-2.));
#4794=CARTESIAN_POINT('',(126.000001847744,32.,-5.63337527607782E-15));
#4795=CARTESIAN_POINT('',(126.000001847744,110.,-2.04516015457608E-14));
#4796=CARTESIAN_POINT('Origin',(128.000001847744,32.,-5.87830463590729E-15));
#4797=CARTESIAN_POINT('Origin',(128.000001847744,32.,-5.87830463590729E-15));
#4798=CARTESIAN_POINT('Origin',(128.000001847744,101.626748576242,-42.0951775601599));
#4799=CARTESIAN_POINT('',(128.000001847744,31.0548736999053,-15.0281342648691));
#4800=CARTESIAN_POINT('',(126.000001847744,31.8738438716394,-13.2025784165956));
#4801=CARTESIAN_POINT('Ctrl Pts',(128.000001847744,31.0548736999053,-15.0281342648691));
#4802=CARTESIAN_POINT('Ctrl Pts',(128.251186766496,31.0548736999053,-15.0281342648691));
#4803=CARTESIAN_POINT('Ctrl Pts',(128.519075873398,31.0768884901739,-14.9829052082345));
#4804=CARTESIAN_POINT('Ctrl Pts',(129.011817871943,31.1651183952902,-14.7985081039278));
#4805=CARTESIAN_POINT('Ctrl Pts',(129.23667554147,31.231186491714,-14.6592825123958));
#4806=CARTESIAN_POINT('Ctrl Pts',(129.591755210938,31.3805282713217,-14.3368064382242));
#4807=CARTESIAN_POINT('Ctrl Pts',(129.745666102707,31.4737412963575,-14.1320323166062));
#4808=CARTESIAN_POINT('Ctrl Pts',(129.949790978787,31.6724082187515,-13.6809826478938));
#4809=CARTESIAN_POINT('Ctrl Pts',(130.000001847744,31.7777196014955,-13.4346429332502));
#4810=CARTESIAN_POINT('Ctrl Pts',(130.000001847744,31.9699681417833,-12.970513899941));
#4811=CARTESIAN_POINT('Ctrl Pts',(129.949790978787,32.0696902316089,-12.7218590243666));
#4812=CARTESIAN_POINT('Ctrl Pts',(129.745666102707,32.2481517829851,-12.2624400169458));
#4813=CARTESIAN_POINT('Ctrl Pts',(129.591755210938,32.327037390895,-12.0517312848405));
#4814=CARTESIAN_POINT('Ctrl Pts',(129.23667554147,32.4494618246371,-11.7181056809482));
#4815=CARTESIAN_POINT('Ctrl Pts',(129.011817871943,32.5011919855227,-11.57294112206));
#4816=CARTESIAN_POINT('Ctrl Pts',(128.519075873398,32.569192464198,-11.3801647149623));
#4817=CARTESIAN_POINT('Ctrl Pts',(128.251186766496,32.5856074293656,-11.332616134824));
#4818=CARTESIAN_POINT('Ctrl Pts',(127.748816928992,32.5856074293656,-11.332616134824));
#4819=CARTESIAN_POINT('Ctrl Pts',(127.48092782209,32.569192464198,-11.3801647149623));
#4820=CARTESIAN_POINT('Ctrl Pts',(126.988185823545,32.5011919855227,-11.57294112206));
#4821=CARTESIAN_POINT('Ctrl Pts',(126.763328154018,32.4494618246371,-11.7181056809482));
#4822=CARTESIAN_POINT('Ctrl Pts',(126.40824848455,32.327037390895,-12.0517312848405));
#4823=CARTESIAN_POINT('Ctrl Pts',(126.254337592781,32.2481517829851,-12.2624400169458));
#4824=CARTESIAN_POINT('Ctrl Pts',(126.050212716701,32.0696902316089,-12.7218590243666));
#4825=CARTESIAN_POINT('Ctrl Pts',(126.000001847744,31.9699681417833,-12.970513899941));
#4826=CARTESIAN_POINT('Ctrl Pts',(126.000001847744,31.8738438716394,-13.2025784165956));
#4827=CARTESIAN_POINT('Ctrl Pts',(126.000001847744,31.8738438716394,-13.2025784165956));
#4828=CARTESIAN_POINT('Ctrl Pts',(126.000001847744,31.7777196014955,-13.4346429332502));
#4829=CARTESIAN_POINT('Ctrl Pts',(126.050212716701,31.6724082187515,-13.6809826478938));
#4830=CARTESIAN_POINT('Ctrl Pts',(126.254337592781,31.4737412963575,-14.1320323166062));
#4831=CARTESIAN_POINT('Ctrl Pts',(126.40824848455,31.3805282713217,-14.3368064382242));
#4832=CARTESIAN_POINT('Ctrl Pts',(126.763328154018,31.231186491714,-14.6592825123958));
#4833=CARTESIAN_POINT('Ctrl Pts',(126.988185823545,31.1651183952902,-14.7985081039278));
#4834=CARTESIAN_POINT('Ctrl Pts',(127.48092782209,31.0768884901739,-14.9829052082345));
#4835=CARTESIAN_POINT('Ctrl Pts',(127.748816928992,31.0548736999053,-15.0281342648691));
#4836=CARTESIAN_POINT('Ctrl Pts',(128.000001847744,31.0548736999053,-15.0281342648691));
#4837=CARTESIAN_POINT('',(126.000001847744,29.5641450403612,-12.2458698356829));
#4838=CARTESIAN_POINT('',(126.000001847744,101.626748576242,-42.0951775601599));
#4839=CARTESIAN_POINT('Origin',(128.000001847744,29.5641450403612,-12.2458698356829));
#4840=CARTESIAN_POINT('Origin',(128.000001847744,29.5641450403612,-12.2458698356829));
#4841=CARTESIAN_POINT('Origin',(128.000001847744,77.7817459305202,-77.7817459305202));
#4842=CARTESIAN_POINT('',(128.000001847744,22.939944193542,-25.7683713182882));
#4843=CARTESIAN_POINT('',(126.000001847744,24.3951839509359,-24.3951839509359));
#4844=CARTESIAN_POINT('Ctrl Pts',(128.000001847744,22.939944193542,-25.7683713182882));
#4845=CARTESIAN_POINT('Ctrl Pts',(128.251186766496,22.939944193542,-25.7683713182882));
#4846=CARTESIAN_POINT('Ctrl Pts',(128.519075873398,22.9775916183193,-25.7350098140915));
#4847=CARTESIAN_POINT('Ctrl Pts',(129.011817871943,23.129671138606,-25.5984132264953));
#4848=CARTESIAN_POINT('Ctrl Pts',(129.23667554147,23.2439894278844,-25.4950687179864));
#4849=CARTESIAN_POINT('Ctrl Pts',(129.591755210938,23.5053694923323,-25.2542902981505));
#4850=CARTESIAN_POINT('Ctrl Pts',(129.745666102707,23.6698507620467,-25.1007747587615));
#4851=CARTESIAN_POINT('Ctrl Pts',(129.949790978787,24.0260043008236,-24.7600857414512));
#4852=CARTESIAN_POINT('Ctrl Pts',(130.000001847744,24.2175694594088,-24.572798442463));
#4853=CARTESIAN_POINT('Ctrl Pts',(130.000001847744,24.572798442463,-24.2175694594088));
#4854=CARTESIAN_POINT('Ctrl Pts',(129.949790978787,24.7600857414512,-24.0260043008236));
#4855=CARTESIAN_POINT('Ctrl Pts',(129.745666102707,25.1007747587614,-23.6698507620467));
#4856=CARTESIAN_POINT('Ctrl Pts',(129.591755210938,25.2542902981505,-23.5053694923323));
#4857=CARTESIAN_POINT('Ctrl Pts',(129.23667554147,25.4950687179864,-23.2439894278844));
#4858=CARTESIAN_POINT('Ctrl Pts',(129.011817871943,25.5984132264953,-23.129671138606));
#4859=CARTESIAN_POINT('Ctrl Pts',(128.519075873398,25.7350098140915,-22.9775916183193));
#4860=CARTESIAN_POINT('Ctrl Pts',(128.251186766496,25.7683713182882,-22.939944193542));
#4861=CARTESIAN_POINT('Ctrl Pts',(127.748816928992,25.7683713182882,-22.939944193542));
#4862=CARTESIAN_POINT('Ctrl Pts',(127.48092782209,25.7350098140915,-22.9775916183193));
#4863=CARTESIAN_POINT('Ctrl Pts',(126.988185823545,25.5984132264953,-23.129671138606));
#4864=CARTESIAN_POINT('Ctrl Pts',(126.763328154018,25.4950687179864,-23.2439894278844));
#4865=CARTESIAN_POINT('Ctrl Pts',(126.40824848455,25.2542902981505,-23.5053694923323));
#4866=CARTESIAN_POINT('Ctrl Pts',(126.254337592781,25.1007747587615,-23.6698507620467));
#4867=CARTESIAN_POINT('Ctrl Pts',(126.050212716701,24.7600857414512,-24.0260043008236));
#4868=CARTESIAN_POINT('Ctrl Pts',(126.000001847744,24.5727984424629,-24.2175694594088));
#4869=CARTESIAN_POINT('Ctrl Pts',(126.000001847744,24.3951839509359,-24.3951839509359));
#4870=CARTESIAN_POINT('Ctrl Pts',(126.000001847744,24.3951839509359,-24.3951839509359));
#4871=CARTESIAN_POINT('Ctrl Pts',(126.000001847744,24.2175694594088,-24.572798442463));
#4872=CARTESIAN_POINT('Ctrl Pts',(126.050212716701,24.0260043008236,-24.7600857414512));
#4873=CARTESIAN_POINT('Ctrl Pts',(126.254337592781,23.6698507620467,-25.1007747587615));
#4874=CARTESIAN_POINT('Ctrl Pts',(126.40824848455,23.5053694923323,-25.2542902981505));
#4875=CARTESIAN_POINT('Ctrl Pts',(126.763328154018,23.2439894278844,-25.4950687179864));
#4876=CARTESIAN_POINT('Ctrl Pts',(126.988185823545,23.129671138606,-25.5984132264953));
#4877=CARTESIAN_POINT('Ctrl Pts',(127.48092782209,22.9775916183193,-25.7350098140915));
#4878=CARTESIAN_POINT('Ctrl Pts',(127.748816928992,22.939944193542,-25.7683713182882));
#4879=CARTESIAN_POINT('Ctrl Pts',(128.000001847744,22.939944193542,-25.7683713182882));
#4880=CARTESIAN_POINT('',(126.000001847744,22.6274169979695,-22.6274169979695));
#4881=CARTESIAN_POINT('',(126.000001847744,77.7817459305202,-77.7817459305202));
#4882=CARTESIAN_POINT('Origin',(128.000001847744,22.6274169979695,-22.6274169979695));
#4883=CARTESIAN_POINT('Origin',(128.000001847744,22.6274169979695,-22.6274169979695));
#4884=CARTESIAN_POINT('Origin',(128.000001847744,42.0951775601599,-101.626748576242));
#4885=CARTESIAN_POINT('',(128.000001847744,11.3326161348239,-32.5856074293656));
#4886=CARTESIAN_POINT('',(126.000001847744,13.2025784165956,-31.8738438716394));
#4887=CARTESIAN_POINT('Ctrl Pts',(128.000001847744,11.3326161348239,-32.5856074293656));
#4888=CARTESIAN_POINT('Ctrl Pts',(128.251186766496,11.3326161348239,-32.5856074293656));
#4889=CARTESIAN_POINT('Ctrl Pts',(128.519075873398,11.3801647149623,-32.569192464198));
#4890=CARTESIAN_POINT('Ctrl Pts',(129.011817871943,11.5729411220599,-32.5011919855227));
#4891=CARTESIAN_POINT('Ctrl Pts',(129.23667554147,11.7181056809482,-32.4494618246371));
#4892=CARTESIAN_POINT('Ctrl Pts',(129.591755210938,12.0517312848405,-32.327037390895));
#4893=CARTESIAN_POINT('Ctrl Pts',(129.745666102707,12.2624400169458,-32.2481517829851));
#4894=CARTESIAN_POINT('Ctrl Pts',(129.949790978787,12.7218590243666,-32.0696902316089));
#4895=CARTESIAN_POINT('Ctrl Pts',(130.000001847744,12.970513899941,-31.9699681417833));
#4896=CARTESIAN_POINT('Ctrl Pts',(130.000001847744,13.4346429332502,-31.7777196014955));
#4897=CARTESIAN_POINT('Ctrl Pts',(129.949790978787,13.6809826478938,-31.6724082187515));
#4898=CARTESIAN_POINT('Ctrl Pts',(129.745666102707,14.1320323166062,-31.4737412963575));
#4899=CARTESIAN_POINT('Ctrl Pts',(129.591755210938,14.3368064382242,-31.3805282713217));
#4900=CARTESIAN_POINT('Ctrl Pts',(129.23667554147,14.6592825123958,-31.231186491714));
#4901=CARTESIAN_POINT('Ctrl Pts',(129.011817871943,14.7985081039278,-31.1651183952902));
#4902=CARTESIAN_POINT('Ctrl Pts',(128.519075873398,14.9829052082345,-31.0768884901739));
#4903=CARTESIAN_POINT('Ctrl Pts',(128.251186766496,15.0281342648691,-31.0548736999053));
#4904=CARTESIAN_POINT('Ctrl Pts',(127.748816928992,15.0281342648691,-31.0548736999053));
#4905=CARTESIAN_POINT('Ctrl Pts',(127.48092782209,14.9829052082345,-31.0768884901739));
#4906=CARTESIAN_POINT('Ctrl Pts',(126.988185823545,14.7985081039278,-31.1651183952902));
#4907=CARTESIAN_POINT('Ctrl Pts',(126.763328154018,14.6592825123958,-31.231186491714));
#4908=CARTESIAN_POINT('Ctrl Pts',(126.40824848455,14.3368064382242,-31.3805282713217));
#4909=CARTESIAN_POINT('Ctrl Pts',(126.254337592781,14.1320323166062,-31.4737412963575));
#4910=CARTESIAN_POINT('Ctrl Pts',(126.050212716701,13.6809826478938,-31.6724082187515));
#4911=CARTESIAN_POINT('Ctrl Pts',(126.000001847744,13.4346429332502,-31.7777196014955));
#4912=CARTESIAN_POINT('Ctrl Pts',(126.000001847744,13.2025784165956,-31.8738438716394));
#4913=CARTESIAN_POINT('Ctrl Pts',(126.000001847744,13.2025784165956,-31.8738438716394));
#4914=CARTESIAN_POINT('Ctrl Pts',(126.000001847744,12.970513899941,-31.9699681417833));
#4915=CARTESIAN_POINT('Ctrl Pts',(126.050212716701,12.7218590243666,-32.0696902316089));
#4916=CARTESIAN_POINT('Ctrl Pts',(126.254337592781,12.2624400169458,-32.2481517829851));
#4917=CARTESIAN_POINT('Ctrl Pts',(126.40824848455,12.0517312848405,-32.327037390895));
#4918=CARTESIAN_POINT('Ctrl Pts',(126.763328154018,11.7181056809482,-32.4494618246371));
#4919=CARTESIAN_POINT('Ctrl Pts',(126.988185823545,11.5729411220599,-32.5011919855227));
#4920=CARTESIAN_POINT('Ctrl Pts',(127.48092782209,11.3801647149623,-32.569192464198));
#4921=CARTESIAN_POINT('Ctrl Pts',(127.748816928992,11.3326161348239,-32.5856074293656));
#4922=CARTESIAN_POINT('Ctrl Pts',(128.000001847744,11.3326161348239,-32.5856074293656));
#4923=CARTESIAN_POINT('',(126.000001847744,12.2458698356829,-29.5641450403612));
#4924=CARTESIAN_POINT('',(126.000001847744,42.0951775601599,-101.626748576242));
#4925=CARTESIAN_POINT('Origin',(128.000001847744,12.2458698356829,-29.5641450403612));
#4926=CARTESIAN_POINT('Origin',(128.000001847744,12.2458698356829,-29.5641450403612));
#4927=CARTESIAN_POINT('Origin',(128.000001847744,-1.34711147906209E-14,
-110.));
#4928=CARTESIAN_POINT('',(128.000001847744,-2.,-34.4419801985891));
#4929=CARTESIAN_POINT('',(126.000001847744,-4.46996081688784E-15,-34.5));
#4930=CARTESIAN_POINT('Ctrl Pts',(128.000001847744,-2.,-34.4419801985891));
#4931=CARTESIAN_POINT('Ctrl Pts',(128.251186766496,-2.,-34.4419801985891));
#4932=CARTESIAN_POINT('Ctrl Pts',(128.519075873398,-1.94978910479773,-34.4450108020952));
#4933=CARTESIAN_POINT('Ctrl Pts',(129.011817871943,-1.74566427134721,-34.4559588887933));
#4934=CARTESIAN_POINT('Ctrl Pts',(129.23667554147,-1.59175343101977,-34.4637185235907));
#4935=CARTESIAN_POINT('Ctrl Pts',(129.591755210938,-1.23667376155225,-34.4782860861994));
#4936=CARTESIAN_POINT('Ctrl Pts',(129.745666102707,-1.01181606143954,-34.4860400284732));
#4937=CARTESIAN_POINT('Ctrl Pts',(129.949790978787,-0.519073964611016,-34.49697509647));
#4938=CARTESIAN_POINT('Ctrl Pts',(130.000001847744,-0.251184822791579,-34.5));
#4939=CARTESIAN_POINT('Ctrl Pts',(130.000001847744,0.251184822791571,-34.5));
#4940=CARTESIAN_POINT('Ctrl Pts',(129.949790978787,0.519073964610995,-34.49697509647));
#4941=CARTESIAN_POINT('Ctrl Pts',(129.745666102707,1.01181606143952,-34.4860400284732));
#4942=CARTESIAN_POINT('Ctrl Pts',(129.591755210938,1.23667376155224,-34.4782860861994));
#4943=CARTESIAN_POINT('Ctrl Pts',(129.23667554147,1.59175343101976,-34.4637185235907));
#4944=CARTESIAN_POINT('Ctrl Pts',(129.011817871943,1.74566427134721,-34.4559588887933));
#4945=CARTESIAN_POINT('Ctrl Pts',(128.519075873398,1.94978910479772,-34.4450108020952));
#4946=CARTESIAN_POINT('Ctrl Pts',(128.251186766496,1.99999999999999,-34.4419801985891));
#4947=CARTESIAN_POINT('Ctrl Pts',(127.748816928992,1.99999999999999,-34.4419801985891));
#4948=CARTESIAN_POINT('Ctrl Pts',(127.48092782209,1.94978910479772,-34.4450108020952));
#4949=CARTESIAN_POINT('Ctrl Pts',(126.988185823545,1.74566427134721,-34.4559588887933));
#4950=CARTESIAN_POINT('Ctrl Pts',(126.763328154018,1.59175343101976,-34.4637185235907));
#4951=CARTESIAN_POINT('Ctrl Pts',(126.40824848455,1.23667376155224,-34.4782860861994));
#4952=CARTESIAN_POINT('Ctrl Pts',(126.254337592781,1.01181606143954,-34.4860400284732));
#4953=CARTESIAN_POINT('Ctrl Pts',(126.050212716701,0.519073964611008,-34.49697509647));
#4954=CARTESIAN_POINT('Ctrl Pts',(126.000001847744,0.25118482279157,-34.5));
#4955=CARTESIAN_POINT('Ctrl Pts',(126.000001847744,-4.85722573273506E-15,
-34.5));
#4956=CARTESIAN_POINT('Ctrl Pts',(126.000001847744,-3.12250225675825E-15,
-34.5));
#4957=CARTESIAN_POINT('Ctrl Pts',(126.000001847744,-0.251184822791578,-34.5));
#4958=CARTESIAN_POINT('Ctrl Pts',(126.050212716701,-0.519073964611016,-34.49697509647));
#4959=CARTESIAN_POINT('Ctrl Pts',(126.254337592781,-1.01181606143954,-34.4860400284732));
#4960=CARTESIAN_POINT('Ctrl Pts',(126.40824848455,-1.23667376155225,-34.4782860861994));
#4961=CARTESIAN_POINT('Ctrl Pts',(126.763328154018,-1.59175343101977,-34.4637185235907));
#4962=CARTESIAN_POINT('Ctrl Pts',(126.988185823545,-1.74566427134721,-34.4559588887933));
#4963=CARTESIAN_POINT('Ctrl Pts',(127.48092782209,-1.94978910479773,-34.4450108020952));
#4964=CARTESIAN_POINT('Ctrl Pts',(127.748816928992,-2.,-34.4419801985891));
#4965=CARTESIAN_POINT('Ctrl Pts',(128.000001847744,-2.,-34.4419801985891));
#4966=CARTESIAN_POINT('',(126.000001847744,-3.67394039744206E-15,-32.));
#4967=CARTESIAN_POINT('',(126.000001847744,-1.37160441504504E-14,-110.));
#4968=CARTESIAN_POINT('Origin',(128.000001847744,-3.91886975727153E-15,
-32.));
#4969=CARTESIAN_POINT('Origin',(128.000001847744,-3.91886975727153E-15,
-32.));
#4970=CARTESIAN_POINT('Origin',(128.000001847744,-42.0951775601599,-101.626748576242));
#4971=CARTESIAN_POINT('',(128.000001847744,-15.0281342648691,-31.0548736999053));
#4972=CARTESIAN_POINT('',(126.000001847744,-13.2025784165956,-31.8738438716394));
#4973=CARTESIAN_POINT('Ctrl Pts',(128.000001847744,-15.0281342648691,-31.0548736999053));
#4974=CARTESIAN_POINT('Ctrl Pts',(128.251186766496,-15.0281342648691,-31.0548736999053));
#4975=CARTESIAN_POINT('Ctrl Pts',(128.519075873398,-14.9829052082345,-31.0768884901739));
#4976=CARTESIAN_POINT('Ctrl Pts',(129.011817871943,-14.7985081039278,-31.1651183952902));
#4977=CARTESIAN_POINT('Ctrl Pts',(129.23667554147,-14.6592825123958,-31.231186491714));
#4978=CARTESIAN_POINT('Ctrl Pts',(129.591755210938,-14.3368064382242,-31.3805282713217));
#4979=CARTESIAN_POINT('Ctrl Pts',(129.745666102707,-14.1320323166062,-31.4737412963575));
#4980=CARTESIAN_POINT('Ctrl Pts',(129.949790978787,-13.6809826478938,-31.6724082187515));
#4981=CARTESIAN_POINT('Ctrl Pts',(130.000001847744,-13.4346429332502,-31.7777196014955));
#4982=CARTESIAN_POINT('Ctrl Pts',(130.000001847744,-12.970513899941,-31.9699681417833));
#4983=CARTESIAN_POINT('Ctrl Pts',(129.949790978787,-12.7218590243666,-32.0696902316089));
#4984=CARTESIAN_POINT('Ctrl Pts',(129.745666102707,-12.2624400169458,-32.2481517829851));
#4985=CARTESIAN_POINT('Ctrl Pts',(129.591755210938,-12.0517312848405,-32.327037390895));
#4986=CARTESIAN_POINT('Ctrl Pts',(129.23667554147,-11.7181056809482,-32.4494618246371));
#4987=CARTESIAN_POINT('Ctrl Pts',(129.011817871943,-11.5729411220599,-32.5011919855227));
#4988=CARTESIAN_POINT('Ctrl Pts',(128.519075873398,-11.3801647149623,-32.569192464198));
#4989=CARTESIAN_POINT('Ctrl Pts',(128.251186766496,-11.332616134824,-32.5856074293656));
#4990=CARTESIAN_POINT('Ctrl Pts',(127.748816928992,-11.332616134824,-32.5856074293656));
#4991=CARTESIAN_POINT('Ctrl Pts',(127.48092782209,-11.3801647149623,-32.569192464198));
#4992=CARTESIAN_POINT('Ctrl Pts',(126.988185823545,-11.5729411220599,-32.5011919855227));
#4993=CARTESIAN_POINT('Ctrl Pts',(126.763328154018,-11.7181056809482,-32.4494618246371));
#4994=CARTESIAN_POINT('Ctrl Pts',(126.40824848455,-12.0517312848405,-32.327037390895));
#4995=CARTESIAN_POINT('Ctrl Pts',(126.254337592781,-12.2624400169458,-32.2481517829851));
#4996=CARTESIAN_POINT('Ctrl Pts',(126.050212716701,-12.7218590243666,-32.0696902316089));
#4997=CARTESIAN_POINT('Ctrl Pts',(126.000001847744,-12.970513899941,-31.9699681417833));
#4998=CARTESIAN_POINT('Ctrl Pts',(126.000001847744,-13.2025784165956,-31.8738438716394));
#4999=CARTESIAN_POINT('Ctrl Pts',(126.000001847744,-13.2025784165956,-31.8738438716394));
#5000=CARTESIAN_POINT('Ctrl Pts',(126.000001847744,-13.4346429332502,-31.7777196014955));
#5001=CARTESIAN_POINT('Ctrl Pts',(126.050212716701,-13.6809826478938,-31.6724082187515));
#5002=CARTESIAN_POINT('Ctrl Pts',(126.254337592781,-14.1320323166062,-31.4737412963575));
#5003=CARTESIAN_POINT('Ctrl Pts',(126.40824848455,-14.3368064382242,-31.3805282713217));
#5004=CARTESIAN_POINT('Ctrl Pts',(126.763328154018,-14.6592825123958,-31.231186491714));
#5005=CARTESIAN_POINT('Ctrl Pts',(126.988185823545,-14.7985081039278,-31.1651183952902));
#5006=CARTESIAN_POINT('Ctrl Pts',(127.48092782209,-14.9829052082345,-31.0768884901739));
#5007=CARTESIAN_POINT('Ctrl Pts',(127.748816928992,-15.0281342648691,-31.0548736999053));
#5008=CARTESIAN_POINT('Ctrl Pts',(128.000001847744,-15.0281342648691,-31.0548736999053));
#5009=CARTESIAN_POINT('',(126.000001847744,-12.2458698356829,-29.5641450403612));
#5010=CARTESIAN_POINT('',(126.000001847744,-42.0951775601599,-101.626748576242));
#5011=CARTESIAN_POINT('Origin',(128.000001847744,-12.2458698356829,-29.5641450403612));
#5012=CARTESIAN_POINT('Origin',(128.000001847744,-12.2458698356829,-29.5641450403612));
#5013=CARTESIAN_POINT('Origin',(128.000001847744,-77.7817459305202,-77.7817459305202));
#5014=CARTESIAN_POINT('',(128.000001847744,-25.7683713182882,-22.939944193542));
#5015=CARTESIAN_POINT('',(126.000001847744,-24.3951839509359,-24.3951839509359));
#5016=CARTESIAN_POINT('Ctrl Pts',(128.000001847744,-25.7683713182882,-22.939944193542));
#5017=CARTESIAN_POINT('Ctrl Pts',(128.251186766496,-25.7683713182882,-22.939944193542));
#5018=CARTESIAN_POINT('Ctrl Pts',(128.519075873398,-25.7350098140915,-22.9775916183193));
#5019=CARTESIAN_POINT('Ctrl Pts',(129.011817871943,-25.5984132264953,-23.129671138606));
#5020=CARTESIAN_POINT('Ctrl Pts',(129.23667554147,-25.4950687179864,-23.2439894278844));
#5021=CARTESIAN_POINT('Ctrl Pts',(129.591755210938,-25.2542902981505,-23.5053694923323));
#5022=CARTESIAN_POINT('Ctrl Pts',(129.745666102707,-25.1007747587615,-23.6698507620467));
#5023=CARTESIAN_POINT('Ctrl Pts',(129.949790978787,-24.7600857414512,-24.0260043008236));
#5024=CARTESIAN_POINT('Ctrl Pts',(130.000001847744,-24.572798442463,-24.2175694594088));
#5025=CARTESIAN_POINT('Ctrl Pts',(130.000001847744,-24.2175694594088,-24.572798442463));
#5026=CARTESIAN_POINT('Ctrl Pts',(129.949790978787,-24.0260043008236,-24.7600857414512));
#5027=CARTESIAN_POINT('Ctrl Pts',(129.745666102707,-23.6698507620467,-25.1007747587615));
#5028=CARTESIAN_POINT('Ctrl Pts',(129.591755210938,-23.5053694923323,-25.2542902981505));
#5029=CARTESIAN_POINT('Ctrl Pts',(129.23667554147,-23.2439894278844,-25.4950687179864));
#5030=CARTESIAN_POINT('Ctrl Pts',(129.011817871943,-23.129671138606,-25.5984132264953));
#5031=CARTESIAN_POINT('Ctrl Pts',(128.519075873398,-22.9775916183193,-25.7350098140915));
#5032=CARTESIAN_POINT('Ctrl Pts',(128.251186766496,-22.939944193542,-25.7683713182882));
#5033=CARTESIAN_POINT('Ctrl Pts',(127.748816928992,-22.939944193542,-25.7683713182882));
#5034=CARTESIAN_POINT('Ctrl Pts',(127.48092782209,-22.9775916183193,-25.7350098140915));
#5035=CARTESIAN_POINT('Ctrl Pts',(126.988185823545,-23.129671138606,-25.5984132264953));
#5036=CARTESIAN_POINT('Ctrl Pts',(126.763328154018,-23.2439894278844,-25.4950687179864));
#5037=CARTESIAN_POINT('Ctrl Pts',(126.40824848455,-23.5053694923323,-25.2542902981505));
#5038=CARTESIAN_POINT('Ctrl Pts',(126.254337592781,-23.6698507620467,-25.1007747587615));
#5039=CARTESIAN_POINT('Ctrl Pts',(126.050212716701,-24.0260043008236,-24.7600857414512));
#5040=CARTESIAN_POINT('Ctrl Pts',(126.000001847744,-24.2175694594088,-24.5727984424629));
#5041=CARTESIAN_POINT('Ctrl Pts',(126.000001847744,-24.3951839509359,-24.3951839509359));
#5042=CARTESIAN_POINT('Ctrl Pts',(126.000001847744,-24.3951839509359,-24.3951839509359));
#5043=CARTESIAN_POINT('Ctrl Pts',(126.000001847744,-24.572798442463,-24.2175694594088));
#5044=CARTESIAN_POINT('Ctrl Pts',(126.050212716701,-24.7600857414512,-24.0260043008236));
#5045=CARTESIAN_POINT('Ctrl Pts',(126.254337592781,-25.1007747587615,-23.6698507620467));
#5046=CARTESIAN_POINT('Ctrl Pts',(126.40824848455,-25.2542902981505,-23.5053694923323));
#5047=CARTESIAN_POINT('Ctrl Pts',(126.763328154018,-25.4950687179864,-23.2439894278844));
#5048=CARTESIAN_POINT('Ctrl Pts',(126.988185823545,-25.5984132264953,-23.129671138606));
#5049=CARTESIAN_POINT('Ctrl Pts',(127.48092782209,-25.7350098140915,-22.9775916183193));
#5050=CARTESIAN_POINT('Ctrl Pts',(127.748816928992,-25.7683713182882,-22.939944193542));
#5051=CARTESIAN_POINT('Ctrl Pts',(128.000001847744,-25.7683713182882,-22.939944193542));
#5052=CARTESIAN_POINT('',(126.000001847744,-22.6274169979695,-22.6274169979695));
#5053=CARTESIAN_POINT('',(126.000001847744,-77.7817459305202,-77.7817459305202));
#5054=CARTESIAN_POINT('Origin',(128.000001847744,-22.6274169979695,-22.6274169979695));
#5055=CARTESIAN_POINT('Origin',(128.000001847744,-22.6274169979695,-22.6274169979695));
#5056=CARTESIAN_POINT('Origin',(128.000001847744,-101.626748576242,-42.0951775601599));
#5057=CARTESIAN_POINT('',(128.000001847744,-32.5856074293656,-11.3326161348239));
#5058=CARTESIAN_POINT('',(126.000001847744,-31.8738438716394,-13.2025784165956));
#5059=CARTESIAN_POINT('Ctrl Pts',(128.000001847744,-32.5856074293656,-11.3326161348239));
#5060=CARTESIAN_POINT('Ctrl Pts',(128.251186766496,-32.5856074293656,-11.3326161348239));
#5061=CARTESIAN_POINT('Ctrl Pts',(128.519075873398,-32.569192464198,-11.3801647149623));
#5062=CARTESIAN_POINT('Ctrl Pts',(129.011817871943,-32.5011919855227,-11.5729411220599));
#5063=CARTESIAN_POINT('Ctrl Pts',(129.23667554147,-32.4494618246371,-11.7181056809482));
#5064=CARTESIAN_POINT('Ctrl Pts',(129.591755210938,-32.327037390895,-12.0517312848405));
#5065=CARTESIAN_POINT('Ctrl Pts',(129.745666102707,-32.2481517829851,-12.2624400169458));
#5066=CARTESIAN_POINT('Ctrl Pts',(129.949790978787,-32.0696902316089,-12.7218590243666));
#5067=CARTESIAN_POINT('Ctrl Pts',(130.000001847744,-31.9699681417833,-12.970513899941));
#5068=CARTESIAN_POINT('Ctrl Pts',(130.000001847744,-31.7777196014955,-13.4346429332502));
#5069=CARTESIAN_POINT('Ctrl Pts',(129.949790978787,-31.6724082187515,-13.6809826478938));
#5070=CARTESIAN_POINT('Ctrl Pts',(129.745666102707,-31.4737412963575,-14.1320323166062));
#5071=CARTESIAN_POINT('Ctrl Pts',(129.591755210938,-31.3805282713217,-14.3368064382242));
#5072=CARTESIAN_POINT('Ctrl Pts',(129.23667554147,-31.231186491714,-14.6592825123958));
#5073=CARTESIAN_POINT('Ctrl Pts',(129.011817871943,-31.1651183952902,-14.7985081039277));
#5074=CARTESIAN_POINT('Ctrl Pts',(128.519075873398,-31.0768884901739,-14.9829052082345));
#5075=CARTESIAN_POINT('Ctrl Pts',(128.251186766496,-31.0548736999053,-15.0281342648691));
#5076=CARTESIAN_POINT('Ctrl Pts',(127.748816928992,-31.0548736999053,-15.0281342648691));
#5077=CARTESIAN_POINT('Ctrl Pts',(127.48092782209,-31.0768884901739,-14.9829052082345));
#5078=CARTESIAN_POINT('Ctrl Pts',(126.988185823545,-31.1651183952902,-14.7985081039278));
#5079=CARTESIAN_POINT('Ctrl Pts',(126.763328154018,-31.231186491714,-14.6592825123958));
#5080=CARTESIAN_POINT('Ctrl Pts',(126.40824848455,-31.3805282713217,-14.3368064382242));
#5081=CARTESIAN_POINT('Ctrl Pts',(126.254337592781,-31.4737412963575,-14.1320323166062));
#5082=CARTESIAN_POINT('Ctrl Pts',(126.050212716701,-31.6724082187515,-13.6809826478938));
#5083=CARTESIAN_POINT('Ctrl Pts',(126.000001847744,-31.7777196014955,-13.4346429332502));
#5084=CARTESIAN_POINT('Ctrl Pts',(126.000001847744,-31.8738438716394,-13.2025784165956));
#5085=CARTESIAN_POINT('Ctrl Pts',(126.000001847744,-31.8738438716394,-13.2025784165956));
#5086=CARTESIAN_POINT('Ctrl Pts',(126.000001847744,-31.9699681417833,-12.970513899941));
#5087=CARTESIAN_POINT('Ctrl Pts',(126.050212716701,-32.0696902316089,-12.7218590243666));
#5088=CARTESIAN_POINT('Ctrl Pts',(126.254337592781,-32.2481517829851,-12.2624400169458));
#5089=CARTESIAN_POINT('Ctrl Pts',(126.40824848455,-32.327037390895,-12.0517312848405));
#5090=CARTESIAN_POINT('Ctrl Pts',(126.763328154018,-32.4494618246371,-11.7181056809482));
#5091=CARTESIAN_POINT('Ctrl Pts',(126.988185823545,-32.5011919855227,-11.5729411220599));
#5092=CARTESIAN_POINT('Ctrl Pts',(127.48092782209,-32.569192464198,-11.3801647149623));
#5093=CARTESIAN_POINT('Ctrl Pts',(127.748816928992,-32.5856074293656,-11.3326161348239));
#5094=CARTESIAN_POINT('Ctrl Pts',(128.000001847744,-32.5856074293656,-11.3326161348239));
#5095=CARTESIAN_POINT('',(126.000001847744,-29.5641450403612,-12.2458698356829));
#5096=CARTESIAN_POINT('',(126.000001847744,-101.626748576242,-42.0951775601599));
#5097=CARTESIAN_POINT('Origin',(128.000001847744,-29.5641450403612,-12.2458698356829));
#5098=CARTESIAN_POINT('Origin',(128.000001847744,-29.5641450403612,-12.2458698356829));
#5099=CARTESIAN_POINT('Origin',(128.000001847744,-110.,6.73555739531044E-15));
#5100=CARTESIAN_POINT('',(128.000001847744,-34.4419801985891,1.99999999999999));
#5101=CARTESIAN_POINT('',(130.000001847744,-34.5,-1.52270974669707E-15));
#5102=CARTESIAN_POINT('Ctrl Pts',(128.000001847744,-34.4419801985891,1.99999999999999));
#5103=CARTESIAN_POINT('Ctrl Pts',(128.251186766496,-34.4419801985891,1.99999999999999));
#5104=CARTESIAN_POINT('Ctrl Pts',(128.519075873398,-34.4450108020952,1.94978910479772));
#5105=CARTESIAN_POINT('Ctrl Pts',(129.011817871943,-34.4559588887933,1.74566427134721));
#5106=CARTESIAN_POINT('Ctrl Pts',(129.23667554147,-34.4637185235907,1.59175343101976));
#5107=CARTESIAN_POINT('Ctrl Pts',(129.591755210938,-34.4782860861994,1.23667376155224));
#5108=CARTESIAN_POINT('Ctrl Pts',(129.745666102707,-34.4860400284732,1.01181606143954));
#5109=CARTESIAN_POINT('Ctrl Pts',(129.949790978787,-34.49697509647,0.519073964611014));
#5110=CARTESIAN_POINT('Ctrl Pts',(130.000001847744,-34.5,0.251184822791578));
#5111=CARTESIAN_POINT('Ctrl Pts',(130.000001847744,-34.5,3.19189119579733E-15));
#5112=CARTESIAN_POINT('',(126.000001847744,-34.5,2.35744508835865E-15));
#5113=CARTESIAN_POINT('Ctrl Pts',(126.000001847744,-34.5,1.94289029309402E-15));
#5114=CARTESIAN_POINT('Ctrl Pts',(126.000001847744,-34.5,0.251184822791577));
#5115=CARTESIAN_POINT('Ctrl Pts',(126.050212716701,-34.49697509647,0.519073964611014));
#5116=CARTESIAN_POINT('Ctrl Pts',(126.254337592781,-34.4860400284732,1.01181606143954));
#5117=CARTESIAN_POINT('Ctrl Pts',(126.40824848455,-34.4782860861994,1.23667376155224));
#5118=CARTESIAN_POINT('Ctrl Pts',(126.763328154018,-34.4637185235907,1.59175343101976));
#5119=CARTESIAN_POINT('Ctrl Pts',(126.988185823545,-34.4559588887933,1.74566427134721));
#5120=CARTESIAN_POINT('Ctrl Pts',(127.48092782209,-34.4450108020952,1.94978910479772));
#5121=CARTESIAN_POINT('Ctrl Pts',(127.748816928992,-34.4419801985891,1.99999999999999));
#5122=CARTESIAN_POINT('Ctrl Pts',(128.000001847744,-34.4419801985891,1.99999999999999));
#5123=CARTESIAN_POINT('',(126.000001847744,-32.,1.71450551880629E-15));
#5124=CARTESIAN_POINT('',(126.000001847744,-110.,6.98048675513991E-15));
#5125=CARTESIAN_POINT('Origin',(128.000001847744,-32.,1.95943487863576E-15));
#5126=CARTESIAN_POINT('Ctrl Pts',(130.000001847744,-34.5,1.04083408558608E-15));
#5127=CARTESIAN_POINT('Ctrl Pts',(130.000001847744,-34.5,-0.251184822791574));
#5128=CARTESIAN_POINT('Ctrl Pts',(129.949790978787,-34.49697509647,-0.51907396461101));
#5129=CARTESIAN_POINT('Ctrl Pts',(129.745666102707,-34.4860400284732,-1.01181606143954));
#5130=CARTESIAN_POINT('Ctrl Pts',(129.591755210938,-34.4782860861994,-1.23667376155224));
#5131=CARTESIAN_POINT('Ctrl Pts',(129.23667554147,-34.4637185235907,-1.59175343101976));
#5132=CARTESIAN_POINT('Ctrl Pts',(129.011817871943,-34.4559588887933,-1.74566427134721));
#5133=CARTESIAN_POINT('Ctrl Pts',(128.519075873398,-34.4450108020952,-1.94978910479772));
#5134=CARTESIAN_POINT('Ctrl Pts',(128.251186766496,-34.4419801985891,-1.99999999999999));
#5135=CARTESIAN_POINT('Ctrl Pts',(127.748816928992,-34.4419801985891,-1.99999999999999));
#5136=CARTESIAN_POINT('Ctrl Pts',(127.48092782209,-34.4450108020952,-1.94978910479772));
#5137=CARTESIAN_POINT('Ctrl Pts',(126.988185823545,-34.4559588887933,-1.74566427134721));
#5138=CARTESIAN_POINT('Ctrl Pts',(126.763328154018,-34.4637185235907,-1.59175343101976));
#5139=CARTESIAN_POINT('Ctrl Pts',(126.40824848455,-34.4782860861994,-1.23667376155224));
#5140=CARTESIAN_POINT('Ctrl Pts',(126.254337592781,-34.4860400284732,-1.01181606143954));
#5141=CARTESIAN_POINT('Ctrl Pts',(126.050212716701,-34.49697509647,-0.51907396461101));
#5142=CARTESIAN_POINT('Ctrl Pts',(126.000001847744,-34.5,-0.251184822791572));
#5143=CARTESIAN_POINT('Ctrl Pts',(126.000001847744,-34.5,2.56739074444567E-15));
#5144=CARTESIAN_POINT('Origin',(128.000001847744,-32.,1.95943487863576E-15));
#5145=CARTESIAN_POINT('Origin',(128.000001847744,-101.626748576242,42.0951775601599));
#5146=CARTESIAN_POINT('',(128.000001847744,-31.0548736999053,15.0281342648691));
#5147=CARTESIAN_POINT('',(126.000001847744,-31.8738438716394,13.2025784165956));
#5148=CARTESIAN_POINT('Ctrl Pts',(128.000001847744,-31.0548736999053,15.0281342648691));
#5149=CARTESIAN_POINT('Ctrl Pts',(128.251186766496,-31.0548736999053,15.0281342648691));
#5150=CARTESIAN_POINT('Ctrl Pts',(128.519075873398,-31.0768884901739,14.9829052082345));
#5151=CARTESIAN_POINT('Ctrl Pts',(129.011817871943,-31.1651183952902,14.7985081039278));
#5152=CARTESIAN_POINT('Ctrl Pts',(129.23667554147,-31.231186491714,14.6592825123958));
#5153=CARTESIAN_POINT('Ctrl Pts',(129.591755210938,-31.3805282713217,14.3368064382242));
#5154=CARTESIAN_POINT('Ctrl Pts',(129.745666102707,-31.4737412963575,14.1320323166062));
#5155=CARTESIAN_POINT('Ctrl Pts',(129.949790978787,-31.6724082187515,13.6809826478938));
#5156=CARTESIAN_POINT('Ctrl Pts',(130.000001847744,-31.7777196014955,13.4346429332502));
#5157=CARTESIAN_POINT('Ctrl Pts',(130.000001847744,-31.9699681417833,12.970513899941));
#5158=CARTESIAN_POINT('Ctrl Pts',(129.949790978787,-32.0696902316089,12.7218590243666));
#5159=CARTESIAN_POINT('Ctrl Pts',(129.745666102707,-32.2481517829851,12.2624400169458));
#5160=CARTESIAN_POINT('Ctrl Pts',(129.591755210938,-32.327037390895,12.0517312848405));
#5161=CARTESIAN_POINT('Ctrl Pts',(129.23667554147,-32.4494618246371,11.7181056809482));
#5162=CARTESIAN_POINT('Ctrl Pts',(129.011817871943,-32.5011919855227,11.5729411220599));
#5163=CARTESIAN_POINT('Ctrl Pts',(128.519075873398,-32.569192464198,11.3801647149623));
#5164=CARTESIAN_POINT('Ctrl Pts',(128.251186766496,-32.5856074293656,11.3326161348239));
#5165=CARTESIAN_POINT('Ctrl Pts',(127.748816928992,-32.5856074293656,11.3326161348239));
#5166=CARTESIAN_POINT('Ctrl Pts',(127.48092782209,-32.569192464198,11.3801647149623));
#5167=CARTESIAN_POINT('Ctrl Pts',(126.988185823545,-32.5011919855227,11.5729411220599));
#5168=CARTESIAN_POINT('Ctrl Pts',(126.763328154018,-32.4494618246371,11.7181056809482));
#5169=CARTESIAN_POINT('Ctrl Pts',(126.40824848455,-32.327037390895,12.0517312848405));
#5170=CARTESIAN_POINT('Ctrl Pts',(126.254337592781,-32.2481517829851,12.2624400169458));
#5171=CARTESIAN_POINT('Ctrl Pts',(126.050212716701,-32.0696902316089,12.7218590243666));
#5172=CARTESIAN_POINT('Ctrl Pts',(126.000001847744,-31.9699681417833,12.970513899941));
#5173=CARTESIAN_POINT('Ctrl Pts',(126.000001847744,-31.8738438716394,13.2025784165956));
#5174=CARTESIAN_POINT('Ctrl Pts',(126.000001847744,-31.8738438716394,13.2025784165956));
#5175=CARTESIAN_POINT('Ctrl Pts',(126.000001847744,-31.7777196014955,13.4346429332502));
#5176=CARTESIAN_POINT('Ctrl Pts',(126.050212716701,-31.6724082187515,13.6809826478938));
#5177=CARTESIAN_POINT('Ctrl Pts',(126.254337592781,-31.4737412963575,14.1320323166062));
#5178=CARTESIAN_POINT('Ctrl Pts',(126.40824848455,-31.3805282713217,14.3368064382242));
#5179=CARTESIAN_POINT('Ctrl Pts',(126.763328154018,-31.231186491714,14.6592825123958));
#5180=CARTESIAN_POINT('Ctrl Pts',(126.988185823545,-31.1651183952902,14.7985081039278));
#5181=CARTESIAN_POINT('Ctrl Pts',(127.48092782209,-31.0768884901739,14.9829052082345));
#5182=CARTESIAN_POINT('Ctrl Pts',(127.748816928992,-31.0548736999053,15.0281342648691));
#5183=CARTESIAN_POINT('Ctrl Pts',(128.000001847744,-31.0548736999053,15.0281342648691));
#5184=CARTESIAN_POINT('',(126.000001847744,-29.5641450403612,12.2458698356829));
#5185=CARTESIAN_POINT('',(126.000001847744,-101.626748576242,42.0951775601599));
#5186=CARTESIAN_POINT('Origin',(128.000001847744,-29.5641450403612,12.2458698356829));
#5187=CARTESIAN_POINT('Origin',(128.000001847744,-29.5641450403612,12.2458698356829));
#5188=CARTESIAN_POINT('Origin',(128.000001847744,-77.7817459305202,77.7817459305202));
#5189=CARTESIAN_POINT('',(128.000001847744,-22.939944193542,25.7683713182882));
#5190=CARTESIAN_POINT('',(126.000001847744,-24.3951839509359,24.3951839509359));
#5191=CARTESIAN_POINT('Ctrl Pts',(128.000001847744,-22.939944193542,25.7683713182882));
#5192=CARTESIAN_POINT('Ctrl Pts',(128.251186766496,-22.939944193542,25.7683713182882));
#5193=CARTESIAN_POINT('Ctrl Pts',(128.519075873398,-22.9775916183193,25.7350098140915));
#5194=CARTESIAN_POINT('Ctrl Pts',(129.011817871943,-23.129671138606,25.5984132264953));
#5195=CARTESIAN_POINT('Ctrl Pts',(129.23667554147,-23.2439894278844,25.4950687179864));
#5196=CARTESIAN_POINT('Ctrl Pts',(129.591755210938,-23.5053694923323,25.2542902981505));
#5197=CARTESIAN_POINT('Ctrl Pts',(129.745666102707,-23.6698507620467,25.1007747587615));
#5198=CARTESIAN_POINT('Ctrl Pts',(129.949790978787,-24.0260043008236,24.7600857414512));
#5199=CARTESIAN_POINT('Ctrl Pts',(130.000001847744,-24.2175694594088,24.5727984424629));
#5200=CARTESIAN_POINT('Ctrl Pts',(130.000001847744,-24.5727984424629,24.2175694594088));
#5201=CARTESIAN_POINT('Ctrl Pts',(129.949790978787,-24.7600857414512,24.0260043008236));
#5202=CARTESIAN_POINT('Ctrl Pts',(129.745666102707,-25.1007747587615,23.6698507620467));
#5203=CARTESIAN_POINT('Ctrl Pts',(129.591755210938,-25.2542902981505,23.5053694923323));
#5204=CARTESIAN_POINT('Ctrl Pts',(129.23667554147,-25.4950687179864,23.2439894278844));
#5205=CARTESIAN_POINT('Ctrl Pts',(129.011817871943,-25.5984132264953,23.129671138606));
#5206=CARTESIAN_POINT('Ctrl Pts',(128.519075873398,-25.7350098140915,22.9775916183193));
#5207=CARTESIAN_POINT('Ctrl Pts',(128.251186766496,-25.7683713182882,22.939944193542));
#5208=CARTESIAN_POINT('Ctrl Pts',(127.748816928992,-25.7683713182882,22.939944193542));
#5209=CARTESIAN_POINT('Ctrl Pts',(127.48092782209,-25.7350098140915,22.9775916183193));
#5210=CARTESIAN_POINT('Ctrl Pts',(126.988185823545,-25.5984132264953,23.129671138606));
#5211=CARTESIAN_POINT('Ctrl Pts',(126.763328154018,-25.4950687179864,23.2439894278844));
#5212=CARTESIAN_POINT('Ctrl Pts',(126.40824848455,-25.2542902981505,23.5053694923323));
#5213=CARTESIAN_POINT('Ctrl Pts',(126.254337592781,-25.1007747587615,23.6698507620467));
#5214=CARTESIAN_POINT('Ctrl Pts',(126.050212716701,-24.7600857414512,24.0260043008236));
#5215=CARTESIAN_POINT('Ctrl Pts',(126.000001847744,-24.572798442463,24.2175694594088));
#5216=CARTESIAN_POINT('Ctrl Pts',(126.000001847744,-24.3951839509359,24.3951839509359));
#5217=CARTESIAN_POINT('Ctrl Pts',(126.000001847744,-24.3951839509359,24.3951839509359));
#5218=CARTESIAN_POINT('Ctrl Pts',(126.000001847744,-24.2175694594088,24.572798442463));
#5219=CARTESIAN_POINT('Ctrl Pts',(126.050212716701,-24.0260043008236,24.7600857414512));
#5220=CARTESIAN_POINT('Ctrl Pts',(126.254337592781,-23.6698507620467,25.1007747587615));
#5221=CARTESIAN_POINT('Ctrl Pts',(126.40824848455,-23.5053694923323,25.2542902981505));
#5222=CARTESIAN_POINT('Ctrl Pts',(126.763328154018,-23.2439894278844,25.4950687179864));
#5223=CARTESIAN_POINT('Ctrl Pts',(126.988185823545,-23.129671138606,25.5984132264953));
#5224=CARTESIAN_POINT('Ctrl Pts',(127.48092782209,-22.9775916183193,25.7350098140915));
#5225=CARTESIAN_POINT('Ctrl Pts',(127.748816928992,-22.939944193542,25.7683713182882));
#5226=CARTESIAN_POINT('Ctrl Pts',(128.000001847744,-22.939944193542,25.7683713182882));
#5227=CARTESIAN_POINT('',(126.000001847744,-22.6274169979695,22.6274169979695));
#5228=CARTESIAN_POINT('',(126.000001847744,-77.7817459305202,77.7817459305202));
#5229=CARTESIAN_POINT('Origin',(128.000001847744,-22.6274169979695,22.6274169979695));
#5230=CARTESIAN_POINT('Origin',(128.000001847744,-22.6274169979695,22.6274169979695));
#5231=CARTESIAN_POINT('Origin',(128.000001847744,-42.0951775601599,101.626748576242));
#5232=CARTESIAN_POINT('',(128.000001847744,-11.3326161348239,32.5856074293656));
#5233=CARTESIAN_POINT('',(126.000001847744,-13.2025784165956,31.8738438716394));
#5234=CARTESIAN_POINT('Ctrl Pts',(128.000001847744,-11.3326161348239,32.5856074293656));
#5235=CARTESIAN_POINT('Ctrl Pts',(128.251186766496,-11.3326161348239,32.5856074293656));
#5236=CARTESIAN_POINT('Ctrl Pts',(128.519075873398,-11.3801647149623,32.569192464198));
#5237=CARTESIAN_POINT('Ctrl Pts',(129.011817871943,-11.5729411220599,32.5011919855227));
#5238=CARTESIAN_POINT('Ctrl Pts',(129.23667554147,-11.7181056809482,32.4494618246371));
#5239=CARTESIAN_POINT('Ctrl Pts',(129.591755210938,-12.0517312848405,32.327037390895));
#5240=CARTESIAN_POINT('Ctrl Pts',(129.745666102707,-12.2624400169458,32.2481517829851));
#5241=CARTESIAN_POINT('Ctrl Pts',(129.949790978787,-12.7218590243666,32.0696902316089));
#5242=CARTESIAN_POINT('Ctrl Pts',(130.000001847744,-12.970513899941,31.9699681417833));
#5243=CARTESIAN_POINT('Ctrl Pts',(130.000001847744,-13.4346429332502,31.7777196014955));
#5244=CARTESIAN_POINT('Ctrl Pts',(129.949790978787,-13.6809826478938,31.6724082187515));
#5245=CARTESIAN_POINT('Ctrl Pts',(129.745666102707,-14.1320323166062,31.4737412963575));
#5246=CARTESIAN_POINT('Ctrl Pts',(129.591755210938,-14.3368064382242,31.3805282713217));
#5247=CARTESIAN_POINT('Ctrl Pts',(129.23667554147,-14.6592825123958,31.231186491714));
#5248=CARTESIAN_POINT('Ctrl Pts',(129.011817871943,-14.7985081039278,31.1651183952902));
#5249=CARTESIAN_POINT('Ctrl Pts',(128.519075873398,-14.9829052082345,31.0768884901739));
#5250=CARTESIAN_POINT('Ctrl Pts',(128.251186766496,-15.0281342648691,31.0548736999053));
#5251=CARTESIAN_POINT('Ctrl Pts',(127.748816928992,-15.0281342648691,31.0548736999053));
#5252=CARTESIAN_POINT('Ctrl Pts',(127.48092782209,-14.9829052082345,31.0768884901739));
#5253=CARTESIAN_POINT('Ctrl Pts',(126.988185823545,-14.7985081039278,31.1651183952902));
#5254=CARTESIAN_POINT('Ctrl Pts',(126.763328154018,-14.6592825123958,31.231186491714));
#5255=CARTESIAN_POINT('Ctrl Pts',(126.40824848455,-14.3368064382242,31.3805282713217));
#5256=CARTESIAN_POINT('Ctrl Pts',(126.254337592781,-14.1320323166062,31.4737412963575));
#5257=CARTESIAN_POINT('Ctrl Pts',(126.050212716701,-13.6809826478938,31.6724082187515));
#5258=CARTESIAN_POINT('Ctrl Pts',(126.000001847744,-13.4346429332502,31.7777196014955));
#5259=CARTESIAN_POINT('Ctrl Pts',(126.000001847744,-13.2025784165956,31.8738438716394));
#5260=CARTESIAN_POINT('Ctrl Pts',(126.000001847744,-13.2025784165956,31.8738438716394));
#5261=CARTESIAN_POINT('Ctrl Pts',(126.000001847744,-12.970513899941,31.9699681417833));
#5262=CARTESIAN_POINT('Ctrl Pts',(126.050212716701,-12.7218590243666,32.0696902316089));
#5263=CARTESIAN_POINT('Ctrl Pts',(126.254337592781,-12.2624400169458,32.2481517829851));
#5264=CARTESIAN_POINT('Ctrl Pts',(126.40824848455,-12.0517312848405,32.327037390895));
#5265=CARTESIAN_POINT('Ctrl Pts',(126.763328154018,-11.7181056809482,32.4494618246371));
#5266=CARTESIAN_POINT('Ctrl Pts',(126.988185823545,-11.5729411220599,32.5011919855227));
#5267=CARTESIAN_POINT('Ctrl Pts',(127.48092782209,-11.3801647149623,32.569192464198));
#5268=CARTESIAN_POINT('Ctrl Pts',(127.748816928992,-11.3326161348239,32.5856074293656));
#5269=CARTESIAN_POINT('Ctrl Pts',(128.000001847744,-11.3326161348239,32.5856074293656));
#5270=CARTESIAN_POINT('',(126.000001847744,-12.2458698356829,29.5641450403612));
#5271=CARTESIAN_POINT('',(126.000001847744,-42.0951775601599,101.626748576242));
#5272=CARTESIAN_POINT('Origin',(128.000001847744,-12.2458698356829,29.5641450403612));
#5273=CARTESIAN_POINT('Origin',(128.000001847744,-12.2458698356829,29.5641450403612));
#5274=CARTESIAN_POINT('Origin',(128.000001847744,0.,110.));
#5275=CARTESIAN_POINT('',(128.000001847744,1.99999999999999,34.4419801985891));
#5276=CARTESIAN_POINT('',(126.000001847744,2.4492935982947E-16,34.5));
#5277=CARTESIAN_POINT('Ctrl Pts',(128.000001847744,1.99999999999999,34.4419801985891));
#5278=CARTESIAN_POINT('Ctrl Pts',(128.251186766496,1.99999999999999,34.4419801985891));
#5279=CARTESIAN_POINT('Ctrl Pts',(128.519075873398,1.94978910479772,34.4450108020952));
#5280=CARTESIAN_POINT('Ctrl Pts',(129.011817871943,1.74566427134721,34.4559588887933));
#5281=CARTESIAN_POINT('Ctrl Pts',(129.23667554147,1.59175343101976,34.4637185235907));
#5282=CARTESIAN_POINT('Ctrl Pts',(129.591755210938,1.23667376155224,34.4782860861994));
#5283=CARTESIAN_POINT('Ctrl Pts',(129.745666102707,1.01181606143954,34.4860400284732));
#5284=CARTESIAN_POINT('Ctrl Pts',(129.949790978787,0.519073964611012,34.49697509647));
#5285=CARTESIAN_POINT('Ctrl Pts',(130.000001847744,0.251184822791575,34.5));
#5286=CARTESIAN_POINT('Ctrl Pts',(130.000001847744,-0.251184822791575,34.5));
#5287=CARTESIAN_POINT('Ctrl Pts',(129.949790978787,-0.519073964610999,34.49697509647));
#5288=CARTESIAN_POINT('Ctrl Pts',(129.745666102707,-1.01181606143953,34.4860400284732));
#5289=CARTESIAN_POINT('Ctrl Pts',(129.591755210938,-1.23667376155224,34.4782860861994));
#5290=CARTESIAN_POINT('Ctrl Pts',(129.23667554147,-1.59175343101976,34.4637185235907));
#5291=CARTESIAN_POINT('Ctrl Pts',(129.011817871943,-1.74566427134721,34.4559588887933));
#5292=CARTESIAN_POINT('Ctrl Pts',(128.519075873398,-1.94978910479772,34.4450108020952));
#5293=CARTESIAN_POINT('Ctrl Pts',(128.251186766496,-1.99999999999999,34.4419801985891));
#5294=CARTESIAN_POINT('Ctrl Pts',(127.748816928992,-1.99999999999999,34.4419801985891));
#5295=CARTESIAN_POINT('Ctrl Pts',(127.48092782209,-1.94978910479772,34.4450108020952));
#5296=CARTESIAN_POINT('Ctrl Pts',(126.988185823545,-1.74566427134721,34.4559588887933));
#5297=CARTESIAN_POINT('Ctrl Pts',(126.763328154018,-1.59175343101976,34.4637185235907));
#5298=CARTESIAN_POINT('Ctrl Pts',(126.40824848455,-1.23667376155224,34.4782860861994));
#5299=CARTESIAN_POINT('Ctrl Pts',(126.254337592781,-1.01181606143954,34.4860400284732));
#5300=CARTESIAN_POINT('Ctrl Pts',(126.050212716701,-0.519073964611012,34.49697509647));
#5301=CARTESIAN_POINT('Ctrl Pts',(126.000001847744,-0.251184822791574,34.5));
#5302=CARTESIAN_POINT('Ctrl Pts',(126.000001847744,4.85722573273506E-16,
34.5));
#5303=CARTESIAN_POINT('Ctrl Pts',(126.000001847744,-2.08166817117217E-16,
34.5));
#5304=CARTESIAN_POINT('Ctrl Pts',(126.000001847744,0.251184822791575,34.5));
#5305=CARTESIAN_POINT('Ctrl Pts',(126.050212716701,0.519073964611012,34.49697509647));
#5306=CARTESIAN_POINT('Ctrl Pts',(126.254337592781,1.01181606143954,34.4860400284732));
#5307=CARTESIAN_POINT('Ctrl Pts',(126.40824848455,1.23667376155224,34.4782860861994));
#5308=CARTESIAN_POINT('Ctrl Pts',(126.763328154018,1.59175343101976,34.4637185235907));
#5309=CARTESIAN_POINT('Ctrl Pts',(126.988185823545,1.74566427134721,34.4559588887933));
#5310=CARTESIAN_POINT('Ctrl Pts',(127.48092782209,1.94978910479772,34.4450108020952));
#5311=CARTESIAN_POINT('Ctrl Pts',(127.748816928992,1.99999999999999,34.4419801985891));
#5312=CARTESIAN_POINT('Ctrl Pts',(128.000001847744,1.99999999999999,34.4419801985891));
#5313=CARTESIAN_POINT('',(126.000001847744,-2.4492935982947E-16,32.));
#5314=CARTESIAN_POINT('',(126.000001847744,2.4492935982947E-16,110.));
#5315=CARTESIAN_POINT('Origin',(128.000001847744,0.,32.));
#5316=CARTESIAN_POINT('Origin',(128.000001847744,0.,32.));
#5317=CARTESIAN_POINT('Origin',(137.999999761581,0.,0.));
#5318=CARTESIAN_POINT('',(151.999999761581,-30.,-3.67394039744206E-15));
#5319=CARTESIAN_POINT('Origin',(151.999999761581,0.,0.));
#5320=CARTESIAN_POINT('',(123.999999761581,-30.,-3.67394039744206E-15));
#5321=CARTESIAN_POINT('',(137.999999761581,-30.,-3.67394039744206E-15));
#5322=CARTESIAN_POINT('Origin',(123.999999761581,0.,0.));
#5323=CARTESIAN_POINT('Origin',(123.999999761581,34.5,0.));
#5324=CARTESIAN_POINT('',(123.999999761581,-34.5,-4.22503145705837E-15));
#5325=CARTESIAN_POINT('Origin',(123.999999761581,0.,0.));
#5326=CARTESIAN_POINT('Origin',(127.999999761581,0.,0.));
#5327=CARTESIAN_POINT('',(131.999999761581,-34.5,-4.22503145705837E-15));
#5328=CARTESIAN_POINT('Origin',(131.999999761581,0.,0.));
#5329=CARTESIAN_POINT('',(127.999999761581,-34.5,-4.22503145705837E-15));
#5330=CARTESIAN_POINT('',(127.999999761581,-34.5,-4.22503145705837E-15));
#5331=CARTESIAN_POINT('Origin',(131.999999761581,35.500000551343,0.));
#5332=CARTESIAN_POINT('',(132.000001966953,-35.500000551343,-4.34749620449314E-15));
#5333=CARTESIAN_POINT('Origin',(132.000001966953,0.,0.));
#5334=CARTESIAN_POINT('Origin',(132.550001966953,0.,0.));
#5335=CARTESIAN_POINT('',(133.100001966953,-35.500000551343,-4.34749620449314E-15));
#5336=CARTESIAN_POINT('Origin',(133.100001966953,0.,0.));
#5337=CARTESIAN_POINT('',(132.550001966953,-35.500000551343,-4.34749620449314E-15));
#5338=CARTESIAN_POINT('Origin',(133.100001966953,37.000000551343,0.));
#5339=CARTESIAN_POINT('',(133.100001966953,-37.000000551343,-4.53119322436525E-15));
#5340=CARTESIAN_POINT('Origin',(133.100001966953,0.,0.));
#5341=CARTESIAN_POINT('Origin',(132.550001966953,0.,0.));
#5342=CARTESIAN_POINT('',(132.000001966953,-37.000000551343,-4.53119322436525E-15));
#5343=CARTESIAN_POINT('',(132.550001966953,-37.000000551343,-4.53119322436525E-15));
#5344=CARTESIAN_POINT('Origin',(132.000001966953,0.,0.));
#5345=CARTESIAN_POINT('Origin',(131.999999761581,38.,0.));
#5346=CARTESIAN_POINT('',(131.999999761581,-38.,-4.65365783675994E-15));
#5347=CARTESIAN_POINT('Origin',(131.999999761581,0.,0.));
#5348=CARTESIAN_POINT('Origin',(140.845299223202,0.,0.));
#5349=CARTESIAN_POINT('',(140.845299223202,-38.,-4.65365783675994E-15));
#5350=CARTESIAN_POINT('Origin',(172.999999761581,28.6,0.));
#5351=CARTESIAN_POINT('',(172.999999761581,-28.6,-3.50248984556143E-15));
#5352=CARTESIAN_POINT('Origin',(172.999999761581,0.,0.));
#5353=CARTESIAN_POINT('Origin',(176.999999761581,0.,0.));
#5354=CARTESIAN_POINT('',(180.999999761581,-28.6,-3.50248984556143E-15));
#5355=CARTESIAN_POINT('Origin',(180.999999761581,0.,0.));
#5356=CARTESIAN_POINT('',(176.999999761581,-28.6,-3.50248984556143E-15));
#5357=CARTESIAN_POINT('Origin',(180.999999761581,10.0675762494265,0.));
#5358=CARTESIAN_POINT('',(180.999999761581,-10.0675762494265,-1.2329225029032E-15));
#5359=CARTESIAN_POINT('Origin',(180.999999761581,0.,0.));
#5360=CARTESIAN_POINT('Origin',(175.139527857262,0.,0.));
#5361=CARTESIAN_POINT('',(169.279055952943,-7.,-8.57252759403147E-16));
#5362=CARTESIAN_POINT('',(175.139527857262,-8.53378812471323,-1.04508763115318E-15));
#5363=CARTESIAN_POINT('Origin',(169.279055952943,0.,0.));
#5364=CARTESIAN_POINT('Origin',(167.279055952943,0.,0.));
#5365=CARTESIAN_POINT('',(165.279055952943,-7.,-8.57252759403147E-16));
#5366=CARTESIAN_POINT('',(167.279055952943,-7.,-8.57252759403147E-16));
#5367=CARTESIAN_POINT('Origin',(165.279055952943,0.,0.));
#5368=CARTESIAN_POINT('Origin',(158.639527857262,0.,0.));
#5369=CARTESIAN_POINT('',(158.639527857262,-18.5,-2.2655965784226E-15));
#5370=CARTESIAN_POINT('',(0.,0.,0.));
#5371=CARTESIAN_POINT('Origin',(173.000002577901,0.,70.));
#5372=CARTESIAN_POINT('',(173.000002577901,11.0000001639128,46.7225855063043));
#5373=CARTESIAN_POINT('',(184.000002741814,-1.18444237255227E-16,48.));
#5374=CARTESIAN_POINT('Ctrl Pts',(173.000002577901,11.0000001639128,46.7225855063043));
#5375=CARTESIAN_POINT('Ctrl Pts',(174.386573860832,11.0000001639128,46.7225855063043));
#5376=CARTESIAN_POINT('Ctrl Pts',(175.862048934941,10.7218814520982,46.7907252545902));
#5377=CARTESIAN_POINT('Ctrl Pts',(178.570672476939,9.59779647273172,47.034168505175));
#5378=CARTESIAN_POINT('Ctrl Pts',(179.804267154139,8.75208484167313,47.2056679848956));
#5379=CARTESIAN_POINT('Ctrl Pts',(181.75199220405,6.80435979176208,47.5255150034751));
#5380=CARTESIAN_POINT('Ctrl Pts',(182.59777823648,5.57072511370428,47.6950273756279));
#5381=CARTESIAN_POINT('Ctrl Pts',(183.721917360019,2.86196098377009,47.9338898261342));
#5382=CARTESIAN_POINT('Ctrl Pts',(184.000002741814,1.38643572308189,48.));
#5383=CARTESIAN_POINT('Ctrl Pts',(184.000002741814,1.66533453693773E-15,
48.));
#5384=CARTESIAN_POINT('Ctrl Pts',(184.000002741814,1.2490009027033E-15,
48.));
#5385=CARTESIAN_POINT('Ctrl Pts',(184.000002741814,-1.38643572308189,48.));
#5386=CARTESIAN_POINT('Ctrl Pts',(183.721917360019,-2.86196098377009,47.9338898261342));
#5387=CARTESIAN_POINT('Ctrl Pts',(182.59777823648,-5.57072511370428,47.6950273756279));
#5388=CARTESIAN_POINT('Ctrl Pts',(181.75199220405,-6.80435979176208,47.5255150034751));
#5389=CARTESIAN_POINT('Ctrl Pts',(179.804267154139,-8.75208484167313,47.2056679848956));
#5390=CARTESIAN_POINT('Ctrl Pts',(178.570672476939,-9.59779647273173,47.034168505175));
#5391=CARTESIAN_POINT('Ctrl Pts',(175.862048934941,-10.7218814520982,46.7907252545902));
#5392=CARTESIAN_POINT('Ctrl Pts',(174.386573860832,-11.0000001639128,46.7225855063043));
#5393=CARTESIAN_POINT('Ctrl Pts',(171.61343129497,-11.0000001639128,46.7225855063043));
#5394=CARTESIAN_POINT('Ctrl Pts',(170.137956220861,-10.7218814520981,46.7907252545902));
#5395=CARTESIAN_POINT('Ctrl Pts',(167.429332678863,-9.59779647273167,47.034168505175));
#5396=CARTESIAN_POINT('Ctrl Pts',(166.195738001662,-8.75208484167313,47.2056679848956));
#5397=CARTESIAN_POINT('Ctrl Pts',(164.248012951751,-6.80435979176209,47.5255150034751));
#5398=CARTESIAN_POINT('Ctrl Pts',(163.402226919322,-5.57072511370428,47.6950273756279));
#5399=CARTESIAN_POINT('Ctrl Pts',(162.278087795782,-2.86196098377009,47.9338898261342));
#5400=CARTESIAN_POINT('Ctrl Pts',(162.000002413988,-1.38643572308189,48.));
#5401=CARTESIAN_POINT('Ctrl Pts',(162.000002413988,1.38643572308189,48.));
#5402=CARTESIAN_POINT('Ctrl Pts',(162.278087795782,2.86196098377009,47.9338898261342));
#5403=CARTESIAN_POINT('Ctrl Pts',(163.402226919322,5.57072511370428,47.6950273756279));
#5404=CARTESIAN_POINT('Ctrl Pts',(164.248012951751,6.80435979176208,47.5255150034751));
#5405=CARTESIAN_POINT('Ctrl Pts',(166.195738001662,8.75208484167313,47.2056679848956));
#5406=CARTESIAN_POINT('Ctrl Pts',(167.429332678863,9.59779647273172,47.034168505175));
#5407=CARTESIAN_POINT('Ctrl Pts',(170.137956220861,10.7218814520982,46.7907252545902));
#5408=CARTESIAN_POINT('Ctrl Pts',(171.61343129497,11.0000001639128,46.7225855063043));
#5409=CARTESIAN_POINT('Ctrl Pts',(173.000002577901,11.0000001639128,46.7225855063043));
#5410=CARTESIAN_POINT('',(184.000002741814,1.34711149913561E-15,70.));
#5411=CARTESIAN_POINT('',(184.000002741814,-1.34711149913561E-15,70.));
#5412=CARTESIAN_POINT('Origin',(173.000002577901,0.,70.));
#5413=CARTESIAN_POINT('Origin',(-8.00000023841857,0.,0.));
#5414=CARTESIAN_POINT('',(-8.00000023841857,45.5,-5.57214293612046E-15));
#5415=CARTESIAN_POINT('Origin',(-8.00000023841858,0.,0.));
#5416=CARTESIAN_POINT('',(-6.90000023841857,45.5,-5.57214293612046E-15));
#5417=CARTESIAN_POINT('',(-8.00000023841857,45.5,5.57214293612046E-15));
#5418=CARTESIAN_POINT('Origin',(-6.90000023841857,0.,0.));
#5419=CARTESIAN_POINT('Origin',(-8.00000023841857,0.,0.));
#5420=CARTESIAN_POINT('',(-8.00000023841857,47.,-5.75583995599256E-15));
#5421=CARTESIAN_POINT('Origin',(-8.00000023841858,0.,0.));
#5422=CARTESIAN_POINT('',(-6.90000023841857,47.,-5.75583995599256E-15));
#5423=CARTESIAN_POINT('',(-8.00000023841857,47.,5.75583995599256E-15));
#5424=CARTESIAN_POINT('Origin',(-6.90000023841857,0.,0.));
#5425=CARTESIAN_POINT('Origin',(-6.90000023841857,0.,0.));
#5426=CARTESIAN_POINT('Origin',(-8.00000023841858,48.0000007152557,0.));
#5427=CARTESIAN_POINT('',(-8.00000023841857,-70.,-8.57252759403147E-15));
#5428=CARTESIAN_POINT('Origin',(-8.00000023841857,0.,0.));
#5429=CARTESIAN_POINT('',(-8.00000023841858,-26.04758878008,50.8133742881208));
#5430=CARTESIAN_POINT('Origin',(-8.00000023841858,-21.04758878008,50.8133742881208));
#5431=CARTESIAN_POINT('',(-8.00000023841858,16.0475887800799,-50.8133742881208));
#5432=CARTESIAN_POINT('Origin',(-8.00000023841858,21.0475887800799,-50.8133742881208));
#5433=CARTESIAN_POINT('',(-8.00000023841858,16.0475887800799,50.8133742881208));
#5434=CARTESIAN_POINT('Origin',(-8.00000023841858,21.0475887800799,50.8133742881208));
#5435=CARTESIAN_POINT('',(-8.00000023841858,-26.0475887800799,-50.8133742881208));
#5436=CARTESIAN_POINT('Origin',(-8.00000023841858,-21.0475887800799,-50.8133742881208));
#5437=CARTESIAN_POINT('',(-8.00000023841858,-55.8133742881208,21.0475887800799));
#5438=CARTESIAN_POINT('Origin',(-8.00000023841858,-50.8133742881208,21.0475887800799));
#5439=CARTESIAN_POINT('',(-8.00000023841858,45.8133742881208,-21.0475887800799));
#5440=CARTESIAN_POINT('Origin',(-8.00000023841858,50.8133742881208,-21.0475887800799));
#5441=CARTESIAN_POINT('',(-8.00000023841858,45.8133742881208,21.0475887800799));
#5442=CARTESIAN_POINT('Origin',(-8.00000023841858,50.8133742881208,21.0475887800799));
#5443=CARTESIAN_POINT('',(-8.00000023841858,-55.8133742881208,-21.0475887800799));
#5444=CARTESIAN_POINT('Origin',(-8.00000023841858,-50.8133742881208,-21.0475887800799));
#5445=CARTESIAN_POINT('Origin',(16.,-50.8133742881208,-21.0475887800799));
#5446=CARTESIAN_POINT('',(16.,-55.8133742881208,-21.0475887800799));
#5447=CARTESIAN_POINT('Origin',(15.9999997615814,-50.8133742881208,-21.0475887800799));
#5448=CARTESIAN_POINT('',(16.,-55.8133742881208,-21.0475887800799));
#5449=CARTESIAN_POINT('Origin',(16.,50.8133742881208,21.0475887800799));
#5450=CARTESIAN_POINT('',(16.,45.8133742881208,21.0475887800799));
#5451=CARTESIAN_POINT('Origin',(15.9999997615814,50.8133742881208,21.0475887800799));
#5452=CARTESIAN_POINT('',(16.,45.8133742881208,21.0475887800799));
#5453=CARTESIAN_POINT('Origin',(16.,50.8133742881208,-21.0475887800799));
#5454=CARTESIAN_POINT('',(16.,45.8133742881208,-21.0475887800799));
#5455=CARTESIAN_POINT('Origin',(15.9999997615814,50.8133742881208,-21.0475887800799));
#5456=CARTESIAN_POINT('',(16.,45.8133742881208,-21.0475887800799));
#5457=CARTESIAN_POINT('Origin',(16.,-50.8133742881208,21.0475887800799));
#5458=CARTESIAN_POINT('',(16.,-55.8133742881208,21.0475887800799));
#5459=CARTESIAN_POINT('Origin',(15.9999997615814,-50.8133742881208,21.0475887800799));
#5460=CARTESIAN_POINT('',(16.,-55.8133742881208,21.0475887800799));
#5461=CARTESIAN_POINT('Origin',(16.,-21.0475887800799,-50.8133742881208));
#5462=CARTESIAN_POINT('',(16.,-26.0475887800799,-50.8133742881208));
#5463=CARTESIAN_POINT('Origin',(15.9999997615814,-21.0475887800799,-50.8133742881208));
#5464=CARTESIAN_POINT('',(16.,-26.0475887800799,-50.8133742881208));
#5465=CARTESIAN_POINT('Origin',(16.,21.0475887800799,50.8133742881208));
#5466=CARTESIAN_POINT('',(16.,16.0475887800799,50.8133742881208));
#5467=CARTESIAN_POINT('Origin',(15.9999997615814,21.0475887800799,50.8133742881208));
#5468=CARTESIAN_POINT('',(16.,16.0475887800799,50.8133742881208));
#5469=CARTESIAN_POINT('Origin',(16.,21.0475887800799,-50.8133742881208));
#5470=CARTESIAN_POINT('',(16.,16.0475887800799,-50.8133742881208));
#5471=CARTESIAN_POINT('Origin',(15.9999997615814,21.0475887800799,-50.8133742881208));
#5472=CARTESIAN_POINT('',(16.,16.0475887800799,-50.8133742881208));
#5473=CARTESIAN_POINT('Origin',(16.,-21.04758878008,50.8133742881208));
#5474=CARTESIAN_POINT('',(16.,-26.04758878008,50.8133742881208));
#5475=CARTESIAN_POINT('Origin',(15.9999997615814,-21.04758878008,50.8133742881208));
#5476=CARTESIAN_POINT('',(16.,-26.04758878008,50.8133742881208));
#5477=CARTESIAN_POINT('Origin',(178.35000269711,0.,0.));
#5478=CARTESIAN_POINT('',(180.999999761581,2.44929363479203E-15,20.0000002980232));
#5479=CARTESIAN_POINT('Origin',(180.999999761581,0.,0.));
#5480=CARTESIAN_POINT('',(183.65000269711,-2.44929363479203E-15,20.0000002980232));
#5481=CARTESIAN_POINT('',(178.35000269711,-2.44929363479203E-15,20.0000002980232));
#5482=CARTESIAN_POINT('Origin',(183.65000269711,0.,0.));
#5483=CARTESIAN_POINT('Origin',(178.35000269711,0.,0.));
#5484=CARTESIAN_POINT('',(180.999999761581,-3.01263116239981E-15,24.6000002980232));
#5485=CARTESIAN_POINT('Origin',(180.999999761581,0.,0.));
#5486=CARTESIAN_POINT('',(183.65000269711,-3.01263116239981E-15,24.6000002980232));
#5487=CARTESIAN_POINT('',(178.35000269711,-3.01263116239981E-15,24.6000002980232));
#5488=CARTESIAN_POINT('Origin',(183.65000269711,0.,0.));
#5489=CARTESIAN_POINT('Origin',(183.65000269711,20.0000002980232,0.));
#5490=CARTESIAN_POINT('Origin',(180.999999761581,40.,0.));
#5491=CARTESIAN_POINT('',(180.999999761581,-40.,-4.89858719658941E-15));
#5492=CARTESIAN_POINT('Origin',(180.999999761581,0.,0.));
#5493=CARTESIAN_POINT('Origin',(173.000002577901,0.,70.));
#5494=CARTESIAN_POINT('',(168.000002503395,-6.12323408698006E-16,70.));
#5495=CARTESIAN_POINT('Origin',(173.000002577901,0.,70.));
#5496=CARTESIAN_POINT('Origin',(4.00000005960464,0.,110.));
#5497=CARTESIAN_POINT('',(4.00000005960464,5.,69.8212002188447));
#5498=CARTESIAN_POINT('',(-0.999999940395355,6.12323399573677E-16,70.));
#5499=CARTESIAN_POINT('Ctrl Pts',(4.00000005960464,5.,69.8212002188447));
#5500=CARTESIAN_POINT('Ctrl Pts',(4.62804095795147,5.,69.8212002188447));
#5501=CARTESIAN_POINT('Ctrl Pts',(5.29779743482923,4.87444207838142,69.8305463938379));
#5502=CARTESIAN_POINT('Ctrl Pts',(6.52963069276779,4.36410731211323,69.8642967649537));
#5503=CARTESIAN_POINT('Ctrl Pts',(7.09172566169428,3.97934220977584,69.8882129198975));
#5504=CARTESIAN_POINT('Ctrl Pts',(7.97934187795727,3.09172599351285,69.933101601403));
#5505=CARTESIAN_POINT('Ctrl Pts',(8.36410728168605,2.52963085038513,69.9569911099137));
#5506=CARTESIAN_POINT('Ctrl Pts',(8.87444228463154,1.29779702134999,69.9906805244749));
#5507=CARTESIAN_POINT('Ctrl Pts',(9.00000005960464,0.628040344436995,70.));
#5508=CARTESIAN_POINT('Ctrl Pts',(9.00000005960464,-0.628040344436995,70.));
#5509=CARTESIAN_POINT('Ctrl Pts',(8.87444228463154,-1.29779702134999,69.9906805244749));
#5510=CARTESIAN_POINT('Ctrl Pts',(8.36410728168605,-2.52963085038513,69.9569911099137));
#5511=CARTESIAN_POINT('Ctrl Pts',(7.97934187795727,-3.09172599351285,69.933101601403));
#5512=CARTESIAN_POINT('Ctrl Pts',(7.09172566169428,-3.97934220977584,69.8882129198975));
#5513=CARTESIAN_POINT('Ctrl Pts',(6.52963069276779,-4.36410731211323,69.8642967649537));
#5514=CARTESIAN_POINT('Ctrl Pts',(5.29779743482923,-4.87444207838142,69.8305463938379));
#5515=CARTESIAN_POINT('Ctrl Pts',(4.62804095795147,-5.,69.8212002188447));
#5516=CARTESIAN_POINT('Ctrl Pts',(3.37195916125781,-5.,69.8212002188447));
#5517=CARTESIAN_POINT('Ctrl Pts',(2.70220268438006,-4.87444207838142,69.8305463938379));
#5518=CARTESIAN_POINT('Ctrl Pts',(1.4703694264415,-4.36410731211323,69.8642967649537));
#5519=CARTESIAN_POINT('Ctrl Pts',(0.908274457515008,-3.97934220977584,69.8882129198975));
#5520=CARTESIAN_POINT('Ctrl Pts',(0.0206582412520162,-3.09172599351285,
69.933101601403));
#5521=CARTESIAN_POINT('Ctrl Pts',(-0.364107162476759,-2.52963085038513,
69.9569911099137));
#5522=CARTESIAN_POINT('Ctrl Pts',(-0.874442165422255,-1.29779702134999,
69.9906805244749));
#5523=CARTESIAN_POINT('Ctrl Pts',(-0.999999940395355,-0.628040344436995,
70.));
#5524=CARTESIAN_POINT('Ctrl Pts',(-0.999999940395355,-1.38777878078145E-16,
70.));
#5525=CARTESIAN_POINT('Ctrl Pts',(-0.999999940395355,-2.77555756156289E-16,
70.));
#5526=CARTESIAN_POINT('Ctrl Pts',(-0.999999940395355,0.628040344436994,
70.));
#5527=CARTESIAN_POINT('Ctrl Pts',(-0.874442165422255,1.29779702134999,69.9906805244749));
#5528=CARTESIAN_POINT('Ctrl Pts',(-0.364107162476759,2.52963085038513,69.9569911099137));
#5529=CARTESIAN_POINT('Ctrl Pts',(0.0206582412520154,3.09172599351285,69.933101601403));
#5530=CARTESIAN_POINT('Ctrl Pts',(0.908274457515007,3.97934220977584,69.8882129198975));
#5531=CARTESIAN_POINT('Ctrl Pts',(1.4703694264415,4.36410731211323,69.8642967649537));
#5532=CARTESIAN_POINT('Ctrl Pts',(2.70220268438006,4.87444207838142,69.8305463938379));
#5533=CARTESIAN_POINT('Ctrl Pts',(3.37195916125781,5.,69.8212002188447));
#5534=CARTESIAN_POINT('Ctrl Pts',(4.00000005960464,5.,69.8212002188447));
#5535=CARTESIAN_POINT('',(-0.999999940395355,-6.12323399573677E-16,62.));
#5536=CARTESIAN_POINT('',(-0.999999940395355,6.12323399573677E-16,110.));
#5537=CARTESIAN_POINT('Origin',(4.00000005960464,0.,62.));
#5538=CARTESIAN_POINT('Origin',(4.00000005960464,0.,62.));
#5539=CARTESIAN_POINT('',(0.,-4.89858726958405E-16,62.));
#5540=CARTESIAN_POINT('Origin',(4.00000005960464,0.,62.));
#5541=CARTESIAN_POINT('Origin',(173.000002577901,0.,110.));
#5542=CARTESIAN_POINT('',(168.000002503395,-6.12323408698006E-16,62.));
#5543=CARTESIAN_POINT('',(168.000002503395,6.12323408698006E-16,110.));
#5544=CARTESIAN_POINT('Origin',(173.000002577901,0.,62.));
#5545=CARTESIAN_POINT('Origin',(173.000002577901,0.,62.));
#5546=CARTESIAN_POINT('',(169.000002577901,-4.8985871965894E-16,62.));
#5547=CARTESIAN_POINT('Origin',(173.000002577901,0.,62.));
#5548=CARTESIAN_POINT('Origin',(173.000002577901,0.,110.));
#5549=CARTESIAN_POINT('',(169.000002577901,1.4245413234937E-15,40.));
#5550=CARTESIAN_POINT('',(169.000002577901,4.8985871965894E-16,110.));
#5551=CARTESIAN_POINT('',(173.000002577901,3.99999999999999,39.7994974842648));
#5552=CARTESIAN_POINT('Ctrl Pts',(173.000002577901,3.99999999999999,39.7994974842648));
#5553=CARTESIAN_POINT('Ctrl Pts',(172.497392148527,3.99999999999998,39.7994974842648));
#5554=CARTESIAN_POINT('Ctrl Pts',(171.961511144948,3.89948435669643,39.8099995189678));
#5555=CARTESIAN_POINT('Ctrl Pts',(170.976093976075,3.49116554889271,39.8478832922959));
#5556=CARTESIAN_POINT('Ctrl Pts',(170.526529054201,3.18338072579225,39.8747126928768));
#5557=CARTESIAN_POINT('Ctrl Pts',(169.816623060285,2.47347473187612,39.9250365945178));
#5558=CARTESIAN_POINT('Ctrl Pts',(169.508837294444,2.02390928029373,39.9518073446884));
#5559=CARTESIAN_POINT('Ctrl Pts',(169.100517782878,1.03849033723956,39.9895568454637));
#5560=CARTESIAN_POINT('Ctrl Pts',(169.000002577901,0.502608718609663,40.));
#5561=CARTESIAN_POINT('Ctrl Pts',(169.000002577901,6.93889390390723E-17,
40.));
#5562=CARTESIAN_POINT('Ctrl Pts',(169.000002577901,2.35922392732846E-15,
40.));
#5563=CARTESIAN_POINT('Ctrl Pts',(169.000002577901,-0.50260871860966,40.));
#5564=CARTESIAN_POINT('Ctrl Pts',(169.100517782878,-1.03849033723956,39.9895568454637));
#5565=CARTESIAN_POINT('Ctrl Pts',(169.508837294444,-2.02390928029373,39.9518073446884));
#5566=CARTESIAN_POINT('Ctrl Pts',(169.816623060285,-2.47347473187612,39.9250365945178));
#5567=CARTESIAN_POINT('Ctrl Pts',(170.526529054201,-3.18338072579225,39.8747126928768));
#5568=CARTESIAN_POINT('Ctrl Pts',(170.976093976075,-3.4911655488927,39.8478832922959));
#5569=CARTESIAN_POINT('Ctrl Pts',(171.961511144948,-3.89948435669643,39.8099995189678));
#5570=CARTESIAN_POINT('Ctrl Pts',(172.497392148527,-3.99999999999999,39.7994974842648));
#5571=CARTESIAN_POINT('Ctrl Pts',(173.502613007275,-3.99999999999999,39.7994974842648));
#5572=CARTESIAN_POINT('Ctrl Pts',(174.038494010854,-3.89948435669643,39.8099995189678));
#5573=CARTESIAN_POINT('Ctrl Pts',(175.023911179727,-3.49116554889271,39.8478832922959));
#5574=CARTESIAN_POINT('Ctrl Pts',(175.473476101601,-3.18338072579225,39.8747126928768));
#5575=CARTESIAN_POINT('Ctrl Pts',(176.183382095517,-2.47347473187613,39.9250365945178));
#5576=CARTESIAN_POINT('Ctrl Pts',(176.491167861357,-2.02390928029373,39.9518073446884));
#5577=CARTESIAN_POINT('Ctrl Pts',(176.899487372924,-1.03849033723956,39.9895568454637));
#5578=CARTESIAN_POINT('Ctrl Pts',(177.000002577901,-0.502608718609664,40.));
#5579=CARTESIAN_POINT('Ctrl Pts',(177.000002577901,0.502608718609662,40.));
#5580=CARTESIAN_POINT('Ctrl Pts',(176.899487372924,1.03849033723956,39.9895568454637));
#5581=CARTESIAN_POINT('Ctrl Pts',(176.491167861357,2.02390928029373,39.9518073446884));
#5582=CARTESIAN_POINT('Ctrl Pts',(176.183382095517,2.47347473187612,39.9250365945178));
#5583=CARTESIAN_POINT('Ctrl Pts',(175.473476101601,3.18338072579225,39.8747126928768));
#5584=CARTESIAN_POINT('Ctrl Pts',(175.023911179727,3.49116554889271,39.8478832922959));
#5585=CARTESIAN_POINT('Ctrl Pts',(174.038494010854,3.89948435669643,39.8099995189678));
#5586=CARTESIAN_POINT('Ctrl Pts',(173.502613007275,3.99999999999998,39.7994974842648));
#5587=CARTESIAN_POINT('Ctrl Pts',(173.000002577901,3.99999999999999,39.7994974842648));
#5588=CARTESIAN_POINT('Origin',(4.00000005960464,0.,110.));
#5589=CARTESIAN_POINT('',(1.56125112837913E-16,5.22485119635492E-16,42.0000005960464));
#5590=CARTESIAN_POINT('',(0.,4.89858726958405E-16,110.));
#5591=CARTESIAN_POINT('',(4.00000005960464,4.00000005960464,41.8090905137993));
#5592=CARTESIAN_POINT('Ctrl Pts',(4.00000005960464,4.00000005960464,41.8090905137993));
#5593=CARTESIAN_POINT('Ctrl Pts',(3.49742345148036,4.00000005960464,41.8090905137993));
#5594=CARTESIAN_POINT('Ctrl Pts',(2.96155682861107,3.89949760016863,41.8190862271079));
#5595=CARTESIAN_POINT('Ctrl Pts',(1.97613020138902,3.4911884607466,41.8551509060779));
#5596=CARTESIAN_POINT('Ctrl Pts',(1.52654415506866,3.1833984292501,41.8806948743509));
#5597=CARTESIAN_POINT('Ctrl Pts',(0.816602623505668,2.4734568976871,41.9286136067582));
#5598=CARTESIAN_POINT('Ctrl Pts',(0.508811818070013,2.0238704151033,41.9541069362573));
#5599=CARTESIAN_POINT('Ctrl Pts',(0.100502097836979,1.03844233046429,41.9900557012956));
#5600=CARTESIAN_POINT('Ctrl Pts',(1.28583965863604E-16,0.502575201997721,
42.0000005960464));
#5601=CARTESIAN_POINT('Ctrl Pts',(8.67361737988404E-17,2.77555756156289E-16,
42.0000005960464));
#5602=CARTESIAN_POINT('Ctrl Pts',(1.56125112837913E-16,5.55111512312578E-16,
42.0000005960464));
#5603=CARTESIAN_POINT('Ctrl Pts',(7.24295287083863E-17,-0.502575201997721,
42.0000005960464));
#5604=CARTESIAN_POINT('Ctrl Pts',(0.100502097836979,-1.03844233046429,41.9900557012956));
#5605=CARTESIAN_POINT('Ctrl Pts',(0.508811818070013,-2.0238704151033,41.9541069362573));
#5606=CARTESIAN_POINT('Ctrl Pts',(0.816602623505667,-2.4734568976871,41.9286136067582));
#5607=CARTESIAN_POINT('Ctrl Pts',(1.52654415506866,-3.1833984292501,41.8806948743509));
#5608=CARTESIAN_POINT('Ctrl Pts',(1.97613020138902,-3.4911884607466,41.8551509060779));
#5609=CARTESIAN_POINT('Ctrl Pts',(2.96155682861107,-3.89949760016863,41.8190862271079));
#5610=CARTESIAN_POINT('Ctrl Pts',(3.49742345148036,-4.00000005960464,41.8090905137993));
#5611=CARTESIAN_POINT('Ctrl Pts',(4.50257666772893,-4.00000005960464,41.8090905137993));
#5612=CARTESIAN_POINT('Ctrl Pts',(5.03844329059821,-3.89949760016864,41.8190862271079));
#5613=CARTESIAN_POINT('Ctrl Pts',(6.02386991782026,-3.4911884607466,41.8551509060779));
#5614=CARTESIAN_POINT('Ctrl Pts',(6.47345596414063,-3.1833984292501,41.8806948743509));
#5615=CARTESIAN_POINT('Ctrl Pts',(7.18339749570362,-2.4734568976871,41.9286136067582));
#5616=CARTESIAN_POINT('Ctrl Pts',(7.49118830113928,-2.0238704151033,41.9541069362573));
#5617=CARTESIAN_POINT('Ctrl Pts',(7.89949802137231,-1.03844233046429,41.9900557012956));
#5618=CARTESIAN_POINT('Ctrl Pts',(8.00000011920929,-0.502575201997722,42.0000005960464));
#5619=CARTESIAN_POINT('Ctrl Pts',(8.00000011920929,0.50257520199772,42.0000005960464));
#5620=CARTESIAN_POINT('Ctrl Pts',(7.89949802137231,1.03844233046429,41.9900557012956));
#5621=CARTESIAN_POINT('Ctrl Pts',(7.49118830113928,2.0238704151033,41.9541069362573));
#5622=CARTESIAN_POINT('Ctrl Pts',(7.18339749570362,2.4734568976871,41.9286136067582));
#5623=CARTESIAN_POINT('Ctrl Pts',(6.47345596414063,3.1833984292501,41.8806948743509));
#5624=CARTESIAN_POINT('Ctrl Pts',(6.02386991782026,3.4911884607466,41.8551509060779));
#5625=CARTESIAN_POINT('Ctrl Pts',(5.03844329059822,3.89949760016863,41.8190862271079));
#5626=CARTESIAN_POINT('Ctrl Pts',(4.50257666772893,4.00000005960464,41.8090905137993));
#5627=CARTESIAN_POINT('Ctrl Pts',(4.00000005960464,4.00000005960464,41.8090905137993));
#5628=CARTESIAN_POINT('Origin',(72.1317539723156,0.,0.));
#5629=CARTESIAN_POINT('',(-8.00000023841857,-42.0000005960464,-5.14351662941352E-15));
#5630=CARTESIAN_POINT('Origin',(-8.00000023841857,0.,0.));
#5631=CARTESIAN_POINT('',(152.26350806384,-42.0000005960464,-5.14351662941352E-15));
#5632=CARTESIAN_POINT('',(72.1317539723156,-42.0000005960464,-5.14351662941352E-15));
#5633=CARTESIAN_POINT('Origin',(152.26350806384,0.,0.));
#5634=CARTESIAN_POINT('Origin',(156.131755224013,0.,0.));
#5635=CARTESIAN_POINT('',(160.000002015109,-28.6,-3.50248984556143E-15));
#5636=CARTESIAN_POINT('',(156.131755224013,-35.2999999783933,-4.3230031983441E-15));
#5637=CARTESIAN_POINT('Origin',(160.000002015109,0.,0.));
#5638=CARTESIAN_POINT('Origin',(165.000002458692,28.6,0.));
#5639=CARTESIAN_POINT('',(165.000002458692,-40.,-4.89858719658941E-15));
#5640=CARTESIAN_POINT('Origin',(165.000002458692,0.,0.));
#5641=CARTESIAN_POINT('',(165.000002458692,-28.6,-3.50248984556143E-15));
#5642=CARTESIAN_POINT('Origin',(165.000002458692,0.,0.));
#5643=CARTESIAN_POINT('Origin',(161.500002406538,0.,0.));
#5644=CARTESIAN_POINT('',(161.500002406538,-28.6,-3.50248984556143E-15));
#5645=CARTESIAN_POINT('Origin',(-8.00000023841858,48.0000007152557,0.));
#5646=CARTESIAN_POINT('Origin',(3.99999976158142,0.,0.));
#5647=CARTESIAN_POINT('',(15.9999997615814,-70.,-8.57252759403147E-15));
#5648=CARTESIAN_POINT('Origin',(15.9999997615814,0.,0.));
#5649=CARTESIAN_POINT('',(3.99999976158142,-70.,-8.57252759403147E-15));
#5650=CARTESIAN_POINT('Origin',(15.9999997615814,48.,0.));
#5651=CARTESIAN_POINT('',(15.9999997615814,-48.,-5.8783046359073E-15));
#5652=CARTESIAN_POINT('Origin',(15.9999997615814,0.,0.));
#5653=CARTESIAN_POINT('Origin',(102.499999761581,0.,0.));
#5654=CARTESIAN_POINT('',(188.999999761581,-48.,-5.8783046359073E-15));
#5655=CARTESIAN_POINT('Origin',(188.999999761581,0.,0.));
#5656=CARTESIAN_POINT('',(102.499999761581,-48.,-5.8783046359073E-15));
#5657=CARTESIAN_POINT('Origin',(188.999999761581,18.,0.));
#5658=CARTESIAN_POINT('',(188.999999761581,-18.,-2.20436423846524E-15));
#5659=CARTESIAN_POINT('Origin',(188.999999761581,0.,0.));
#5660=CARTESIAN_POINT('Origin',(184.999999761581,0.,0.));
#5661=CARTESIAN_POINT('',(180.999999761581,-18.,-2.20436423846524E-15));
#5662=CARTESIAN_POINT('',(184.999999761581,-18.,-2.20436423846524E-15));
#5663=CARTESIAN_POINT('Origin',(180.999999761581,0.,0.));
#5664=CARTESIAN_POINT('Origin',(180.999999761581,40.,0.));
#5665=CARTESIAN_POINT('Origin',(173.000001110137,0.,0.));
#5666=CARTESIAN_POINT('',(173.000001110137,-40.,-4.89858719658941E-15));
#5667=CARTESIAN_POINT('',(0.,0.,0.));
#5668=CARTESIAN_POINT('Origin',(-26.65,1.13098599171477E-15,-1.30212668819163E-31));
#5669=CARTESIAN_POINT('',(-16.0000002384186,-35.,4.28626379701574E-15));
#5670=CARTESIAN_POINT('Origin',(-16.0000002384186,1.13098599171477E-15,
-1.30212668819163E-31));
#5671=CARTESIAN_POINT('',(-13.35,-35.,-4.28626379701574E-15));
#5672=CARTESIAN_POINT('',(-26.65,-35.,-4.28626379701574E-15));
#5673=CARTESIAN_POINT('Origin',(-13.35,1.13098599171477E-15,-1.30212668819163E-31));
#5674=CARTESIAN_POINT('Origin',(-26.65,1.13098599171477E-15,-1.30212668819163E-31));
#5675=CARTESIAN_POINT('',(-16.0000002384186,-39.6,-4.84960132462352E-15));
#5676=CARTESIAN_POINT('Origin',(-16.0000002384186,1.13098599171477E-15,
-1.30212668819163E-31));
#5677=CARTESIAN_POINT('',(-13.35,-39.6,-4.84960132462352E-15));
#5678=CARTESIAN_POINT('',(-26.65,-39.6,-4.84960132462352E-15));
#5679=CARTESIAN_POINT('Origin',(-13.35,1.13098599171477E-15,-1.30212668819163E-31));
#5680=CARTESIAN_POINT('Origin',(-13.35,1.13098599171477E-15,-1.30212668819163E-31));
#5681=CARTESIAN_POINT('Origin',(-16.0000002384186,48.0000007152557,0.));
#5682=CARTESIAN_POINT('',(-16.0000002384186,-70.,-8.57252759403147E-15));
#5683=CARTESIAN_POINT('Origin',(-16.0000002384186,0.,0.));
#5684=CARTESIAN_POINT('',(-16.0000002384186,-26.04758878008,50.8133742881208));
#5685=CARTESIAN_POINT('Origin',(-16.0000002384186,-21.04758878008,50.8133742881208));
#5686=CARTESIAN_POINT('',(-16.0000002384186,16.0475887800799,-50.8133742881208));
#5687=CARTESIAN_POINT('Origin',(-16.0000002384186,21.0475887800799,-50.8133742881208));
#5688=CARTESIAN_POINT('',(-16.0000002384186,16.0475887800799,50.8133742881208));
#5689=CARTESIAN_POINT('Origin',(-16.0000002384186,21.0475887800799,50.8133742881208));
#5690=CARTESIAN_POINT('',(-16.0000002384186,-26.0475887800799,-50.8133742881208));
#5691=CARTESIAN_POINT('Origin',(-16.0000002384186,-21.0475887800799,-50.8133742881208));
#5692=CARTESIAN_POINT('',(-16.0000002384186,-55.8133742881208,21.0475887800799));
#5693=CARTESIAN_POINT('Origin',(-16.0000002384186,-50.8133742881208,21.0475887800799));
#5694=CARTESIAN_POINT('',(-16.0000002384186,45.8133742881208,-21.0475887800799));
#5695=CARTESIAN_POINT('Origin',(-16.0000002384186,50.8133742881208,-21.0475887800799));
#5696=CARTESIAN_POINT('',(-16.0000002384186,45.8133742881208,21.0475887800799));
#5697=CARTESIAN_POINT('Origin',(-16.0000002384186,50.8133742881208,21.0475887800799));
#5698=CARTESIAN_POINT('',(-16.0000002384186,-55.8133742881208,-21.0475887800799));
#5699=CARTESIAN_POINT('Origin',(-16.0000002384186,-50.8133742881208,-21.0475887800799));
#5700=CARTESIAN_POINT('Origin',(16.,-50.8133742881208,-21.0475887800799));
#5701=CARTESIAN_POINT('',(-8.00000023841858,-55.8133742881208,-21.0475887800799));
#5702=CARTESIAN_POINT('Origin',(-8.00000023841858,-50.8133742881208,-21.0475887800799));
#5703=CARTESIAN_POINT('',(16.,-55.8133742881208,-21.0475887800799));
#5704=CARTESIAN_POINT('Origin',(16.,50.8133742881208,21.0475887800799));
#5705=CARTESIAN_POINT('',(-8.00000023841858,45.8133742881208,21.0475887800799));
#5706=CARTESIAN_POINT('Origin',(-8.00000023841858,50.8133742881208,21.0475887800799));
#5707=CARTESIAN_POINT('',(16.,45.8133742881208,21.0475887800799));
#5708=CARTESIAN_POINT('Origin',(16.,50.8133742881208,-21.0475887800799));
#5709=CARTESIAN_POINT('',(-8.00000023841858,45.8133742881208,-21.0475887800799));
#5710=CARTESIAN_POINT('Origin',(-8.00000023841858,50.8133742881208,-21.0475887800799));
#5711=CARTESIAN_POINT('',(16.,45.8133742881208,-21.0475887800799));
#5712=CARTESIAN_POINT('Origin',(16.,-50.8133742881208,21.0475887800799));
#5713=CARTESIAN_POINT('',(-8.00000023841858,-55.8133742881208,21.0475887800799));
#5714=CARTESIAN_POINT('Origin',(-8.00000023841858,-50.8133742881208,21.0475887800799));
#5715=CARTESIAN_POINT('',(16.,-55.8133742881208,21.0475887800799));
#5716=CARTESIAN_POINT('Origin',(16.,-21.0475887800799,-50.8133742881208));
#5717=CARTESIAN_POINT('',(-8.00000023841858,-26.0475887800799,-50.8133742881208));
#5718=CARTESIAN_POINT('Origin',(-8.00000023841858,-21.0475887800799,-50.8133742881208));
#5719=CARTESIAN_POINT('',(16.,-26.0475887800799,-50.8133742881208));
#5720=CARTESIAN_POINT('Origin',(16.,21.0475887800799,50.8133742881208));
#5721=CARTESIAN_POINT('',(-8.00000023841858,16.0475887800799,50.8133742881208));
#5722=CARTESIAN_POINT('Origin',(-8.00000023841858,21.0475887800799,50.8133742881208));
#5723=CARTESIAN_POINT('',(16.,16.0475887800799,50.8133742881208));
#5724=CARTESIAN_POINT('Origin',(16.,21.0475887800799,-50.8133742881208));
#5725=CARTESIAN_POINT('',(-8.00000023841858,16.0475887800799,-50.8133742881208));
#5726=CARTESIAN_POINT('Origin',(-8.00000023841858,21.0475887800799,-50.8133742881208));
#5727=CARTESIAN_POINT('',(16.,16.0475887800799,-50.8133742881208));
#5728=CARTESIAN_POINT('Origin',(16.,-21.04758878008,50.8133742881208));
#5729=CARTESIAN_POINT('',(-8.00000023841858,-26.04758878008,50.8133742881208));
#5730=CARTESIAN_POINT('Origin',(-8.00000023841858,-21.04758878008,50.8133742881208));
#5731=CARTESIAN_POINT('',(16.,-26.04758878008,50.8133742881208));
#5732=CARTESIAN_POINT('Origin',(128.000001847744,42.0951775601599,101.626748576242));
#5733=CARTESIAN_POINT('',(128.000001847744,16.3695742940388,34.2933964114368));
#5734=CARTESIAN_POINT('',(126.000001847744,14.5419704298734,35.1074222354289));
#5735=CARTESIAN_POINT('Ctrl Pts',(128.000001847744,16.3695742940388,34.2933964114368));
#5736=CARTESIAN_POINT('Ctrl Pts',(128.251176122015,16.3695742940388,34.2933964114368));
#5737=CARTESIAN_POINT('Ctrl Pts',(128.519060655628,16.3242418439202,34.3151507258328));
#5738=CARTESIAN_POINT('Ctrl Pts',(129.011805591997,16.1394606875814,34.4024454046066));
#5739=CARTESIAN_POINT('Ctrl Pts',(129.236669929084,15.9999595685119,34.4678525574804));
#5740=CARTESIAN_POINT('Ctrl Pts',(129.591760845091,15.6769590506564,34.6159576066571));
#5741=CARTESIAN_POINT('Ctrl Pts',(129.74567334212,15.4719052977473,34.7085129399863));
#5742=CARTESIAN_POINT('Ctrl Pts',(129.949795127394,15.0204673039396,34.9062499563987));
#5743=CARTESIAN_POINT('Ctrl Pts',(130.000001847744,14.7740251407665,35.0113020269644));
#5744=CARTESIAN_POINT('Ctrl Pts',(130.000001847744,14.3099157189803,35.2035424438934));
#5745=CARTESIAN_POINT('Ctrl Pts',(129.949795127394,14.0613717627557,35.3035203371686));
#5746=CARTESIAN_POINT('Ctrl Pts',(129.74567334212,13.6023357108523,35.4829140186785));
#5747=CARTESIAN_POINT('Ctrl Pts',(129.591760845091,13.3918943078304,35.5624624140363));
#5748=CARTESIAN_POINT('Ctrl Pts',(129.236669929084,13.0587723667271,35.6861321859378));
#5749=CARTESIAN_POINT('Ctrl Pts',(129.011805591997,12.9138803381148,35.7385245318798));
#5750=CARTESIAN_POINT('Ctrl Pts',(128.519060655628,12.7214936701098,35.80745788124));
#5751=CARTESIAN_POINT('Ctrl Pts',(128.251176122015,12.6740561639936,35.8241301408971));
#5752=CARTESIAN_POINT('Ctrl Pts',(127.748827573473,12.6740561639936,35.8241301408971));
#5753=CARTESIAN_POINT('Ctrl Pts',(127.48094303986,12.7214936701098,35.80745788124));
#5754=CARTESIAN_POINT('Ctrl Pts',(126.988198103491,12.9138803381148,35.7385245318798));
#5755=CARTESIAN_POINT('Ctrl Pts',(126.763333766404,13.0587723667271,35.6861321859378));
#5756=CARTESIAN_POINT('Ctrl Pts',(126.408242850397,13.3918943078304,35.5624624140363));
#5757=CARTESIAN_POINT('Ctrl Pts',(126.254330353368,13.6023357108522,35.4829140186785));
#5758=CARTESIAN_POINT('Ctrl Pts',(126.050208568094,14.0613717627557,35.3035203371686));
#5759=CARTESIAN_POINT('Ctrl Pts',(126.000001847744,14.3099157189803,35.2035424438934));
#5760=CARTESIAN_POINT('Ctrl Pts',(126.000001847744,14.5419704298734,35.1074222354289));
#5761=CARTESIAN_POINT('Ctrl Pts',(126.000001847744,14.5419704298734,35.1074222354289));
#5762=CARTESIAN_POINT('Ctrl Pts',(126.000001847744,14.7740251407665,35.0113020269644));
#5763=CARTESIAN_POINT('Ctrl Pts',(126.050208568094,15.0204673039396,34.9062499563987));
#5764=CARTESIAN_POINT('Ctrl Pts',(126.254330353368,15.4719052977473,34.7085129399863));
#5765=CARTESIAN_POINT('Ctrl Pts',(126.408242850397,15.6769590506564,34.6159576066572));
#5766=CARTESIAN_POINT('Ctrl Pts',(126.763333766404,15.9999595685119,34.4678525574804));
#5767=CARTESIAN_POINT('Ctrl Pts',(126.988198103491,16.1394606875814,34.4024454046066));
#5768=CARTESIAN_POINT('Ctrl Pts',(127.48094303986,16.3242418439202,34.3151507258328));
#5769=CARTESIAN_POINT('Ctrl Pts',(127.748827573473,16.3695742940388,34.2933964114368));
#5770=CARTESIAN_POINT('Ctrl Pts',(128.000001847744,16.3695742940388,34.2933964114368));
#5771=CARTESIAN_POINT('',(126.000001847744,13.2025784165956,31.8738438716394));
#5772=CARTESIAN_POINT('',(126.000001847744,42.0951775601599,101.626748576242));
#5773=CARTESIAN_POINT('',(128.000001847744,15.0281342648691,31.0548736999053));
#5774=CARTESIAN_POINT('Ctrl Pts',(128.000001847744,15.0281342648691,31.0548736999053));
#5775=CARTESIAN_POINT('Ctrl Pts',(127.748816928992,15.0281342648691,31.0548736999053));
#5776=CARTESIAN_POINT('Ctrl Pts',(127.48092782209,14.9829052082345,31.0768884901739));
#5777=CARTESIAN_POINT('Ctrl Pts',(126.988185823545,14.7985081039278,31.1651183952902));
#5778=CARTESIAN_POINT('Ctrl Pts',(126.763328154018,14.6592825123958,31.231186491714));
#5779=CARTESIAN_POINT('Ctrl Pts',(126.40824848455,14.3368064382242,31.3805282713217));
#5780=CARTESIAN_POINT('Ctrl Pts',(126.254337592781,14.1320323166062,31.4737412963575));
#5781=CARTESIAN_POINT('Ctrl Pts',(126.050212716701,13.6809826478938,31.6724082187515));
#5782=CARTESIAN_POINT('Ctrl Pts',(126.000001847744,13.4346429332502,31.7777196014955));
#5783=CARTESIAN_POINT('Ctrl Pts',(126.000001847744,13.2025784165956,31.8738438716394));
#5784=CARTESIAN_POINT('Ctrl Pts',(126.000001847744,13.2025784165956,31.8738438716394));
#5785=CARTESIAN_POINT('Ctrl Pts',(126.000001847744,12.970513899941,31.9699681417833));
#5786=CARTESIAN_POINT('Ctrl Pts',(126.050212716701,12.7218590243666,32.0696902316089));
#5787=CARTESIAN_POINT('Ctrl Pts',(126.254337592781,12.2624400169458,32.2481517829851));
#5788=CARTESIAN_POINT('Ctrl Pts',(126.40824848455,12.0517312848405,32.327037390895));
#5789=CARTESIAN_POINT('Ctrl Pts',(126.763328154018,11.7181056809482,32.4494618246371));
#5790=CARTESIAN_POINT('Ctrl Pts',(126.988185823545,11.57294112206,32.5011919855227));
#5791=CARTESIAN_POINT('Ctrl Pts',(127.48092782209,11.3801647149623,32.569192464198));
#5792=CARTESIAN_POINT('Ctrl Pts',(127.748816928992,11.332616134824,32.5856074293656));
#5793=CARTESIAN_POINT('Ctrl Pts',(128.251186766496,11.332616134824,32.5856074293656));
#5794=CARTESIAN_POINT('Ctrl Pts',(128.519075873398,11.3801647149623,32.569192464198));
#5795=CARTESIAN_POINT('Ctrl Pts',(129.011817871943,11.57294112206,32.5011919855227));
#5796=CARTESIAN_POINT('Ctrl Pts',(129.23667554147,11.7181056809482,32.4494618246371));
#5797=CARTESIAN_POINT('Ctrl Pts',(129.591755210938,12.0517312848405,32.327037390895));
#5798=CARTESIAN_POINT('Ctrl Pts',(129.745666102707,12.2624400169458,32.2481517829851));
#5799=CARTESIAN_POINT('Ctrl Pts',(129.949790978787,12.7218590243666,32.0696902316089));
#5800=CARTESIAN_POINT('Ctrl Pts',(130.000001847744,12.970513899941,31.9699681417833));
#5801=CARTESIAN_POINT('Ctrl Pts',(130.000001847744,13.4346429332502,31.7777196014955));
#5802=CARTESIAN_POINT('Ctrl Pts',(129.949790978787,13.6809826478938,31.6724082187515));
#5803=CARTESIAN_POINT('Ctrl Pts',(129.745666102707,14.1320323166062,31.4737412963575));
#5804=CARTESIAN_POINT('Ctrl Pts',(129.591755210938,14.3368064382242,31.3805282713217));
#5805=CARTESIAN_POINT('Ctrl Pts',(129.23667554147,14.6592825123958,31.231186491714));
#5806=CARTESIAN_POINT('Ctrl Pts',(129.011817871943,14.7985081039278,31.1651183952902));
#5807=CARTESIAN_POINT('Ctrl Pts',(128.519075873398,14.9829052082345,31.0768884901739));
#5808=CARTESIAN_POINT('Ctrl Pts',(128.251186766496,15.0281342648691,31.0548736999053));
#5809=CARTESIAN_POINT('Ctrl Pts',(128.000001847744,15.0281342648691,31.0548736999053));
#5810=CARTESIAN_POINT('Origin',(128.000001847744,77.7817459305202,77.7817459305202));
#5811=CARTESIAN_POINT('',(128.000001847744,28.2470292923706,25.4186021676244));
#5812=CARTESIAN_POINT('',(126.000001847744,26.8700576850888,26.8700576850888));
#5813=CARTESIAN_POINT('Ctrl Pts',(128.000001847744,28.2470292923706,25.4186021676244));
#5814=CARTESIAN_POINT('Ctrl Pts',(128.251176122015,28.2470292923706,25.4186021676244));
#5815=CARTESIAN_POINT('Ctrl Pts',(128.519060655628,28.2134725852492,25.4560485110476));
#5816=CARTESIAN_POINT('Ctrl Pts',(129.011805591997,28.0761632842144,25.6074109652079));
#5817=CARTESIAN_POINT('Ctrl Pts',(129.236669929084,27.9723112893067,25.7212240620921));
#5818=CARTESIAN_POINT('Ctrl Pts',(129.591760845091,27.730575070439,25.9816622325168));
#5819=CARTESIAN_POINT('Ctrl Pts',(129.74567334212,27.5765494977037,26.145642884587));
#5820=CARTESIAN_POINT('Ctrl Pts',(129.949795127394,27.2351458551731,26.5010859078405));
#5821=CARTESIAN_POINT('Ctrl Pts',(130.000001847744,27.0476646716109,26.6924506985667));
#5822=CARTESIAN_POINT('Ctrl Pts',(130.000001847744,26.6924506985667,27.0476646716109));
#5823=CARTESIAN_POINT('Ctrl Pts',(129.949795127394,26.5010859078406,27.2351458551731));
#5824=CARTESIAN_POINT('Ctrl Pts',(129.74567334212,26.145642884587,27.5765494977037));
#5825=CARTESIAN_POINT('Ctrl Pts',(129.591760845091,25.9816622325168,27.730575070439));
#5826=CARTESIAN_POINT('Ctrl Pts',(129.236669929084,25.7212240620921,27.9723112893067));
#5827=CARTESIAN_POINT('Ctrl Pts',(129.011805591997,25.6074109652079,28.0761632842144));
#5828=CARTESIAN_POINT('Ctrl Pts',(128.519060655628,25.4560485110476,28.2134725852492));
#5829=CARTESIAN_POINT('Ctrl Pts',(128.251176122015,25.4186021676244,28.2470292923706));
#5830=CARTESIAN_POINT('Ctrl Pts',(127.748827573473,25.4186021676244,28.2470292923706));
#5831=CARTESIAN_POINT('Ctrl Pts',(127.48094303986,25.4560485110476,28.2134725852492));
#5832=CARTESIAN_POINT('Ctrl Pts',(126.988198103491,25.6074109652079,28.0761632842144));
#5833=CARTESIAN_POINT('Ctrl Pts',(126.763333766404,25.7212240620921,27.9723112893067));
#5834=CARTESIAN_POINT('Ctrl Pts',(126.408242850397,25.9816622325168,27.730575070439));
#5835=CARTESIAN_POINT('Ctrl Pts',(126.254330353368,26.145642884587,27.5765494977037));
#5836=CARTESIAN_POINT('Ctrl Pts',(126.050208568094,26.5010859078405,27.2351458551731));
#5837=CARTESIAN_POINT('Ctrl Pts',(126.000001847744,26.6924506985667,27.0476646716109));
#5838=CARTESIAN_POINT('Ctrl Pts',(126.000001847744,26.8700576850888,26.8700576850888));
#5839=CARTESIAN_POINT('Ctrl Pts',(126.000001847744,26.8700576850888,26.8700576850888));
#5840=CARTESIAN_POINT('Ctrl Pts',(126.000001847744,27.0476646716109,26.6924506985667));
#5841=CARTESIAN_POINT('Ctrl Pts',(126.050208568094,27.2351458551731,26.5010859078405));
#5842=CARTESIAN_POINT('Ctrl Pts',(126.254330353368,27.5765494977037,26.145642884587));
#5843=CARTESIAN_POINT('Ctrl Pts',(126.408242850397,27.730575070439,25.9816622325168));
#5844=CARTESIAN_POINT('Ctrl Pts',(126.763333766404,27.9723112893067,25.7212240620921));
#5845=CARTESIAN_POINT('Ctrl Pts',(126.988198103491,28.0761632842144,25.6074109652079));
#5846=CARTESIAN_POINT('Ctrl Pts',(127.48094303986,28.2134725852492,25.4560485110476));
#5847=CARTESIAN_POINT('Ctrl Pts',(127.748827573473,28.2470292923706,25.4186021676244));
#5848=CARTESIAN_POINT('Ctrl Pts',(128.000001847744,28.2470292923706,25.4186021676244));
#5849=CARTESIAN_POINT('',(126.000001847744,24.3951839509359,24.3951839509359));
#5850=CARTESIAN_POINT('',(126.000001847744,77.7817459305202,77.7817459305202));
#5851=CARTESIAN_POINT('',(128.000001847744,25.7683713182882,22.939944193542));
#5852=CARTESIAN_POINT('Ctrl Pts',(128.000001847744,25.7683713182882,22.939944193542));
#5853=CARTESIAN_POINT('Ctrl Pts',(127.748816928992,25.7683713182882,22.939944193542));
#5854=CARTESIAN_POINT('Ctrl Pts',(127.48092782209,25.7350098140915,22.9775916183193));
#5855=CARTESIAN_POINT('Ctrl Pts',(126.988185823545,25.5984132264953,23.1296711386059));
#5856=CARTESIAN_POINT('Ctrl Pts',(126.763328154018,25.4950687179864,23.2439894278844));
#5857=CARTESIAN_POINT('Ctrl Pts',(126.40824848455,25.2542902981505,23.5053694923323));
#5858=CARTESIAN_POINT('Ctrl Pts',(126.254337592781,25.1007747587615,23.6698507620467));
#5859=CARTESIAN_POINT('Ctrl Pts',(126.050212716701,24.7600857414512,24.0260043008236));
#5860=CARTESIAN_POINT('Ctrl Pts',(126.000001847744,24.572798442463,24.2175694594088));
#5861=CARTESIAN_POINT('Ctrl Pts',(126.000001847744,24.3951839509359,24.3951839509359));
#5862=CARTESIAN_POINT('Ctrl Pts',(126.000001847744,24.3951839509359,24.3951839509359));
#5863=CARTESIAN_POINT('Ctrl Pts',(126.000001847744,24.2175694594088,24.5727984424629));
#5864=CARTESIAN_POINT('Ctrl Pts',(126.050212716701,24.0260043008236,24.7600857414512));
#5865=CARTESIAN_POINT('Ctrl Pts',(126.254337592781,23.6698507620467,25.1007747587615));
#5866=CARTESIAN_POINT('Ctrl Pts',(126.40824848455,23.5053694923323,25.2542902981505));
#5867=CARTESIAN_POINT('Ctrl Pts',(126.763328154018,23.2439894278844,25.4950687179864));
#5868=CARTESIAN_POINT('Ctrl Pts',(126.988185823545,23.129671138606,25.5984132264953));
#5869=CARTESIAN_POINT('Ctrl Pts',(127.48092782209,22.9775916183193,25.7350098140915));
#5870=CARTESIAN_POINT('Ctrl Pts',(127.748816928992,22.939944193542,25.7683713182882));
#5871=CARTESIAN_POINT('Ctrl Pts',(128.251186766496,22.939944193542,25.7683713182882));
#5872=CARTESIAN_POINT('Ctrl Pts',(128.519075873398,22.9775916183193,25.7350098140915));
#5873=CARTESIAN_POINT('Ctrl Pts',(129.011817871943,23.129671138606,25.5984132264953));
#5874=CARTESIAN_POINT('Ctrl Pts',(129.23667554147,23.2439894278844,25.4950687179864));
#5875=CARTESIAN_POINT('Ctrl Pts',(129.591755210938,23.5053694923323,25.2542902981505));
#5876=CARTESIAN_POINT('Ctrl Pts',(129.745666102707,23.6698507620467,25.1007747587615));
#5877=CARTESIAN_POINT('Ctrl Pts',(129.949790978787,24.0260043008236,24.7600857414512));
#5878=CARTESIAN_POINT('Ctrl Pts',(130.000001847744,24.2175694594088,24.5727984424629));
#5879=CARTESIAN_POINT('Ctrl Pts',(130.000001847744,24.572798442463,24.2175694594088));
#5880=CARTESIAN_POINT('Ctrl Pts',(129.949790978787,24.7600857414512,24.0260043008236));
#5881=CARTESIAN_POINT('Ctrl Pts',(129.745666102707,25.1007747587615,23.6698507620467));
#5882=CARTESIAN_POINT('Ctrl Pts',(129.591755210938,25.2542902981505,23.5053694923323));
#5883=CARTESIAN_POINT('Ctrl Pts',(129.23667554147,25.4950687179864,23.2439894278844));
#5884=CARTESIAN_POINT('Ctrl Pts',(129.011817871943,25.5984132264953,23.129671138606));
#5885=CARTESIAN_POINT('Ctrl Pts',(128.519075873398,25.7350098140915,22.9775916183193));
#5886=CARTESIAN_POINT('Ctrl Pts',(128.251186766496,25.7683713182882,22.939944193542));
#5887=CARTESIAN_POINT('Ctrl Pts',(128.000001847744,25.7683713182882,22.939944193542));
#5888=CARTESIAN_POINT('Origin',(128.000001847744,101.626748576242,42.0951775601599));
#5889=CARTESIAN_POINT('',(128.000001847744,35.8241301408971,12.6740561639936));
#5890=CARTESIAN_POINT('',(126.000001847744,35.1074222354289,14.5419704298734));
#5891=CARTESIAN_POINT('Ctrl Pts',(128.000001847744,35.8241301408971,12.6740561639936));
#5892=CARTESIAN_POINT('Ctrl Pts',(128.251176122015,35.8241301408971,12.6740561639936));
#5893=CARTESIAN_POINT('Ctrl Pts',(128.519060655628,35.80745788124,12.7214936701098));
#5894=CARTESIAN_POINT('Ctrl Pts',(129.011805591997,35.7385245318798,12.9138803381148));
#5895=CARTESIAN_POINT('Ctrl Pts',(129.236669929084,35.6861321859378,13.0587723667271));
#5896=CARTESIAN_POINT('Ctrl Pts',(129.591760845091,35.5624624140363,13.3918943078304));
#5897=CARTESIAN_POINT('Ctrl Pts',(129.74567334212,35.4829140186785,13.6023357108522));
#5898=CARTESIAN_POINT('Ctrl Pts',(129.949795127394,35.3035203371686,14.0613717627557));
#5899=CARTESIAN_POINT('Ctrl Pts',(130.000001847744,35.2035424438934,14.3099157189803));
#5900=CARTESIAN_POINT('Ctrl Pts',(130.000001847744,35.0113020269644,14.7740251407665));
#5901=CARTESIAN_POINT('Ctrl Pts',(129.949795127394,34.9062499563987,15.0204673039395));
#5902=CARTESIAN_POINT('Ctrl Pts',(129.74567334212,34.7085129399863,15.4719052977472));
#5903=CARTESIAN_POINT('Ctrl Pts',(129.591760845091,34.6159576066572,15.6769590506564));
#5904=CARTESIAN_POINT('Ctrl Pts',(129.236669929084,34.4678525574804,15.9999595685119));
#5905=CARTESIAN_POINT('Ctrl Pts',(129.011805591997,34.4024454046066,16.1394606875814));
#5906=CARTESIAN_POINT('Ctrl Pts',(128.519060655628,34.3151507258328,16.3242418439202));
#5907=CARTESIAN_POINT('Ctrl Pts',(128.251176122015,34.2933964114368,16.3695742940387));
#5908=CARTESIAN_POINT('Ctrl Pts',(127.748827573473,34.2933964114368,16.3695742940387));
#5909=CARTESIAN_POINT('Ctrl Pts',(127.48094303986,34.3151507258328,16.3242418439202));
#5910=CARTESIAN_POINT('Ctrl Pts',(126.988198103491,34.4024454046066,16.1394606875814));
#5911=CARTESIAN_POINT('Ctrl Pts',(126.763333766404,34.4678525574804,15.9999595685119));
#5912=CARTESIAN_POINT('Ctrl Pts',(126.408242850397,34.6159576066572,15.6769590506564));
#5913=CARTESIAN_POINT('Ctrl Pts',(126.254330353368,34.7085129399863,15.4719052977473));
#5914=CARTESIAN_POINT('Ctrl Pts',(126.050208568094,34.9062499563987,15.0204673039396));
#5915=CARTESIAN_POINT('Ctrl Pts',(126.000001847744,35.0113020269644,14.7740251407665));
#5916=CARTESIAN_POINT('Ctrl Pts',(126.000001847744,35.1074222354289,14.5419704298734));
#5917=CARTESIAN_POINT('Ctrl Pts',(126.000001847744,35.1074222354289,14.5419704298734));
#5918=CARTESIAN_POINT('Ctrl Pts',(126.000001847744,35.2035424438934,14.3099157189803));
#5919=CARTESIAN_POINT('Ctrl Pts',(126.050208568094,35.3035203371686,14.0613717627557));
#5920=CARTESIAN_POINT('Ctrl Pts',(126.254330353368,35.4829140186785,13.6023357108522));
#5921=CARTESIAN_POINT('Ctrl Pts',(126.408242850397,35.5624624140363,13.3918943078304));
#5922=CARTESIAN_POINT('Ctrl Pts',(126.763333766404,35.6861321859378,13.0587723667271));
#5923=CARTESIAN_POINT('Ctrl Pts',(126.988198103491,35.7385245318798,12.9138803381148));
#5924=CARTESIAN_POINT('Ctrl Pts',(127.48094303986,35.80745788124,12.7214936701098));
#5925=CARTESIAN_POINT('Ctrl Pts',(127.748827573473,35.8241301408971,12.6740561639936));
#5926=CARTESIAN_POINT('Ctrl Pts',(128.000001847744,35.8241301408971,12.6740561639936));
#5927=CARTESIAN_POINT('',(126.000001847744,31.8738438716394,13.2025784165956));
#5928=CARTESIAN_POINT('',(126.000001847744,101.626748576242,42.0951775601599));
#5929=CARTESIAN_POINT('',(128.000001847744,32.5856074293656,11.332616134824));
#5930=CARTESIAN_POINT('Ctrl Pts',(128.000001847744,32.5856074293656,11.332616134824));
#5931=CARTESIAN_POINT('Ctrl Pts',(127.748816928992,32.5856074293656,11.332616134824));
#5932=CARTESIAN_POINT('Ctrl Pts',(127.48092782209,32.569192464198,11.3801647149623));
#5933=CARTESIAN_POINT('Ctrl Pts',(126.988185823545,32.5011919855227,11.5729411220599));
#5934=CARTESIAN_POINT('Ctrl Pts',(126.763328154018,32.4494618246371,11.7181056809482));
#5935=CARTESIAN_POINT('Ctrl Pts',(126.40824848455,32.327037390895,12.0517312848405));
#5936=CARTESIAN_POINT('Ctrl Pts',(126.254337592781,32.2481517829851,12.2624400169458));
#5937=CARTESIAN_POINT('Ctrl Pts',(126.050212716701,32.0696902316089,12.7218590243666));
#5938=CARTESIAN_POINT('Ctrl Pts',(126.000001847744,31.9699681417833,12.970513899941));
#5939=CARTESIAN_POINT('Ctrl Pts',(126.000001847744,31.8738438716394,13.2025784165956));
#5940=CARTESIAN_POINT('Ctrl Pts',(126.000001847744,31.8738438716394,13.2025784165956));
#5941=CARTESIAN_POINT('Ctrl Pts',(126.000001847744,31.7777196014955,13.4346429332502));
#5942=CARTESIAN_POINT('Ctrl Pts',(126.050212716701,31.6724082187515,13.6809826478938));
#5943=CARTESIAN_POINT('Ctrl Pts',(126.254337592781,31.4737412963575,14.1320323166062));
#5944=CARTESIAN_POINT('Ctrl Pts',(126.40824848455,31.3805282713217,14.3368064382242));
#5945=CARTESIAN_POINT('Ctrl Pts',(126.763328154018,31.231186491714,14.6592825123958));
#5946=CARTESIAN_POINT('Ctrl Pts',(126.988185823545,31.1651183952902,14.7985081039278));
#5947=CARTESIAN_POINT('Ctrl Pts',(127.48092782209,31.0768884901739,14.9829052082345));
#5948=CARTESIAN_POINT('Ctrl Pts',(127.748816928992,31.0548736999053,15.0281342648691));
#5949=CARTESIAN_POINT('Ctrl Pts',(128.251186766496,31.0548736999053,15.0281342648691));
#5950=CARTESIAN_POINT('Ctrl Pts',(128.519075873398,31.0768884901739,14.9829052082345));
#5951=CARTESIAN_POINT('Ctrl Pts',(129.011817871943,31.1651183952902,14.7985081039278));
#5952=CARTESIAN_POINT('Ctrl Pts',(129.23667554147,31.231186491714,14.6592825123958));
#5953=CARTESIAN_POINT('Ctrl Pts',(129.591755210938,31.3805282713217,14.3368064382242));
#5954=CARTESIAN_POINT('Ctrl Pts',(129.745666102707,31.4737412963575,14.1320323166062));
#5955=CARTESIAN_POINT('Ctrl Pts',(129.949790978787,31.6724082187515,13.6809826478938));
#5956=CARTESIAN_POINT('Ctrl Pts',(130.000001847744,31.7777196014955,13.4346429332502));
#5957=CARTESIAN_POINT('Ctrl Pts',(130.000001847744,31.9699681417833,12.970513899941));
#5958=CARTESIAN_POINT('Ctrl Pts',(129.949790978787,32.0696902316089,12.7218590243666));
#5959=CARTESIAN_POINT('Ctrl Pts',(129.745666102707,32.2481517829851,12.2624400169458));
#5960=CARTESIAN_POINT('Ctrl Pts',(129.591755210938,32.327037390895,12.0517312848405));
#5961=CARTESIAN_POINT('Ctrl Pts',(129.23667554147,32.4494618246371,11.7181056809482));
#5962=CARTESIAN_POINT('Ctrl Pts',(129.011817871943,32.5011919855227,11.5729411220599));
#5963=CARTESIAN_POINT('Ctrl Pts',(128.519075873398,32.569192464198,11.3801647149623));
#5964=CARTESIAN_POINT('Ctrl Pts',(128.251186766496,32.5856074293656,11.332616134824));
#5965=CARTESIAN_POINT('Ctrl Pts',(128.000001847744,32.5856074293656,11.332616134824));
#5966=CARTESIAN_POINT('Origin',(128.000001847744,110.,-2.02066721859313E-14));
#5967=CARTESIAN_POINT('',(128.000001847744,37.9473319220206,-2.));
#5968=CARTESIAN_POINT('',(126.000001847744,38.,-7.22541611496938E-15));
#5969=CARTESIAN_POINT('Ctrl Pts',(128.000001847744,37.9473319220206,-2.));
#5970=CARTESIAN_POINT('Ctrl Pts',(128.251176122015,37.9473319220206,-2.));
#5971=CARTESIAN_POINT('Ctrl Pts',(128.519060655628,37.950082310226,-1.94979326147503));
#5972=CARTESIAN_POINT('Ctrl Pts',(129.011805591997,37.9600193900981,-1.74567150583953));
#5973=CARTESIAN_POINT('Ctrl Pts',(129.236669929084,37.9670629528537,-1.59175904340581));
#5974=CARTESIAN_POINT('Ctrl Pts',(129.591760845091,37.9802872296211,-1.23666812739901));
#5975=CARTESIAN_POINT('Ctrl Pts',(129.74567334212,37.987326533726,-1.01180376937952));
#5976=CARTESIAN_POINT('Ctrl Pts',(129.949795127394,37.9972538750389,-0.519058766556325));
#5977=CARTESIAN_POINT('Ctrl Pts',(130.000001847744,38.,-0.251174209111812));
#5978=CARTESIAN_POINT('Ctrl Pts',(130.000001847744,38.,0.251174209111798));
#5979=CARTESIAN_POINT('Ctrl Pts',(129.949795127394,37.9972538750389,0.519058766556311));
#5980=CARTESIAN_POINT('Ctrl Pts',(129.74567334212,37.987326533726,1.01180376937951));
#5981=CARTESIAN_POINT('Ctrl Pts',(129.591760845091,37.9802872296211,1.23666812739899));
#5982=CARTESIAN_POINT('Ctrl Pts',(129.236669929084,37.9670629528537,1.5917590434058));
#5983=CARTESIAN_POINT('Ctrl Pts',(129.011805591997,37.9600193900981,1.74567150583952));
#5984=CARTESIAN_POINT('Ctrl Pts',(128.519060655628,37.950082310226,1.94979326147502));
#5985=CARTESIAN_POINT('Ctrl Pts',(128.251176122015,37.9473319220206,1.99999999999999));
#5986=CARTESIAN_POINT('Ctrl Pts',(127.748827573473,37.9473319220206,1.99999999999999));
#5987=CARTESIAN_POINT('Ctrl Pts',(127.48094303986,37.950082310226,1.94979326147502));
#5988=CARTESIAN_POINT('Ctrl Pts',(126.988198103491,37.9600193900981,1.74567150583952));
#5989=CARTESIAN_POINT('Ctrl Pts',(126.763333766404,37.9670629528537,1.5917590434058));
#5990=CARTESIAN_POINT('Ctrl Pts',(126.408242850397,37.9802872296211,1.23666812739899));
#5991=CARTESIAN_POINT('Ctrl Pts',(126.254330353368,37.987326533726,1.01180376937951));
#5992=CARTESIAN_POINT('Ctrl Pts',(126.050208568094,37.9972538750389,0.519058766556312));
#5993=CARTESIAN_POINT('Ctrl Pts',(126.000001847744,38.,0.251174209111798));
#5994=CARTESIAN_POINT('Ctrl Pts',(126.000001847744,38.,-6.31439345255558E-15));
#5995=CARTESIAN_POINT('Ctrl Pts',(126.000001847744,38.,-7.91033905045424E-15));
#5996=CARTESIAN_POINT('Ctrl Pts',(126.000001847744,38.,-0.251174209111813));
#5997=CARTESIAN_POINT('Ctrl Pts',(126.050208568094,37.9972538750389,-0.519058766556326));
#5998=CARTESIAN_POINT('Ctrl Pts',(126.254330353368,37.987326533726,-1.01180376937952));
#5999=CARTESIAN_POINT('Ctrl Pts',(126.408242850397,37.9802872296211,-1.23666812739901));
#6000=CARTESIAN_POINT('Ctrl Pts',(126.763333766404,37.9670629528537,-1.59175904340581));
#6001=CARTESIAN_POINT('Ctrl Pts',(126.988198103491,37.9600193900981,-1.74567150583953));
#6002=CARTESIAN_POINT('Ctrl Pts',(127.48094303986,37.950082310226,-1.94979326147503));
#6003=CARTESIAN_POINT('Ctrl Pts',(127.748827573473,37.9473319220206,-2.));
#6004=CARTESIAN_POINT('Ctrl Pts',(128.000001847744,37.9473319220206,-2.));
#6005=CARTESIAN_POINT('',(126.000001847744,34.5,-6.96885204177934E-15));
#6006=CARTESIAN_POINT('',(126.000001847744,110.,-2.04516015457608E-14));
#6007=CARTESIAN_POINT('',(128.000001847744,34.4419801985891,-2.));
#6008=CARTESIAN_POINT('Ctrl Pts',(128.000001847744,34.4419801985891,-2.));
#6009=CARTESIAN_POINT('Ctrl Pts',(127.748816928992,34.4419801985891,-2.));
#6010=CARTESIAN_POINT('Ctrl Pts',(127.48092782209,34.4450108020952,-1.94978910479773));
#6011=CARTESIAN_POINT('Ctrl Pts',(126.988185823545,34.4559588887933,-1.74566427134722));
#6012=CARTESIAN_POINT('Ctrl Pts',(126.763328154018,34.4637185235907,-1.59175343101977));
#6013=CARTESIAN_POINT('Ctrl Pts',(126.40824848455,34.4782860861994,-1.23667376155225));
#6014=CARTESIAN_POINT('Ctrl Pts',(126.254337592781,34.4860400284732,-1.01181606143955));
#6015=CARTESIAN_POINT('Ctrl Pts',(126.050212716701,34.49697509647,-0.519073964611018));
#6016=CARTESIAN_POINT('Ctrl Pts',(126.000001847744,34.5,-0.251184822791581));
#6017=CARTESIAN_POINT('Ctrl Pts',(126.000001847744,34.5,-6.24500451351651E-15));
#6018=CARTESIAN_POINT('Ctrl Pts',(126.000001847744,34.5,-7.21644966006352E-15));
#6019=CARTESIAN_POINT('Ctrl Pts',(126.000001847744,34.5,0.251184822791568));
#6020=CARTESIAN_POINT('Ctrl Pts',(126.050212716701,34.49697509647,0.519073964611005));
#6021=CARTESIAN_POINT('Ctrl Pts',(126.254337592781,34.4860400284732,1.01181606143953));
#6022=CARTESIAN_POINT('Ctrl Pts',(126.40824848455,34.4782860861994,1.23667376155223));
#6023=CARTESIAN_POINT('Ctrl Pts',(126.763328154018,34.4637185235907,1.59175343101976));
#6024=CARTESIAN_POINT('Ctrl Pts',(126.988185823545,34.4559588887933,1.7456642713472));
#6025=CARTESIAN_POINT('Ctrl Pts',(127.48092782209,34.4450108020952,1.94978910479772));
#6026=CARTESIAN_POINT('Ctrl Pts',(127.748816928992,34.4419801985891,1.99999999999999));
#6027=CARTESIAN_POINT('Ctrl Pts',(128.251186766496,34.4419801985891,1.99999999999999));
#6028=CARTESIAN_POINT('Ctrl Pts',(128.519075873398,34.4450108020952,1.94978910479772));
#6029=CARTESIAN_POINT('Ctrl Pts',(129.011817871943,34.4559588887933,1.7456642713472));
#6030=CARTESIAN_POINT('Ctrl Pts',(129.23667554147,34.4637185235907,1.59175343101976));
#6031=CARTESIAN_POINT('Ctrl Pts',(129.591755210938,34.4782860861994,1.23667376155224));
#6032=CARTESIAN_POINT('Ctrl Pts',(129.745666102707,34.4860400284732,1.01181606143953));
#6033=CARTESIAN_POINT('Ctrl Pts',(129.949790978787,34.49697509647,0.519073964611006));
#6034=CARTESIAN_POINT('Ctrl Pts',(130.000001847744,34.5,0.251184822791569));
#6035=CARTESIAN_POINT('Ctrl Pts',(130.000001847744,34.5,-0.251184822791581));
#6036=CARTESIAN_POINT('Ctrl Pts',(129.949790978787,34.49697509647,-0.519073964611018));
#6037=CARTESIAN_POINT('Ctrl Pts',(129.745666102707,34.4860400284732,-1.01181606143955));
#6038=CARTESIAN_POINT('Ctrl Pts',(129.591755210938,34.4782860861994,-1.23667376155225));
#6039=CARTESIAN_POINT('Ctrl Pts',(129.23667554147,34.4637185235907,-1.59175343101977));
#6040=CARTESIAN_POINT('Ctrl Pts',(129.011817871943,34.4559588887933,-1.74566427134722));
#6041=CARTESIAN_POINT('Ctrl Pts',(128.519075873398,34.4450108020952,-1.94978910479773));
#6042=CARTESIAN_POINT('Ctrl Pts',(128.251186766496,34.4419801985891,-2.));
#6043=CARTESIAN_POINT('Ctrl Pts',(128.000001847744,34.4419801985891,-2.));
#6044=CARTESIAN_POINT('Origin',(128.000001847744,101.626748576242,-42.0951775601599));
#6045=CARTESIAN_POINT('',(128.000001847744,34.2933964114368,-16.3695742940387));
#6046=CARTESIAN_POINT('',(126.000001847744,35.1074222354289,-14.5419704298734));
#6047=CARTESIAN_POINT('Ctrl Pts',(128.000001847744,34.2933964114368,-16.3695742940387));
#6048=CARTESIAN_POINT('Ctrl Pts',(128.251176122015,34.2933964114368,-16.3695742940387));
#6049=CARTESIAN_POINT('Ctrl Pts',(128.519060655628,34.3151507258328,-16.3242418439202));
#6050=CARTESIAN_POINT('Ctrl Pts',(129.011805591997,34.4024454046066,-16.1394606875814));
#6051=CARTESIAN_POINT('Ctrl Pts',(129.236669929084,34.4678525574804,-15.9999595685119));
#6052=CARTESIAN_POINT('Ctrl Pts',(129.591760845091,34.6159576066572,-15.6769590506564));
#6053=CARTESIAN_POINT('Ctrl Pts',(129.74567334212,34.7085129399863,-15.4719052977473));
#6054=CARTESIAN_POINT('Ctrl Pts',(129.949795127394,34.9062499563987,-15.0204673039396));
#6055=CARTESIAN_POINT('Ctrl Pts',(130.000001847744,35.0113020269644,-14.7740251407665));
#6056=CARTESIAN_POINT('Ctrl Pts',(130.000001847744,35.2035424438934,-14.3099157189803));
#6057=CARTESIAN_POINT('Ctrl Pts',(129.949795127394,35.3035203371686,-14.0613717627557));
#6058=CARTESIAN_POINT('Ctrl Pts',(129.74567334212,35.4829140186785,-13.6023357108522));
#6059=CARTESIAN_POINT('Ctrl Pts',(129.591760845091,35.5624624140363,-13.3918943078304));
#6060=CARTESIAN_POINT('Ctrl Pts',(129.236669929084,35.6861321859378,-13.0587723667271));
#6061=CARTESIAN_POINT('Ctrl Pts',(129.011805591997,35.7385245318798,-12.9138803381148));
#6062=CARTESIAN_POINT('Ctrl Pts',(128.519060655628,35.80745788124,-12.7214936701098));
#6063=CARTESIAN_POINT('Ctrl Pts',(128.251176122015,35.8241301408971,-12.6740561639936));
#6064=CARTESIAN_POINT('Ctrl Pts',(127.748827573473,35.8241301408971,-12.6740561639936));
#6065=CARTESIAN_POINT('Ctrl Pts',(127.48094303986,35.80745788124,-12.7214936701098));
#6066=CARTESIAN_POINT('Ctrl Pts',(126.988198103491,35.7385245318798,-12.9138803381148));
#6067=CARTESIAN_POINT('Ctrl Pts',(126.763333766404,35.6861321859378,-13.0587723667271));
#6068=CARTESIAN_POINT('Ctrl Pts',(126.408242850397,35.5624624140363,-13.3918943078304));
#6069=CARTESIAN_POINT('Ctrl Pts',(126.254330353368,35.4829140186785,-13.6023357108522));
#6070=CARTESIAN_POINT('Ctrl Pts',(126.050208568094,35.3035203371686,-14.0613717627557));
#6071=CARTESIAN_POINT('Ctrl Pts',(126.000001847744,35.2035424438934,-14.3099157189803));
#6072=CARTESIAN_POINT('Ctrl Pts',(126.000001847744,35.1074222354289,-14.5419704298734));
#6073=CARTESIAN_POINT('Ctrl Pts',(126.000001847744,35.1074222354289,-14.5419704298734));
#6074=CARTESIAN_POINT('Ctrl Pts',(126.000001847744,35.0113020269644,-14.7740251407665));
#6075=CARTESIAN_POINT('Ctrl Pts',(126.050208568094,34.9062499563987,-15.0204673039396));
#6076=CARTESIAN_POINT('Ctrl Pts',(126.254330353368,34.7085129399863,-15.4719052977473));
#6077=CARTESIAN_POINT('Ctrl Pts',(126.408242850397,34.6159576066572,-15.6769590506564));
#6078=CARTESIAN_POINT('Ctrl Pts',(126.763333766404,34.4678525574804,-15.9999595685119));
#6079=CARTESIAN_POINT('Ctrl Pts',(126.988198103491,34.4024454046066,-16.1394606875814));
#6080=CARTESIAN_POINT('Ctrl Pts',(127.48094303986,34.3151507258328,-16.3242418439202));
#6081=CARTESIAN_POINT('Ctrl Pts',(127.748827573473,34.2933964114368,-16.3695742940387));
#6082=CARTESIAN_POINT('Ctrl Pts',(128.000001847744,34.2933964114368,-16.3695742940387));
#6083=CARTESIAN_POINT('',(126.000001847744,31.8738438716394,-13.2025784165956));
#6084=CARTESIAN_POINT('',(126.000001847744,101.626748576242,-42.0951775601599));
#6085=CARTESIAN_POINT('',(128.000001847744,31.0548736999053,-15.0281342648691));
#6086=CARTESIAN_POINT('Ctrl Pts',(128.000001847744,31.0548736999053,-15.0281342648691));
#6087=CARTESIAN_POINT('Ctrl Pts',(127.748816928992,31.0548736999053,-15.0281342648691));
#6088=CARTESIAN_POINT('Ctrl Pts',(127.48092782209,31.0768884901739,-14.9829052082345));
#6089=CARTESIAN_POINT('Ctrl Pts',(126.988185823545,31.1651183952902,-14.7985081039278));
#6090=CARTESIAN_POINT('Ctrl Pts',(126.763328154018,31.231186491714,-14.6592825123958));
#6091=CARTESIAN_POINT('Ctrl Pts',(126.40824848455,31.3805282713217,-14.3368064382242));
#6092=CARTESIAN_POINT('Ctrl Pts',(126.254337592781,31.4737412963575,-14.1320323166062));
#6093=CARTESIAN_POINT('Ctrl Pts',(126.050212716701,31.6724082187515,-13.6809826478938));
#6094=CARTESIAN_POINT('Ctrl Pts',(126.000001847744,31.7777196014955,-13.4346429332502));
#6095=CARTESIAN_POINT('Ctrl Pts',(126.000001847744,31.8738438716394,-13.2025784165956));
#6096=CARTESIAN_POINT('Ctrl Pts',(126.000001847744,31.8738438716394,-13.2025784165956));
#6097=CARTESIAN_POINT('Ctrl Pts',(126.000001847744,31.9699681417833,-12.970513899941));
#6098=CARTESIAN_POINT('Ctrl Pts',(126.050212716701,32.0696902316089,-12.7218590243666));
#6099=CARTESIAN_POINT('Ctrl Pts',(126.254337592781,32.2481517829851,-12.2624400169458));
#6100=CARTESIAN_POINT('Ctrl Pts',(126.40824848455,32.327037390895,-12.0517312848405));
#6101=CARTESIAN_POINT('Ctrl Pts',(126.763328154018,32.4494618246371,-11.7181056809482));
#6102=CARTESIAN_POINT('Ctrl Pts',(126.988185823545,32.5011919855227,-11.57294112206));
#6103=CARTESIAN_POINT('Ctrl Pts',(127.48092782209,32.569192464198,-11.3801647149623));
#6104=CARTESIAN_POINT('Ctrl Pts',(127.748816928992,32.5856074293656,-11.332616134824));
#6105=CARTESIAN_POINT('Ctrl Pts',(128.251186766496,32.5856074293656,-11.332616134824));
#6106=CARTESIAN_POINT('Ctrl Pts',(128.519075873398,32.569192464198,-11.3801647149623));
#6107=CARTESIAN_POINT('Ctrl Pts',(129.011817871943,32.5011919855227,-11.57294112206));
#6108=CARTESIAN_POINT('Ctrl Pts',(129.23667554147,32.4494618246371,-11.7181056809482));
#6109=CARTESIAN_POINT('Ctrl Pts',(129.591755210938,32.327037390895,-12.0517312848405));
#6110=CARTESIAN_POINT('Ctrl Pts',(129.745666102707,32.2481517829851,-12.2624400169458));
#6111=CARTESIAN_POINT('Ctrl Pts',(129.949790978787,32.0696902316089,-12.7218590243666));
#6112=CARTESIAN_POINT('Ctrl Pts',(130.000001847744,31.9699681417833,-12.970513899941));
#6113=CARTESIAN_POINT('Ctrl Pts',(130.000001847744,31.7777196014955,-13.4346429332502));
#6114=CARTESIAN_POINT('Ctrl Pts',(129.949790978787,31.6724082187515,-13.6809826478938));
#6115=CARTESIAN_POINT('Ctrl Pts',(129.745666102707,31.4737412963575,-14.1320323166062));
#6116=CARTESIAN_POINT('Ctrl Pts',(129.591755210938,31.3805282713217,-14.3368064382242));
#6117=CARTESIAN_POINT('Ctrl Pts',(129.23667554147,31.231186491714,-14.6592825123958));
#6118=CARTESIAN_POINT('Ctrl Pts',(129.011817871943,31.1651183952902,-14.7985081039278));
#6119=CARTESIAN_POINT('Ctrl Pts',(128.519075873398,31.0768884901739,-14.9829052082345));
#6120=CARTESIAN_POINT('Ctrl Pts',(128.251186766496,31.0548736999053,-15.0281342648691));
#6121=CARTESIAN_POINT('Ctrl Pts',(128.000001847744,31.0548736999053,-15.0281342648691));
#6122=CARTESIAN_POINT('Origin',(128.000001847744,77.7817459305202,-77.7817459305202));
#6123=CARTESIAN_POINT('',(128.000001847744,25.4186021676244,-28.2470292923706));
#6124=CARTESIAN_POINT('',(126.000001847744,26.8700576850888,-26.8700576850888));
#6125=CARTESIAN_POINT('Ctrl Pts',(128.000001847744,25.4186021676244,-28.2470292923706));
#6126=CARTESIAN_POINT('Ctrl Pts',(128.251176122015,25.4186021676244,-28.2470292923706));
#6127=CARTESIAN_POINT('Ctrl Pts',(128.519060655628,25.4560485110476,-28.2134725852492));
#6128=CARTESIAN_POINT('Ctrl Pts',(129.011805591997,25.6074109652079,-28.0761632842144));
#6129=CARTESIAN_POINT('Ctrl Pts',(129.236669929084,25.7212240620921,-27.9723112893067));
#6130=CARTESIAN_POINT('Ctrl Pts',(129.591760845091,25.9816622325168,-27.730575070439));
#6131=CARTESIAN_POINT('Ctrl Pts',(129.74567334212,26.145642884587,-27.5765494977037));
#6132=CARTESIAN_POINT('Ctrl Pts',(129.949795127394,26.5010859078405,-27.2351458551731));
#6133=CARTESIAN_POINT('Ctrl Pts',(130.000001847744,26.6924506985667,-27.0476646716109));
#6134=CARTESIAN_POINT('Ctrl Pts',(130.000001847744,27.0476646716109,-26.6924506985667));
#6135=CARTESIAN_POINT('Ctrl Pts',(129.949795127394,27.2351458551731,-26.5010859078406));
#6136=CARTESIAN_POINT('Ctrl Pts',(129.74567334212,27.5765494977037,-26.145642884587));
#6137=CARTESIAN_POINT('Ctrl Pts',(129.591760845091,27.730575070439,-25.9816622325168));
#6138=CARTESIAN_POINT('Ctrl Pts',(129.236669929084,27.9723112893067,-25.7212240620921));
#6139=CARTESIAN_POINT('Ctrl Pts',(129.011805591997,28.0761632842144,-25.6074109652079));
#6140=CARTESIAN_POINT('Ctrl Pts',(128.519060655628,28.2134725852492,-25.4560485110476));
#6141=CARTESIAN_POINT('Ctrl Pts',(128.251176122015,28.2470292923706,-25.4186021676244));
#6142=CARTESIAN_POINT('Ctrl Pts',(127.748827573473,28.2470292923706,-25.4186021676244));
#6143=CARTESIAN_POINT('Ctrl Pts',(127.48094303986,28.2134725852492,-25.4560485110476));
#6144=CARTESIAN_POINT('Ctrl Pts',(126.988198103491,28.0761632842144,-25.6074109652079));
#6145=CARTESIAN_POINT('Ctrl Pts',(126.763333766404,27.9723112893067,-25.7212240620921));
#6146=CARTESIAN_POINT('Ctrl Pts',(126.408242850397,27.730575070439,-25.9816622325168));
#6147=CARTESIAN_POINT('Ctrl Pts',(126.254330353368,27.5765494977037,-26.145642884587));
#6148=CARTESIAN_POINT('Ctrl Pts',(126.050208568094,27.2351458551731,-26.5010859078405));
#6149=CARTESIAN_POINT('Ctrl Pts',(126.000001847744,27.0476646716109,-26.6924506985667));
#6150=CARTESIAN_POINT('Ctrl Pts',(126.000001847744,26.8700576850888,-26.8700576850888));
#6151=CARTESIAN_POINT('Ctrl Pts',(126.000001847744,26.8700576850888,-26.8700576850888));
#6152=CARTESIAN_POINT('Ctrl Pts',(126.000001847744,26.6924506985667,-27.0476646716109));
#6153=CARTESIAN_POINT('Ctrl Pts',(126.050208568094,26.5010859078405,-27.2351458551731));
#6154=CARTESIAN_POINT('Ctrl Pts',(126.254330353368,26.145642884587,-27.5765494977037));
#6155=CARTESIAN_POINT('Ctrl Pts',(126.408242850397,25.9816622325168,-27.730575070439));
#6156=CARTESIAN_POINT('Ctrl Pts',(126.763333766404,25.7212240620921,-27.9723112893067));
#6157=CARTESIAN_POINT('Ctrl Pts',(126.988198103491,25.6074109652079,-28.0761632842144));
#6158=CARTESIAN_POINT('Ctrl Pts',(127.48094303986,25.4560485110476,-28.2134725852492));
#6159=CARTESIAN_POINT('Ctrl Pts',(127.748827573473,25.4186021676244,-28.2470292923706));
#6160=CARTESIAN_POINT('Ctrl Pts',(128.000001847744,25.4186021676244,-28.2470292923706));
#6161=CARTESIAN_POINT('',(126.000001847744,24.3951839509359,-24.3951839509359));
#6162=CARTESIAN_POINT('',(126.000001847744,77.7817459305202,-77.7817459305202));
#6163=CARTESIAN_POINT('',(128.000001847744,22.939944193542,-25.7683713182882));
#6164=CARTESIAN_POINT('Ctrl Pts',(128.000001847744,22.939944193542,-25.7683713182882));
#6165=CARTESIAN_POINT('Ctrl Pts',(127.748816928992,22.939944193542,-25.7683713182882));
#6166=CARTESIAN_POINT('Ctrl Pts',(127.48092782209,22.9775916183193,-25.7350098140915));
#6167=CARTESIAN_POINT('Ctrl Pts',(126.988185823545,23.129671138606,-25.5984132264953));
#6168=CARTESIAN_POINT('Ctrl Pts',(126.763328154018,23.2439894278844,-25.4950687179864));
#6169=CARTESIAN_POINT('Ctrl Pts',(126.40824848455,23.5053694923323,-25.2542902981505));
#6170=CARTESIAN_POINT('Ctrl Pts',(126.254337592781,23.6698507620467,-25.1007747587615));
#6171=CARTESIAN_POINT('Ctrl Pts',(126.050212716701,24.0260043008236,-24.7600857414512));
#6172=CARTESIAN_POINT('Ctrl Pts',(126.000001847744,24.2175694594088,-24.572798442463));
#6173=CARTESIAN_POINT('Ctrl Pts',(126.000001847744,24.3951839509359,-24.3951839509359));
#6174=CARTESIAN_POINT('Ctrl Pts',(126.000001847744,24.3951839509359,-24.3951839509359));
#6175=CARTESIAN_POINT('Ctrl Pts',(126.000001847744,24.5727984424629,-24.2175694594088));
#6176=CARTESIAN_POINT('Ctrl Pts',(126.050212716701,24.7600857414512,-24.0260043008236));
#6177=CARTESIAN_POINT('Ctrl Pts',(126.254337592781,25.1007747587615,-23.6698507620467));
#6178=CARTESIAN_POINT('Ctrl Pts',(126.40824848455,25.2542902981505,-23.5053694923323));
#6179=CARTESIAN_POINT('Ctrl Pts',(126.763328154018,25.4950687179864,-23.2439894278844));
#6180=CARTESIAN_POINT('Ctrl Pts',(126.988185823545,25.5984132264953,-23.1296711386059));
#6181=CARTESIAN_POINT('Ctrl Pts',(127.48092782209,25.7350098140915,-22.9775916183193));
#6182=CARTESIAN_POINT('Ctrl Pts',(127.748816928992,25.7683713182882,-22.939944193542));
#6183=CARTESIAN_POINT('Ctrl Pts',(128.251186766496,25.7683713182882,-22.939944193542));
#6184=CARTESIAN_POINT('Ctrl Pts',(128.519075873398,25.7350098140915,-22.9775916183193));
#6185=CARTESIAN_POINT('Ctrl Pts',(129.011817871943,25.5984132264953,-23.129671138606));
#6186=CARTESIAN_POINT('Ctrl Pts',(129.23667554147,25.4950687179864,-23.2439894278844));
#6187=CARTESIAN_POINT('Ctrl Pts',(129.591755210938,25.2542902981505,-23.5053694923323));
#6188=CARTESIAN_POINT('Ctrl Pts',(129.745666102707,25.1007747587615,-23.6698507620467));
#6189=CARTESIAN_POINT('Ctrl Pts',(129.949790978787,24.7600857414512,-24.0260043008236));
#6190=CARTESIAN_POINT('Ctrl Pts',(130.000001847744,24.572798442463,-24.2175694594088));
#6191=CARTESIAN_POINT('Ctrl Pts',(130.000001847744,24.2175694594088,-24.572798442463));
#6192=CARTESIAN_POINT('Ctrl Pts',(129.949790978787,24.0260043008236,-24.7600857414512));
#6193=CARTESIAN_POINT('Ctrl Pts',(129.745666102707,23.6698507620467,-25.1007747587615));
#6194=CARTESIAN_POINT('Ctrl Pts',(129.591755210938,23.5053694923323,-25.2542902981505));
#6195=CARTESIAN_POINT('Ctrl Pts',(129.23667554147,23.2439894278844,-25.4950687179864));
#6196=CARTESIAN_POINT('Ctrl Pts',(129.011817871943,23.129671138606,-25.5984132264953));
#6197=CARTESIAN_POINT('Ctrl Pts',(128.519075873398,22.9775916183193,-25.7350098140915));
#6198=CARTESIAN_POINT('Ctrl Pts',(128.251186766496,22.939944193542,-25.7683713182882));
#6199=CARTESIAN_POINT('Ctrl Pts',(128.000001847744,22.939944193542,-25.7683713182882));
#6200=CARTESIAN_POINT('Origin',(128.000001847744,42.0951775601599,-101.626748576242));
#6201=CARTESIAN_POINT('',(128.000001847744,12.6740561639936,-35.8241301408972));
#6202=CARTESIAN_POINT('',(126.000001847744,14.5419704298734,-35.1074222354289));
#6203=CARTESIAN_POINT('Ctrl Pts',(128.000001847744,12.6740561639936,-35.8241301408972));
#6204=CARTESIAN_POINT('Ctrl Pts',(128.251176122015,12.6740561639936,-35.8241301408972));
#6205=CARTESIAN_POINT('Ctrl Pts',(128.519060655628,12.7214936701097,-35.80745788124));
#6206=CARTESIAN_POINT('Ctrl Pts',(129.011805591997,12.9138803381148,-35.7385245318798));
#6207=CARTESIAN_POINT('Ctrl Pts',(129.236669929084,13.0587723667271,-35.6861321859378));
#6208=CARTESIAN_POINT('Ctrl Pts',(129.591760845091,13.3918943078304,-35.5624624140363));
#6209=CARTESIAN_POINT('Ctrl Pts',(129.74567334212,13.6023357108522,-35.4829140186785));
#6210=CARTESIAN_POINT('Ctrl Pts',(129.949795127394,14.0613717627557,-35.3035203371686));
#6211=CARTESIAN_POINT('Ctrl Pts',(130.000001847744,14.3099157189803,-35.2035424438934));
#6212=CARTESIAN_POINT('Ctrl Pts',(130.000001847744,14.7740251407665,-35.0113020269644));
#6213=CARTESIAN_POINT('Ctrl Pts',(129.949795127394,15.0204673039395,-34.9062499563987));
#6214=CARTESIAN_POINT('Ctrl Pts',(129.74567334212,15.4719052977472,-34.7085129399863));
#6215=CARTESIAN_POINT('Ctrl Pts',(129.591760845091,15.6769590506564,-34.6159576066572));
#6216=CARTESIAN_POINT('Ctrl Pts',(129.236669929084,15.9999595685119,-34.4678525574804));
#6217=CARTESIAN_POINT('Ctrl Pts',(129.011805591997,16.1394606875814,-34.4024454046066));
#6218=CARTESIAN_POINT('Ctrl Pts',(128.519060655628,16.3242418439201,-34.3151507258328));
#6219=CARTESIAN_POINT('Ctrl Pts',(128.251176122015,16.3695742940387,-34.2933964114368));
#6220=CARTESIAN_POINT('Ctrl Pts',(127.748827573473,16.3695742940387,-34.2933964114368));
#6221=CARTESIAN_POINT('Ctrl Pts',(127.48094303986,16.3242418439201,-34.3151507258328));
#6222=CARTESIAN_POINT('Ctrl Pts',(126.988198103491,16.1394606875814,-34.4024454046066));
#6223=CARTESIAN_POINT('Ctrl Pts',(126.763333766404,15.9999595685119,-34.4678525574804));
#6224=CARTESIAN_POINT('Ctrl Pts',(126.408242850397,15.6769590506564,-34.6159576066572));
#6225=CARTESIAN_POINT('Ctrl Pts',(126.254330353368,15.4719052977472,-34.7085129399863));
#6226=CARTESIAN_POINT('Ctrl Pts',(126.050208568094,15.0204673039395,-34.9062499563987));
#6227=CARTESIAN_POINT('Ctrl Pts',(126.000001847744,14.7740251407665,-35.0113020269644));
#6228=CARTESIAN_POINT('Ctrl Pts',(126.000001847744,14.5419704298734,-35.1074222354289));
#6229=CARTESIAN_POINT('Ctrl Pts',(126.000001847744,14.5419704298734,-35.1074222354289));
#6230=CARTESIAN_POINT('Ctrl Pts',(126.000001847744,14.3099157189803,-35.2035424438934));
#6231=CARTESIAN_POINT('Ctrl Pts',(126.050208568094,14.0613717627557,-35.3035203371686));
#6232=CARTESIAN_POINT('Ctrl Pts',(126.254330353368,13.6023357108522,-35.4829140186785));
#6233=CARTESIAN_POINT('Ctrl Pts',(126.408242850397,13.3918943078304,-35.5624624140363));
#6234=CARTESIAN_POINT('Ctrl Pts',(126.763333766404,13.0587723667271,-35.6861321859378));
#6235=CARTESIAN_POINT('Ctrl Pts',(126.988198103491,12.9138803381148,-35.7385245318798));
#6236=CARTESIAN_POINT('Ctrl Pts',(127.48094303986,12.7214936701097,-35.80745788124));
#6237=CARTESIAN_POINT('Ctrl Pts',(127.748827573473,12.6740561639936,-35.8241301408972));
#6238=CARTESIAN_POINT('Ctrl Pts',(128.000001847744,12.6740561639936,-35.8241301408972));
#6239=CARTESIAN_POINT('',(126.000001847744,13.2025784165956,-31.8738438716394));
#6240=CARTESIAN_POINT('',(126.000001847744,42.0951775601599,-101.626748576242));
#6241=CARTESIAN_POINT('',(128.000001847744,11.3326161348239,-32.5856074293656));
#6242=CARTESIAN_POINT('Ctrl Pts',(128.000001847744,11.3326161348239,-32.5856074293656));
#6243=CARTESIAN_POINT('Ctrl Pts',(127.748816928992,11.3326161348239,-32.5856074293656));
#6244=CARTESIAN_POINT('Ctrl Pts',(127.48092782209,11.3801647149623,-32.569192464198));
#6245=CARTESIAN_POINT('Ctrl Pts',(126.988185823545,11.5729411220599,-32.5011919855227));
#6246=CARTESIAN_POINT('Ctrl Pts',(126.763328154018,11.7181056809482,-32.4494618246371));
#6247=CARTESIAN_POINT('Ctrl Pts',(126.40824848455,12.0517312848405,-32.327037390895));
#6248=CARTESIAN_POINT('Ctrl Pts',(126.254337592781,12.2624400169458,-32.2481517829851));
#6249=CARTESIAN_POINT('Ctrl Pts',(126.050212716701,12.7218590243666,-32.0696902316089));
#6250=CARTESIAN_POINT('Ctrl Pts',(126.000001847744,12.970513899941,-31.9699681417833));
#6251=CARTESIAN_POINT('Ctrl Pts',(126.000001847744,13.2025784165956,-31.8738438716394));
#6252=CARTESIAN_POINT('Ctrl Pts',(126.000001847744,13.2025784165956,-31.8738438716394));
#6253=CARTESIAN_POINT('Ctrl Pts',(126.000001847744,13.4346429332502,-31.7777196014955));
#6254=CARTESIAN_POINT('Ctrl Pts',(126.050212716701,13.6809826478938,-31.6724082187515));
#6255=CARTESIAN_POINT('Ctrl Pts',(126.254337592781,14.1320323166062,-31.4737412963575));
#6256=CARTESIAN_POINT('Ctrl Pts',(126.40824848455,14.3368064382242,-31.3805282713217));
#6257=CARTESIAN_POINT('Ctrl Pts',(126.763328154018,14.6592825123958,-31.231186491714));
#6258=CARTESIAN_POINT('Ctrl Pts',(126.988185823545,14.7985081039278,-31.1651183952902));
#6259=CARTESIAN_POINT('Ctrl Pts',(127.48092782209,14.9829052082345,-31.0768884901739));
#6260=CARTESIAN_POINT('Ctrl Pts',(127.748816928992,15.0281342648691,-31.0548736999053));
#6261=CARTESIAN_POINT('Ctrl Pts',(128.251186766496,15.0281342648691,-31.0548736999053));
#6262=CARTESIAN_POINT('Ctrl Pts',(128.519075873398,14.9829052082345,-31.0768884901739));
#6263=CARTESIAN_POINT('Ctrl Pts',(129.011817871943,14.7985081039278,-31.1651183952902));
#6264=CARTESIAN_POINT('Ctrl Pts',(129.23667554147,14.6592825123958,-31.231186491714));
#6265=CARTESIAN_POINT('Ctrl Pts',(129.591755210938,14.3368064382242,-31.3805282713217));
#6266=CARTESIAN_POINT('Ctrl Pts',(129.745666102707,14.1320323166062,-31.4737412963575));
#6267=CARTESIAN_POINT('Ctrl Pts',(129.949790978787,13.6809826478938,-31.6724082187515));
#6268=CARTESIAN_POINT('Ctrl Pts',(130.000001847744,13.4346429332502,-31.7777196014955));
#6269=CARTESIAN_POINT('Ctrl Pts',(130.000001847744,12.970513899941,-31.9699681417833));
#6270=CARTESIAN_POINT('Ctrl Pts',(129.949790978787,12.7218590243666,-32.0696902316089));
#6271=CARTESIAN_POINT('Ctrl Pts',(129.745666102707,12.2624400169458,-32.2481517829851));
#6272=CARTESIAN_POINT('Ctrl Pts',(129.591755210938,12.0517312848405,-32.327037390895));
#6273=CARTESIAN_POINT('Ctrl Pts',(129.23667554147,11.7181056809482,-32.4494618246371));
#6274=CARTESIAN_POINT('Ctrl Pts',(129.011817871943,11.5729411220599,-32.5011919855227));
#6275=CARTESIAN_POINT('Ctrl Pts',(128.519075873398,11.3801647149623,-32.569192464198));
#6276=CARTESIAN_POINT('Ctrl Pts',(128.251186766496,11.3326161348239,-32.5856074293656));
#6277=CARTESIAN_POINT('Ctrl Pts',(128.000001847744,11.3326161348239,-32.5856074293656));
#6278=CARTESIAN_POINT('Origin',(128.000001847744,-1.34711147906209E-14,
-110.));
#6279=CARTESIAN_POINT('',(128.000001847744,-2.,-37.9473319220206));
#6280=CARTESIAN_POINT('',(126.000001847744,-4.89858719658941E-15,-38.));
#6281=CARTESIAN_POINT('Ctrl Pts',(128.000001847744,-2.,-37.9473319220206));
#6282=CARTESIAN_POINT('Ctrl Pts',(128.251176122015,-1.99999999999999,-37.9473319220206));
#6283=CARTESIAN_POINT('Ctrl Pts',(128.519060655628,-1.94979326147503,-37.950082310226));
#6284=CARTESIAN_POINT('Ctrl Pts',(129.011805591997,-1.74567150583953,-37.9600193900981));
#6285=CARTESIAN_POINT('Ctrl Pts',(129.236669929084,-1.59175904340581,-37.9670629528537));
#6286=CARTESIAN_POINT('Ctrl Pts',(129.591760845091,-1.236668127399,-37.9802872296211));
#6287=CARTESIAN_POINT('Ctrl Pts',(129.74567334212,-1.01180376937952,-37.987326533726));
#6288=CARTESIAN_POINT('Ctrl Pts',(129.949795127394,-0.519058766556323,-37.9972538750389));
#6289=CARTESIAN_POINT('Ctrl Pts',(130.000001847744,-0.25117420911181,-38.));
#6290=CARTESIAN_POINT('Ctrl Pts',(130.000001847744,0.2511742091118,-38.));
#6291=CARTESIAN_POINT('Ctrl Pts',(129.949795127394,0.519058766556314,-37.9972538750389));
#6292=CARTESIAN_POINT('Ctrl Pts',(129.74567334212,1.01180376937951,-37.987326533726));
#6293=CARTESIAN_POINT('Ctrl Pts',(129.591760845091,1.236668127399,-37.9802872296211));
#6294=CARTESIAN_POINT('Ctrl Pts',(129.236669929084,1.5917590434058,-37.9670629528537));
#6295=CARTESIAN_POINT('Ctrl Pts',(129.011805591997,1.74567150583952,-37.9600193900981));
#6296=CARTESIAN_POINT('Ctrl Pts',(128.519060655628,1.94979326147502,-37.950082310226));
#6297=CARTESIAN_POINT('Ctrl Pts',(128.251176122015,1.99999999999999,-37.9473319220206));
#6298=CARTESIAN_POINT('Ctrl Pts',(127.748827573473,1.99999999999999,-37.9473319220206));
#6299=CARTESIAN_POINT('Ctrl Pts',(127.48094303986,1.94979326147502,-37.950082310226));
#6300=CARTESIAN_POINT('Ctrl Pts',(126.988198103491,1.74567150583952,-37.9600193900981));
#6301=CARTESIAN_POINT('Ctrl Pts',(126.763333766404,1.5917590434058,-37.9670629528537));
#6302=CARTESIAN_POINT('Ctrl Pts',(126.408242850397,1.236668127399,-37.9802872296211));
#6303=CARTESIAN_POINT('Ctrl Pts',(126.254330353368,1.01180376937951,-37.987326533726));
#6304=CARTESIAN_POINT('Ctrl Pts',(126.050208568094,0.519058766556314,-37.9972538750389));
#6305=CARTESIAN_POINT('Ctrl Pts',(126.000001847744,0.251174209111801,-38.));
#6306=CARTESIAN_POINT('Ctrl Pts',(126.000001847744,-4.02455846426619E-15,
-38.));
#6307=CARTESIAN_POINT('Ctrl Pts',(126.000001847744,-5.55111512312578E-15,
-38.));
#6308=CARTESIAN_POINT('Ctrl Pts',(126.000001847744,-0.251174209111811,-38.));
#6309=CARTESIAN_POINT('Ctrl Pts',(126.050208568094,-0.519058766556323,-37.9972538750389));
#6310=CARTESIAN_POINT('Ctrl Pts',(126.254330353368,-1.01180376937952,-37.987326533726));
#6311=CARTESIAN_POINT('Ctrl Pts',(126.408242850397,-1.23666812739901,-37.9802872296211));
#6312=CARTESIAN_POINT('Ctrl Pts',(126.763333766404,-1.59175904340581,-37.9670629528537));
#6313=CARTESIAN_POINT('Ctrl Pts',(126.988198103491,-1.74567150583953,-37.9600193900981));
#6314=CARTESIAN_POINT('Ctrl Pts',(127.48094303986,-1.94979326147503,-37.950082310226));
#6315=CARTESIAN_POINT('Ctrl Pts',(127.748827573473,-2.,-37.9473319220206));
#6316=CARTESIAN_POINT('Ctrl Pts',(128.000001847744,-2.,-37.9473319220206));
#6317=CARTESIAN_POINT('',(126.000001847744,-4.80237115288959E-15,-34.5));
#6318=CARTESIAN_POINT('',(126.000001847744,-1.37160441504504E-14,-110.));
#6319=CARTESIAN_POINT('',(128.000001847744,-2.,-34.4419801985891));
#6320=CARTESIAN_POINT('Ctrl Pts',(128.000001847744,-2.,-34.4419801985891));
#6321=CARTESIAN_POINT('Ctrl Pts',(127.748816928992,-2.,-34.4419801985891));
#6322=CARTESIAN_POINT('Ctrl Pts',(127.48092782209,-1.94978910479773,-34.4450108020952));
#6323=CARTESIAN_POINT('Ctrl Pts',(126.988185823545,-1.74566427134721,-34.4559588887933));
#6324=CARTESIAN_POINT('Ctrl Pts',(126.763328154018,-1.59175343101977,-34.4637185235907));
#6325=CARTESIAN_POINT('Ctrl Pts',(126.40824848455,-1.23667376155225,-34.4782860861994));
#6326=CARTESIAN_POINT('Ctrl Pts',(126.254337592781,-1.01181606143954,-34.4860400284732));
#6327=CARTESIAN_POINT('Ctrl Pts',(126.050212716701,-0.519073964611016,-34.49697509647));
#6328=CARTESIAN_POINT('Ctrl Pts',(126.000001847744,-0.251184822791579,-34.5));
#6329=CARTESIAN_POINT('Ctrl Pts',(126.000001847744,-4.23272528138341E-15,
-34.5));
#6330=CARTESIAN_POINT('Ctrl Pts',(126.000001847744,-4.9960036108132E-15,
-34.5));
#6331=CARTESIAN_POINT('Ctrl Pts',(126.000001847744,0.25118482279157,-34.5));
#6332=CARTESIAN_POINT('Ctrl Pts',(126.050212716701,0.519073964611007,-34.49697509647));
#6333=CARTESIAN_POINT('Ctrl Pts',(126.254337592781,1.01181606143954,-34.4860400284732));
#6334=CARTESIAN_POINT('Ctrl Pts',(126.40824848455,1.23667376155224,-34.4782860861994));
#6335=CARTESIAN_POINT('Ctrl Pts',(126.763328154018,1.59175343101976,-34.4637185235907));
#6336=CARTESIAN_POINT('Ctrl Pts',(126.988185823545,1.74566427134721,-34.4559588887933));
#6337=CARTESIAN_POINT('Ctrl Pts',(127.48092782209,1.94978910479772,-34.4450108020952));
#6338=CARTESIAN_POINT('Ctrl Pts',(127.748816928992,1.99999999999999,-34.4419801985891));
#6339=CARTESIAN_POINT('Ctrl Pts',(128.251186766496,1.99999999999999,-34.4419801985891));
#6340=CARTESIAN_POINT('Ctrl Pts',(128.519075873398,1.94978910479772,-34.4450108020952));
#6341=CARTESIAN_POINT('Ctrl Pts',(129.011817871943,1.74566427134721,-34.4559588887933));
#6342=CARTESIAN_POINT('Ctrl Pts',(129.23667554147,1.59175343101976,-34.4637185235907));
#6343=CARTESIAN_POINT('Ctrl Pts',(129.591755210938,1.23667376155224,-34.4782860861994));
#6344=CARTESIAN_POINT('Ctrl Pts',(129.745666102707,1.01181606143954,-34.4860400284732));
#6345=CARTESIAN_POINT('Ctrl Pts',(129.949790978787,0.519073964611008,-34.49697509647));
#6346=CARTESIAN_POINT('Ctrl Pts',(130.000001847744,0.251184822791571,-34.5));
#6347=CARTESIAN_POINT('Ctrl Pts',(130.000001847744,-0.251184822791579,-34.5));
#6348=CARTESIAN_POINT('Ctrl Pts',(129.949790978787,-0.519073964611016,-34.49697509647));
#6349=CARTESIAN_POINT('Ctrl Pts',(129.745666102707,-1.01181606143954,-34.4860400284732));
#6350=CARTESIAN_POINT('Ctrl Pts',(129.591755210938,-1.23667376155225,-34.4782860861994));
#6351=CARTESIAN_POINT('Ctrl Pts',(129.23667554147,-1.59175343101977,-34.4637185235907));
#6352=CARTESIAN_POINT('Ctrl Pts',(129.011817871943,-1.74566427134721,-34.4559588887933));
#6353=CARTESIAN_POINT('Ctrl Pts',(128.519075873398,-1.94978910479773,-34.4450108020952));
#6354=CARTESIAN_POINT('Ctrl Pts',(128.251186766496,-2.,-34.4419801985891));
#6355=CARTESIAN_POINT('Ctrl Pts',(128.000001847744,-2.,-34.4419801985891));
#6356=CARTESIAN_POINT('Origin',(128.000001847744,-42.0951775601599,-101.626748576242));
#6357=CARTESIAN_POINT('',(128.000001847744,-16.3695742940387,-34.2933964114368));
#6358=CARTESIAN_POINT('',(126.000001847744,-14.5419704298734,-35.1074222354289));
#6359=CARTESIAN_POINT('Ctrl Pts',(128.000001847744,-16.3695742940387,-34.2933964114368));
#6360=CARTESIAN_POINT('Ctrl Pts',(128.251176122015,-16.3695742940387,-34.2933964114368));
#6361=CARTESIAN_POINT('Ctrl Pts',(128.519060655628,-16.3242418439201,-34.3151507258328));
#6362=CARTESIAN_POINT('Ctrl Pts',(129.011805591997,-16.1394606875814,-34.4024454046066));
#6363=CARTESIAN_POINT('Ctrl Pts',(129.236669929084,-15.9999595685119,-34.4678525574804));
#6364=CARTESIAN_POINT('Ctrl Pts',(129.591760845091,-15.6769590506564,-34.6159576066572));
#6365=CARTESIAN_POINT('Ctrl Pts',(129.74567334212,-15.4719052977472,-34.7085129399863));
#6366=CARTESIAN_POINT('Ctrl Pts',(129.949795127394,-15.0204673039395,-34.9062499563987));
#6367=CARTESIAN_POINT('Ctrl Pts',(130.000001847744,-14.7740251407665,-35.0113020269644));
#6368=CARTESIAN_POINT('Ctrl Pts',(130.000001847744,-14.3099157189803,-35.2035424438934));
#6369=CARTESIAN_POINT('Ctrl Pts',(129.949795127394,-14.0613717627557,-35.3035203371686));
#6370=CARTESIAN_POINT('Ctrl Pts',(129.74567334212,-13.6023357108522,-35.4829140186785));
#6371=CARTESIAN_POINT('Ctrl Pts',(129.591760845091,-13.3918943078304,-35.5624624140363));
#6372=CARTESIAN_POINT('Ctrl Pts',(129.236669929084,-13.0587723667271,-35.6861321859378));
#6373=CARTESIAN_POINT('Ctrl Pts',(129.011805591997,-12.9138803381148,-35.7385245318798));
#6374=CARTESIAN_POINT('Ctrl Pts',(128.519060655628,-12.7214936701097,-35.80745788124));
#6375=CARTESIAN_POINT('Ctrl Pts',(128.251176122015,-12.6740561639936,-35.8241301408972));
#6376=CARTESIAN_POINT('Ctrl Pts',(127.748827573473,-12.6740561639936,-35.8241301408972));
#6377=CARTESIAN_POINT('Ctrl Pts',(127.48094303986,-12.7214936701097,-35.80745788124));
#6378=CARTESIAN_POINT('Ctrl Pts',(126.988198103491,-12.9138803381148,-35.7385245318798));
#6379=CARTESIAN_POINT('Ctrl Pts',(126.763333766404,-13.0587723667271,-35.6861321859378));
#6380=CARTESIAN_POINT('Ctrl Pts',(126.408242850397,-13.3918943078304,-35.5624624140363));
#6381=CARTESIAN_POINT('Ctrl Pts',(126.254330353368,-13.6023357108522,-35.4829140186785));
#6382=CARTESIAN_POINT('Ctrl Pts',(126.050208568094,-14.0613717627557,-35.3035203371686));
#6383=CARTESIAN_POINT('Ctrl Pts',(126.000001847744,-14.3099157189803,-35.2035424438934));
#6384=CARTESIAN_POINT('Ctrl Pts',(126.000001847744,-14.5419704298734,-35.1074222354289));
#6385=CARTESIAN_POINT('Ctrl Pts',(126.000001847744,-14.5419704298734,-35.1074222354289));
#6386=CARTESIAN_POINT('Ctrl Pts',(126.000001847744,-14.7740251407665,-35.0113020269644));
#6387=CARTESIAN_POINT('Ctrl Pts',(126.050208568094,-15.0204673039395,-34.9062499563987));
#6388=CARTESIAN_POINT('Ctrl Pts',(126.254330353368,-15.4719052977472,-34.7085129399863));
#6389=CARTESIAN_POINT('Ctrl Pts',(126.408242850397,-15.6769590506564,-34.6159576066572));
#6390=CARTESIAN_POINT('Ctrl Pts',(126.763333766404,-15.9999595685119,-34.4678525574804));
#6391=CARTESIAN_POINT('Ctrl Pts',(126.988198103491,-16.1394606875814,-34.4024454046066));
#6392=CARTESIAN_POINT('Ctrl Pts',(127.48094303986,-16.3242418439201,-34.3151507258328));
#6393=CARTESIAN_POINT('Ctrl Pts',(127.748827573473,-16.3695742940387,-34.2933964114368));
#6394=CARTESIAN_POINT('Ctrl Pts',(128.000001847744,-16.3695742940387,-34.2933964114368));
#6395=CARTESIAN_POINT('',(126.000001847744,-13.2025784165956,-31.8738438716394));
#6396=CARTESIAN_POINT('',(126.000001847744,-42.0951775601599,-101.626748576242));
#6397=CARTESIAN_POINT('',(128.000001847744,-15.0281342648691,-31.0548736999053));
#6398=CARTESIAN_POINT('Ctrl Pts',(128.000001847744,-15.0281342648691,-31.0548736999053));
#6399=CARTESIAN_POINT('Ctrl Pts',(127.748816928992,-15.0281342648691,-31.0548736999053));
#6400=CARTESIAN_POINT('Ctrl Pts',(127.48092782209,-14.9829052082345,-31.0768884901739));
#6401=CARTESIAN_POINT('Ctrl Pts',(126.988185823545,-14.7985081039278,-31.1651183952902));
#6402=CARTESIAN_POINT('Ctrl Pts',(126.763328154018,-14.6592825123958,-31.231186491714));
#6403=CARTESIAN_POINT('Ctrl Pts',(126.40824848455,-14.3368064382242,-31.3805282713217));
#6404=CARTESIAN_POINT('Ctrl Pts',(126.254337592781,-14.1320323166062,-31.4737412963575));
#6405=CARTESIAN_POINT('Ctrl Pts',(126.050212716701,-13.6809826478938,-31.6724082187515));
#6406=CARTESIAN_POINT('Ctrl Pts',(126.000001847744,-13.4346429332502,-31.7777196014955));
#6407=CARTESIAN_POINT('Ctrl Pts',(126.000001847744,-13.2025784165956,-31.8738438716394));
#6408=CARTESIAN_POINT('Ctrl Pts',(126.000001847744,-13.2025784165956,-31.8738438716394));
#6409=CARTESIAN_POINT('Ctrl Pts',(126.000001847744,-12.970513899941,-31.9699681417833));
#6410=CARTESIAN_POINT('Ctrl Pts',(126.050212716701,-12.7218590243666,-32.0696902316089));
#6411=CARTESIAN_POINT('Ctrl Pts',(126.254337592781,-12.2624400169458,-32.2481517829851));
#6412=CARTESIAN_POINT('Ctrl Pts',(126.40824848455,-12.0517312848405,-32.327037390895));
#6413=CARTESIAN_POINT('Ctrl Pts',(126.763328154018,-11.7181056809482,-32.4494618246371));
#6414=CARTESIAN_POINT('Ctrl Pts',(126.988185823545,-11.5729411220599,-32.5011919855227));
#6415=CARTESIAN_POINT('Ctrl Pts',(127.48092782209,-11.3801647149623,-32.569192464198));
#6416=CARTESIAN_POINT('Ctrl Pts',(127.748816928992,-11.332616134824,-32.5856074293656));
#6417=CARTESIAN_POINT('Ctrl Pts',(128.251186766496,-11.332616134824,-32.5856074293656));
#6418=CARTESIAN_POINT('Ctrl Pts',(128.519075873398,-11.3801647149623,-32.569192464198));
#6419=CARTESIAN_POINT('Ctrl Pts',(129.011817871943,-11.5729411220599,-32.5011919855227));
#6420=CARTESIAN_POINT('Ctrl Pts',(129.23667554147,-11.7181056809482,-32.4494618246371));
#6421=CARTESIAN_POINT('Ctrl Pts',(129.591755210938,-12.0517312848405,-32.327037390895));
#6422=CARTESIAN_POINT('Ctrl Pts',(129.745666102707,-12.2624400169458,-32.2481517829851));
#6423=CARTESIAN_POINT('Ctrl Pts',(129.949790978787,-12.7218590243666,-32.0696902316089));
#6424=CARTESIAN_POINT('Ctrl Pts',(130.000001847744,-12.970513899941,-31.9699681417833));
#6425=CARTESIAN_POINT('Ctrl Pts',(130.000001847744,-13.4346429332502,-31.7777196014955));
#6426=CARTESIAN_POINT('Ctrl Pts',(129.949790978787,-13.6809826478938,-31.6724082187515));
#6427=CARTESIAN_POINT('Ctrl Pts',(129.745666102707,-14.1320323166062,-31.4737412963575));
#6428=CARTESIAN_POINT('Ctrl Pts',(129.591755210938,-14.3368064382242,-31.3805282713217));
#6429=CARTESIAN_POINT('Ctrl Pts',(129.23667554147,-14.6592825123958,-31.231186491714));
#6430=CARTESIAN_POINT('Ctrl Pts',(129.011817871943,-14.7985081039278,-31.1651183952902));
#6431=CARTESIAN_POINT('Ctrl Pts',(128.519075873398,-14.9829052082345,-31.0768884901739));
#6432=CARTESIAN_POINT('Ctrl Pts',(128.251186766496,-15.0281342648691,-31.0548736999053));
#6433=CARTESIAN_POINT('Ctrl Pts',(128.000001847744,-15.0281342648691,-31.0548736999053));
#6434=CARTESIAN_POINT('Origin',(128.000001847744,-77.7817459305202,-77.7817459305202));
#6435=CARTESIAN_POINT('',(128.000001847744,-28.2470292923706,-25.4186021676244));
#6436=CARTESIAN_POINT('',(126.000001847744,-26.8700576850888,-26.8700576850888));
#6437=CARTESIAN_POINT('Ctrl Pts',(128.000001847744,-28.2470292923706,-25.4186021676244));
#6438=CARTESIAN_POINT('Ctrl Pts',(128.251176122015,-28.2470292923706,-25.4186021676244));
#6439=CARTESIAN_POINT('Ctrl Pts',(128.519060655628,-28.2134725852492,-25.4560485110476));
#6440=CARTESIAN_POINT('Ctrl Pts',(129.011805591997,-28.0761632842144,-25.6074109652079));
#6441=CARTESIAN_POINT('Ctrl Pts',(129.236669929084,-27.9723112893067,-25.7212240620921));
#6442=CARTESIAN_POINT('Ctrl Pts',(129.591760845091,-27.730575070439,-25.9816622325168));
#6443=CARTESIAN_POINT('Ctrl Pts',(129.74567334212,-27.5765494977037,-26.145642884587));
#6444=CARTESIAN_POINT('Ctrl Pts',(129.949795127394,-27.2351458551731,-26.5010859078405));
#6445=CARTESIAN_POINT('Ctrl Pts',(130.000001847744,-27.0476646716109,-26.6924506985667));
#6446=CARTESIAN_POINT('Ctrl Pts',(130.000001847744,-26.6924506985667,-27.0476646716109));
#6447=CARTESIAN_POINT('Ctrl Pts',(129.949795127394,-26.5010859078405,-27.2351458551731));
#6448=CARTESIAN_POINT('Ctrl Pts',(129.74567334212,-26.145642884587,-27.5765494977037));
#6449=CARTESIAN_POINT('Ctrl Pts',(129.591760845091,-25.9816622325168,-27.730575070439));
#6450=CARTESIAN_POINT('Ctrl Pts',(129.236669929084,-25.7212240620921,-27.9723112893067));
#6451=CARTESIAN_POINT('Ctrl Pts',(129.011805591997,-25.6074109652079,-28.0761632842144));
#6452=CARTESIAN_POINT('Ctrl Pts',(128.519060655628,-25.4560485110476,-28.2134725852492));
#6453=CARTESIAN_POINT('Ctrl Pts',(128.251176122015,-25.4186021676244,-28.2470292923706));
#6454=CARTESIAN_POINT('Ctrl Pts',(127.748827573473,-25.4186021676244,-28.2470292923706));
#6455=CARTESIAN_POINT('Ctrl Pts',(127.48094303986,-25.4560485110476,-28.2134725852492));
#6456=CARTESIAN_POINT('Ctrl Pts',(126.988198103491,-25.6074109652079,-28.0761632842144));
#6457=CARTESIAN_POINT('Ctrl Pts',(126.763333766404,-25.7212240620921,-27.9723112893067));
#6458=CARTESIAN_POINT('Ctrl Pts',(126.408242850397,-25.9816622325168,-27.730575070439));
#6459=CARTESIAN_POINT('Ctrl Pts',(126.254330353368,-26.145642884587,-27.5765494977037));
#6460=CARTESIAN_POINT('Ctrl Pts',(126.050208568094,-26.5010859078405,-27.2351458551731));
#6461=CARTESIAN_POINT('Ctrl Pts',(126.000001847744,-26.6924506985667,-27.0476646716109));
#6462=CARTESIAN_POINT('Ctrl Pts',(126.000001847744,-26.8700576850888,-26.8700576850888));
#6463=CARTESIAN_POINT('Ctrl Pts',(126.000001847744,-26.8700576850888,-26.8700576850888));
#6464=CARTESIAN_POINT('Ctrl Pts',(126.000001847744,-27.0476646716109,-26.6924506985667));
#6465=CARTESIAN_POINT('Ctrl Pts',(126.050208568094,-27.2351458551731,-26.5010859078405));
#6466=CARTESIAN_POINT('Ctrl Pts',(126.254330353368,-27.5765494977037,-26.145642884587));
#6467=CARTESIAN_POINT('Ctrl Pts',(126.408242850397,-27.730575070439,-25.9816622325168));
#6468=CARTESIAN_POINT('Ctrl Pts',(126.763333766404,-27.9723112893067,-25.7212240620921));
#6469=CARTESIAN_POINT('Ctrl Pts',(126.988198103491,-28.0761632842144,-25.6074109652079));
#6470=CARTESIAN_POINT('Ctrl Pts',(127.48094303986,-28.2134725852492,-25.4560485110476));
#6471=CARTESIAN_POINT('Ctrl Pts',(127.748827573473,-28.2470292923706,-25.4186021676244));
#6472=CARTESIAN_POINT('Ctrl Pts',(128.000001847744,-28.2470292923706,-25.4186021676244));
#6473=CARTESIAN_POINT('',(126.000001847744,-24.3951839509359,-24.3951839509359));
#6474=CARTESIAN_POINT('',(126.000001847744,-77.7817459305202,-77.7817459305202));
#6475=CARTESIAN_POINT('',(128.000001847744,-25.7683713182882,-22.939944193542));
#6476=CARTESIAN_POINT('Ctrl Pts',(128.000001847744,-25.7683713182882,-22.939944193542));
#6477=CARTESIAN_POINT('Ctrl Pts',(127.748816928992,-25.7683713182882,-22.939944193542));
#6478=CARTESIAN_POINT('Ctrl Pts',(127.48092782209,-25.7350098140915,-22.9775916183193));
#6479=CARTESIAN_POINT('Ctrl Pts',(126.988185823545,-25.5984132264953,-23.129671138606));
#6480=CARTESIAN_POINT('Ctrl Pts',(126.763328154018,-25.4950687179864,-23.2439894278844));
#6481=CARTESIAN_POINT('Ctrl Pts',(126.40824848455,-25.2542902981505,-23.5053694923323));
#6482=CARTESIAN_POINT('Ctrl Pts',(126.254337592781,-25.1007747587615,-23.6698507620467));
#6483=CARTESIAN_POINT('Ctrl Pts',(126.050212716701,-24.7600857414512,-24.0260043008236));
#6484=CARTESIAN_POINT('Ctrl Pts',(126.000001847744,-24.572798442463,-24.2175694594088));
#6485=CARTESIAN_POINT('Ctrl Pts',(126.000001847744,-24.3951839509359,-24.3951839509359));
#6486=CARTESIAN_POINT('Ctrl Pts',(126.000001847744,-24.3951839509359,-24.3951839509359));
#6487=CARTESIAN_POINT('Ctrl Pts',(126.000001847744,-24.2175694594088,-24.572798442463));
#6488=CARTESIAN_POINT('Ctrl Pts',(126.050212716701,-24.0260043008236,-24.7600857414512));
#6489=CARTESIAN_POINT('Ctrl Pts',(126.254337592781,-23.6698507620467,-25.1007747587615));
#6490=CARTESIAN_POINT('Ctrl Pts',(126.40824848455,-23.5053694923323,-25.2542902981505));
#6491=CARTESIAN_POINT('Ctrl Pts',(126.763328154018,-23.2439894278844,-25.4950687179864));
#6492=CARTESIAN_POINT('Ctrl Pts',(126.988185823545,-23.129671138606,-25.5984132264953));
#6493=CARTESIAN_POINT('Ctrl Pts',(127.48092782209,-22.9775916183193,-25.7350098140915));
#6494=CARTESIAN_POINT('Ctrl Pts',(127.748816928992,-22.939944193542,-25.7683713182882));
#6495=CARTESIAN_POINT('Ctrl Pts',(128.251186766496,-22.939944193542,-25.7683713182882));
#6496=CARTESIAN_POINT('Ctrl Pts',(128.519075873398,-22.9775916183193,-25.7350098140915));
#6497=CARTESIAN_POINT('Ctrl Pts',(129.011817871943,-23.129671138606,-25.5984132264953));
#6498=CARTESIAN_POINT('Ctrl Pts',(129.23667554147,-23.2439894278844,-25.4950687179864));
#6499=CARTESIAN_POINT('Ctrl Pts',(129.591755210938,-23.5053694923323,-25.2542902981505));
#6500=CARTESIAN_POINT('Ctrl Pts',(129.745666102707,-23.6698507620467,-25.1007747587614));
#6501=CARTESIAN_POINT('Ctrl Pts',(129.949790978787,-24.0260043008236,-24.7600857414512));
#6502=CARTESIAN_POINT('Ctrl Pts',(130.000001847744,-24.2175694594088,-24.572798442463));
#6503=CARTESIAN_POINT('Ctrl Pts',(130.000001847744,-24.572798442463,-24.2175694594088));
#6504=CARTESIAN_POINT('Ctrl Pts',(129.949790978787,-24.7600857414512,-24.0260043008236));
#6505=CARTESIAN_POINT('Ctrl Pts',(129.745666102707,-25.1007747587615,-23.6698507620467));
#6506=CARTESIAN_POINT('Ctrl Pts',(129.591755210938,-25.2542902981505,-23.5053694923323));
#6507=CARTESIAN_POINT('Ctrl Pts',(129.23667554147,-25.4950687179864,-23.2439894278844));
#6508=CARTESIAN_POINT('Ctrl Pts',(129.011817871943,-25.5984132264953,-23.129671138606));
#6509=CARTESIAN_POINT('Ctrl Pts',(128.519075873398,-25.7350098140915,-22.9775916183193));
#6510=CARTESIAN_POINT('Ctrl Pts',(128.251186766496,-25.7683713182882,-22.939944193542));
#6511=CARTESIAN_POINT('Ctrl Pts',(128.000001847744,-25.7683713182882,-22.939944193542));
#6512=CARTESIAN_POINT('Origin',(128.000001847744,-101.626748576242,-42.0951775601599));
#6513=CARTESIAN_POINT('',(128.000001847744,-35.8241301408972,-12.6740561639936));
#6514=CARTESIAN_POINT('',(126.000001847744,-35.1074222354289,-14.5419704298734));
#6515=CARTESIAN_POINT('Ctrl Pts',(128.000001847744,-35.8241301408972,-12.6740561639936));
#6516=CARTESIAN_POINT('Ctrl Pts',(128.251176122015,-35.8241301408972,-12.6740561639936));
#6517=CARTESIAN_POINT('Ctrl Pts',(128.519060655628,-35.80745788124,-12.7214936701097));
#6518=CARTESIAN_POINT('Ctrl Pts',(129.011805591997,-35.7385245318798,-12.9138803381148));
#6519=CARTESIAN_POINT('Ctrl Pts',(129.236669929084,-35.6861321859378,-13.0587723667271));
#6520=CARTESIAN_POINT('Ctrl Pts',(129.591760845091,-35.5624624140363,-13.3918943078304));
#6521=CARTESIAN_POINT('Ctrl Pts',(129.74567334212,-35.4829140186785,-13.6023357108522));
#6522=CARTESIAN_POINT('Ctrl Pts',(129.949795127394,-35.3035203371686,-14.0613717627557));
#6523=CARTESIAN_POINT('Ctrl Pts',(130.000001847744,-35.2035424438934,-14.3099157189803));
#6524=CARTESIAN_POINT('Ctrl Pts',(130.000001847744,-35.0113020269644,-14.7740251407665));
#6525=CARTESIAN_POINT('Ctrl Pts',(129.949795127394,-34.9062499563987,-15.0204673039395));
#6526=CARTESIAN_POINT('Ctrl Pts',(129.74567334212,-34.7085129399863,-15.4719052977472));
#6527=CARTESIAN_POINT('Ctrl Pts',(129.591760845091,-34.6159576066572,-15.6769590506564));
#6528=CARTESIAN_POINT('Ctrl Pts',(129.236669929084,-34.4678525574804,-15.9999595685119));
#6529=CARTESIAN_POINT('Ctrl Pts',(129.011805591997,-34.4024454046066,-16.1394606875814));
#6530=CARTESIAN_POINT('Ctrl Pts',(128.519060655628,-34.3151507258328,-16.3242418439201));
#6531=CARTESIAN_POINT('Ctrl Pts',(128.251176122015,-34.2933964114368,-16.3695742940387));
#6532=CARTESIAN_POINT('Ctrl Pts',(127.748827573473,-34.2933964114368,-16.3695742940387));
#6533=CARTESIAN_POINT('Ctrl Pts',(127.48094303986,-34.3151507258328,-16.3242418439201));
#6534=CARTESIAN_POINT('Ctrl Pts',(126.988198103491,-34.4024454046066,-16.1394606875814));
#6535=CARTESIAN_POINT('Ctrl Pts',(126.763333766404,-34.4678525574804,-15.9999595685119));
#6536=CARTESIAN_POINT('Ctrl Pts',(126.408242850397,-34.6159576066572,-15.6769590506564));
#6537=CARTESIAN_POINT('Ctrl Pts',(126.254330353368,-34.7085129399863,-15.4719052977472));
#6538=CARTESIAN_POINT('Ctrl Pts',(126.050208568094,-34.9062499563987,-15.0204673039395));
#6539=CARTESIAN_POINT('Ctrl Pts',(126.000001847744,-35.0113020269644,-14.7740251407665));
#6540=CARTESIAN_POINT('Ctrl Pts',(126.000001847744,-35.1074222354289,-14.5419704298734));
#6541=CARTESIAN_POINT('Ctrl Pts',(126.000001847744,-35.1074222354289,-14.5419704298734));
#6542=CARTESIAN_POINT('Ctrl Pts',(126.000001847744,-35.2035424438934,-14.3099157189803));
#6543=CARTESIAN_POINT('Ctrl Pts',(126.050208568094,-35.3035203371686,-14.0613717627557));
#6544=CARTESIAN_POINT('Ctrl Pts',(126.254330353368,-35.4829140186785,-13.6023357108522));
#6545=CARTESIAN_POINT('Ctrl Pts',(126.408242850397,-35.5624624140363,-13.3918943078304));
#6546=CARTESIAN_POINT('Ctrl Pts',(126.763333766404,-35.6861321859378,-13.0587723667271));
#6547=CARTESIAN_POINT('Ctrl Pts',(126.988198103491,-35.7385245318798,-12.9138803381148));
#6548=CARTESIAN_POINT('Ctrl Pts',(127.48094303986,-35.80745788124,-12.7214936701097));
#6549=CARTESIAN_POINT('Ctrl Pts',(127.748827573473,-35.8241301408972,-12.6740561639936));
#6550=CARTESIAN_POINT('Ctrl Pts',(128.000001847744,-35.8241301408972,-12.6740561639936));
#6551=CARTESIAN_POINT('',(126.000001847744,-31.8738438716394,-13.2025784165956));
#6552=CARTESIAN_POINT('',(126.000001847744,-101.626748576242,-42.0951775601599));
#6553=CARTESIAN_POINT('',(128.000001847744,-32.5856074293656,-11.3326161348239));
#6554=CARTESIAN_POINT('Ctrl Pts',(128.000001847744,-32.5856074293656,-11.3326161348239));
#6555=CARTESIAN_POINT('Ctrl Pts',(127.748816928992,-32.5856074293656,-11.3326161348239));
#6556=CARTESIAN_POINT('Ctrl Pts',(127.48092782209,-32.569192464198,-11.3801647149623));
#6557=CARTESIAN_POINT('Ctrl Pts',(126.988185823545,-32.5011919855227,-11.5729411220599));
#6558=CARTESIAN_POINT('Ctrl Pts',(126.763328154018,-32.4494618246371,-11.7181056809482));
#6559=CARTESIAN_POINT('Ctrl Pts',(126.40824848455,-32.327037390895,-12.0517312848405));
#6560=CARTESIAN_POINT('Ctrl Pts',(126.254337592781,-32.2481517829851,-12.2624400169458));
#6561=CARTESIAN_POINT('Ctrl Pts',(126.050212716701,-32.0696902316089,-12.7218590243666));
#6562=CARTESIAN_POINT('Ctrl Pts',(126.000001847744,-31.9699681417833,-12.970513899941));
#6563=CARTESIAN_POINT('Ctrl Pts',(126.000001847744,-31.8738438716394,-13.2025784165956));
#6564=CARTESIAN_POINT('Ctrl Pts',(126.000001847744,-31.8738438716394,-13.2025784165956));
#6565=CARTESIAN_POINT('Ctrl Pts',(126.000001847744,-31.7777196014955,-13.4346429332502));
#6566=CARTESIAN_POINT('Ctrl Pts',(126.050212716701,-31.6724082187515,-13.6809826478938));
#6567=CARTESIAN_POINT('Ctrl Pts',(126.254337592781,-31.4737412963575,-14.1320323166062));
#6568=CARTESIAN_POINT('Ctrl Pts',(126.40824848455,-31.3805282713217,-14.3368064382242));
#6569=CARTESIAN_POINT('Ctrl Pts',(126.763328154018,-31.231186491714,-14.6592825123958));
#6570=CARTESIAN_POINT('Ctrl Pts',(126.988185823545,-31.1651183952902,-14.7985081039278));
#6571=CARTESIAN_POINT('Ctrl Pts',(127.48092782209,-31.0768884901739,-14.9829052082345));
#6572=CARTESIAN_POINT('Ctrl Pts',(127.748816928992,-31.0548736999053,-15.0281342648691));
#6573=CARTESIAN_POINT('Ctrl Pts',(128.251186766496,-31.0548736999053,-15.0281342648691));
#6574=CARTESIAN_POINT('Ctrl Pts',(128.519075873398,-31.0768884901739,-14.9829052082345));
#6575=CARTESIAN_POINT('Ctrl Pts',(129.011817871943,-31.1651183952902,-14.7985081039278));
#6576=CARTESIAN_POINT('Ctrl Pts',(129.23667554147,-31.231186491714,-14.6592825123958));
#6577=CARTESIAN_POINT('Ctrl Pts',(129.591755210938,-31.3805282713217,-14.3368064382242));
#6578=CARTESIAN_POINT('Ctrl Pts',(129.745666102707,-31.4737412963575,-14.1320323166062));
#6579=CARTESIAN_POINT('Ctrl Pts',(129.949790978787,-31.6724082187515,-13.6809826478938));
#6580=CARTESIAN_POINT('Ctrl Pts',(130.000001847744,-31.7777196014955,-13.4346429332502));
#6581=CARTESIAN_POINT('Ctrl Pts',(130.000001847744,-31.9699681417833,-12.970513899941));
#6582=CARTESIAN_POINT('Ctrl Pts',(129.949790978787,-32.0696902316089,-12.7218590243666));
#6583=CARTESIAN_POINT('Ctrl Pts',(129.745666102707,-32.2481517829851,-12.2624400169458));
#6584=CARTESIAN_POINT('Ctrl Pts',(129.591755210938,-32.327037390895,-12.0517312848405));
#6585=CARTESIAN_POINT('Ctrl Pts',(129.23667554147,-32.4494618246371,-11.7181056809482));
#6586=CARTESIAN_POINT('Ctrl Pts',(129.011817871943,-32.5011919855227,-11.5729411220599));
#6587=CARTESIAN_POINT('Ctrl Pts',(128.519075873398,-32.569192464198,-11.3801647149623));
#6588=CARTESIAN_POINT('Ctrl Pts',(128.251186766496,-32.5856074293656,-11.3326161348239));
#6589=CARTESIAN_POINT('Ctrl Pts',(128.000001847744,-32.5856074293656,-11.3326161348239));
#6590=CARTESIAN_POINT('Origin',(128.000001847744,-110.,6.73555739531044E-15));
#6591=CARTESIAN_POINT('',(128.000001847744,-37.9473319220206,1.99999999999999));
#6592=CARTESIAN_POINT('',(130.000001847744,-38.,-1.07782801567667E-15));
#6593=CARTESIAN_POINT('Ctrl Pts',(128.000001847744,-37.9473319220206,1.99999999999999));
#6594=CARTESIAN_POINT('Ctrl Pts',(128.251176122015,-37.9473319220206,1.99999999999999));
#6595=CARTESIAN_POINT('Ctrl Pts',(128.519060655628,-37.950082310226,1.94979326147502));
#6596=CARTESIAN_POINT('Ctrl Pts',(129.011805591997,-37.9600193900981,1.74567150583953));
#6597=CARTESIAN_POINT('Ctrl Pts',(129.236669929084,-37.9670629528537,1.59175904340581));
#6598=CARTESIAN_POINT('Ctrl Pts',(129.591760845091,-37.9802872296211,1.236668127399));
#6599=CARTESIAN_POINT('Ctrl Pts',(129.74567334212,-37.987326533726,1.01180376937952));
#6600=CARTESIAN_POINT('Ctrl Pts',(129.949795127394,-37.9972538750389,0.519058766556321));
#6601=CARTESIAN_POINT('Ctrl Pts',(130.000001847744,-38.,0.251174209111807));
#6602=CARTESIAN_POINT('Ctrl Pts',(130.000001847744,-38.,1.87350135405495E-15));
#6603=CARTESIAN_POINT('',(126.000001847744,-38.,2.57175827820944E-15));
#6604=CARTESIAN_POINT('Ctrl Pts',(126.000001847744,-38.,3.46944695195361E-16));
#6605=CARTESIAN_POINT('Ctrl Pts',(126.000001847744,-38.,0.251174209111805));
#6606=CARTESIAN_POINT('Ctrl Pts',(126.050208568094,-37.9972538750389,0.51905876655632));
#6607=CARTESIAN_POINT('Ctrl Pts',(126.254330353368,-37.987326533726,1.01180376937952));
#6608=CARTESIAN_POINT('Ctrl Pts',(126.408242850397,-37.9802872296211,1.236668127399));
#6609=CARTESIAN_POINT('Ctrl Pts',(126.763333766404,-37.9670629528537,1.59175904340581));
#6610=CARTESIAN_POINT('Ctrl Pts',(126.988198103491,-37.9600193900981,1.74567150583953));
#6611=CARTESIAN_POINT('Ctrl Pts',(127.48094303986,-37.950082310226,1.94979326147502));
#6612=CARTESIAN_POINT('Ctrl Pts',(127.748827573473,-37.9473319220206,1.99999999999999));
#6613=CARTESIAN_POINT('Ctrl Pts',(128.000001847744,-37.9473319220206,1.99999999999999));
#6614=CARTESIAN_POINT('',(126.000001847744,-34.5,2.67058473351938E-15));
#6615=CARTESIAN_POINT('',(126.000001847744,-110.,6.98048675513991E-15));
#6616=CARTESIAN_POINT('',(128.000001847744,-34.4419801985891,2.));
#6617=CARTESIAN_POINT('Ctrl Pts',(128.000001847744,-34.4419801985891,2.));
#6618=CARTESIAN_POINT('Ctrl Pts',(127.748816928992,-34.4419801985891,2.));
#6619=CARTESIAN_POINT('Ctrl Pts',(127.48092782209,-34.4450108020952,1.94978910479772));
#6620=CARTESIAN_POINT('Ctrl Pts',(126.988185823545,-34.4559588887933,1.74566427134721));
#6621=CARTESIAN_POINT('Ctrl Pts',(126.763328154018,-34.4637185235907,1.59175343101976));
#6622=CARTESIAN_POINT('Ctrl Pts',(126.40824848455,-34.4782860861994,1.23667376155224));
#6623=CARTESIAN_POINT('Ctrl Pts',(126.254337592781,-34.4860400284732,1.01181606143954));
#6624=CARTESIAN_POINT('Ctrl Pts',(126.050212716701,-34.49697509647,0.519073964611014));
#6625=CARTESIAN_POINT('Ctrl Pts',(126.000001847744,-34.5,0.251184822791578));
#6626=CARTESIAN_POINT('Ctrl Pts',(126.000001847744,-34.5,3.33066907387547E-15));
#6627=CARTESIAN_POINT('',(130.000001847744,-34.5,-6.90042478228203E-16));
#6628=CARTESIAN_POINT('Ctrl Pts',(130.000001847744,-34.5,2.84494650060196E-15));
#6629=CARTESIAN_POINT('Ctrl Pts',(130.000001847744,-34.5,0.251184822791578));
#6630=CARTESIAN_POINT('Ctrl Pts',(129.949790978787,-34.49697509647,0.519073964611014));
#6631=CARTESIAN_POINT('Ctrl Pts',(129.745666102707,-34.4860400284732,1.01181606143954));
#6632=CARTESIAN_POINT('Ctrl Pts',(129.591755210938,-34.4782860861994,1.23667376155224));
#6633=CARTESIAN_POINT('Ctrl Pts',(129.23667554147,-34.4637185235907,1.59175343101976));
#6634=CARTESIAN_POINT('Ctrl Pts',(129.011817871943,-34.4559588887933,1.74566427134721));
#6635=CARTESIAN_POINT('Ctrl Pts',(128.519075873398,-34.4450108020952,1.94978910479772));
#6636=CARTESIAN_POINT('Ctrl Pts',(128.251186766496,-34.4419801985891,1.99999999999999));
#6637=CARTESIAN_POINT('Ctrl Pts',(128.000001847744,-34.4419801985891,1.99999999999999));
#6638=CARTESIAN_POINT('Ctrl Pts',(126.000001847744,-34.5,3.05311331771918E-15));
#6639=CARTESIAN_POINT('Ctrl Pts',(126.000001847744,-34.5,-0.251184822791572));
#6640=CARTESIAN_POINT('Ctrl Pts',(126.050212716701,-34.49697509647,-0.51907396461101));
#6641=CARTESIAN_POINT('Ctrl Pts',(126.254337592781,-34.4860400284732,-1.01181606143954));
#6642=CARTESIAN_POINT('Ctrl Pts',(126.40824848455,-34.4782860861994,-1.23667376155224));
#6643=CARTESIAN_POINT('Ctrl Pts',(126.763328154018,-34.4637185235907,-1.59175343101976));
#6644=CARTESIAN_POINT('Ctrl Pts',(126.988185823545,-34.4559588887933,-1.74566427134721));
#6645=CARTESIAN_POINT('Ctrl Pts',(127.48092782209,-34.4450108020952,-1.94978910479772));
#6646=CARTESIAN_POINT('Ctrl Pts',(127.748816928992,-34.4419801985891,-1.99999999999999));
#6647=CARTESIAN_POINT('Ctrl Pts',(128.251186766496,-34.4419801985891,-1.99999999999999));
#6648=CARTESIAN_POINT('Ctrl Pts',(128.519075873398,-34.4450108020952,-1.94978910479772));
#6649=CARTESIAN_POINT('Ctrl Pts',(129.011817871943,-34.4559588887933,-1.74566427134721));
#6650=CARTESIAN_POINT('Ctrl Pts',(129.23667554147,-34.4637185235907,-1.59175343101976));
#6651=CARTESIAN_POINT('Ctrl Pts',(129.591755210938,-34.4782860861994,-1.23667376155224));
#6652=CARTESIAN_POINT('Ctrl Pts',(129.745666102707,-34.4860400284732,-1.01181606143954));
#6653=CARTESIAN_POINT('Ctrl Pts',(129.949790978787,-34.49697509647,-0.51907396461101));
#6654=CARTESIAN_POINT('Ctrl Pts',(130.000001847744,-34.5,-0.251184822791574));
#6655=CARTESIAN_POINT('Ctrl Pts',(130.000001847744,-34.5,4.16333634234434E-16));
#6656=CARTESIAN_POINT('Ctrl Pts',(130.000001847744,-38.,2.4980018054066E-15));
#6657=CARTESIAN_POINT('Ctrl Pts',(130.000001847744,-38.,-0.251174209111802));
#6658=CARTESIAN_POINT('Ctrl Pts',(129.949795127394,-37.9972538750389,-0.519058766556316));
#6659=CARTESIAN_POINT('Ctrl Pts',(129.74567334212,-37.987326533726,-1.01180376937951));
#6660=CARTESIAN_POINT('Ctrl Pts',(129.591760845091,-37.9802872296211,-1.236668127399));
#6661=CARTESIAN_POINT('Ctrl Pts',(129.236669929084,-37.9670629528537,-1.59175904340581));
#6662=CARTESIAN_POINT('Ctrl Pts',(129.011805591997,-37.9600193900981,-1.74567150583952));
#6663=CARTESIAN_POINT('Ctrl Pts',(128.519060655628,-37.950082310226,-1.94979326147502));
#6664=CARTESIAN_POINT('Ctrl Pts',(128.251176122015,-37.9473319220206,-1.99999999999999));
#6665=CARTESIAN_POINT('Ctrl Pts',(127.748827573473,-37.9473319220206,-1.99999999999999));
#6666=CARTESIAN_POINT('Ctrl Pts',(127.48094303986,-37.950082310226,-1.94979326147502));
#6667=CARTESIAN_POINT('Ctrl Pts',(126.988198103491,-37.9600193900981,-1.74567150583952));
#6668=CARTESIAN_POINT('Ctrl Pts',(126.763333766404,-37.9670629528537,-1.59175904340581));
#6669=CARTESIAN_POINT('Ctrl Pts',(126.408242850397,-37.9802872296211,-1.236668127399));
#6670=CARTESIAN_POINT('Ctrl Pts',(126.254330353368,-37.987326533726,-1.01180376937951));
#6671=CARTESIAN_POINT('Ctrl Pts',(126.050208568094,-37.9972538750389,-0.519058766556316));
#6672=CARTESIAN_POINT('Ctrl Pts',(126.000001847744,-38.,-0.251174209111803));
#6673=CARTESIAN_POINT('Ctrl Pts',(126.000001847744,-38.,1.80411241501588E-15));
#6674=CARTESIAN_POINT('Origin',(128.000001847744,-101.626748576242,42.0951775601599));
#6675=CARTESIAN_POINT('',(128.000001847744,-34.2933964114368,16.3695742940387));
#6676=CARTESIAN_POINT('',(126.000001847744,-35.1074222354289,14.5419704298734));
#6677=CARTESIAN_POINT('Ctrl Pts',(128.000001847744,-34.2933964114368,16.3695742940387));
#6678=CARTESIAN_POINT('Ctrl Pts',(128.251176122015,-34.2933964114368,16.3695742940387));
#6679=CARTESIAN_POINT('Ctrl Pts',(128.519060655628,-34.3151507258328,16.3242418439201));
#6680=CARTESIAN_POINT('Ctrl Pts',(129.011805591997,-34.4024454046066,16.1394606875814));
#6681=CARTESIAN_POINT('Ctrl Pts',(129.236669929084,-34.4678525574804,15.9999595685119));
#6682=CARTESIAN_POINT('Ctrl Pts',(129.591760845091,-34.6159576066572,15.6769590506564));
#6683=CARTESIAN_POINT('Ctrl Pts',(129.74567334212,-34.7085129399863,15.4719052977472));
#6684=CARTESIAN_POINT('Ctrl Pts',(129.949795127394,-34.9062499563987,15.0204673039395));
#6685=CARTESIAN_POINT('Ctrl Pts',(130.000001847744,-35.0113020269644,14.7740251407665));
#6686=CARTESIAN_POINT('Ctrl Pts',(130.000001847744,-35.2035424438934,14.3099157189803));
#6687=CARTESIAN_POINT('Ctrl Pts',(129.949795127394,-35.3035203371686,14.0613717627557));
#6688=CARTESIAN_POINT('Ctrl Pts',(129.74567334212,-35.4829140186785,13.6023357108522));
#6689=CARTESIAN_POINT('Ctrl Pts',(129.591760845091,-35.5624624140363,13.3918943078304));
#6690=CARTESIAN_POINT('Ctrl Pts',(129.236669929084,-35.6861321859378,13.0587723667271));
#6691=CARTESIAN_POINT('Ctrl Pts',(129.011805591997,-35.7385245318798,12.9138803381148));
#6692=CARTESIAN_POINT('Ctrl Pts',(128.519060655628,-35.80745788124,12.7214936701097));
#6693=CARTESIAN_POINT('Ctrl Pts',(128.251176122015,-35.8241301408972,12.6740561639936));
#6694=CARTESIAN_POINT('Ctrl Pts',(127.748827573473,-35.8241301408972,12.6740561639936));
#6695=CARTESIAN_POINT('Ctrl Pts',(127.48094303986,-35.80745788124,12.7214936701097));
#6696=CARTESIAN_POINT('Ctrl Pts',(126.988198103491,-35.7385245318798,12.9138803381148));
#6697=CARTESIAN_POINT('Ctrl Pts',(126.763333766404,-35.6861321859378,13.0587723667271));
#6698=CARTESIAN_POINT('Ctrl Pts',(126.408242850397,-35.5624624140363,13.3918943078304));
#6699=CARTESIAN_POINT('Ctrl Pts',(126.254330353368,-35.4829140186785,13.6023357108522));
#6700=CARTESIAN_POINT('Ctrl Pts',(126.050208568094,-35.3035203371686,14.0613717627557));
#6701=CARTESIAN_POINT('Ctrl Pts',(126.000001847744,-35.2035424438934,14.3099157189803));
#6702=CARTESIAN_POINT('Ctrl Pts',(126.000001847744,-35.1074222354289,14.5419704298734));
#6703=CARTESIAN_POINT('Ctrl Pts',(126.000001847744,-35.1074222354289,14.5419704298734));
#6704=CARTESIAN_POINT('Ctrl Pts',(126.000001847744,-35.0113020269644,14.7740251407665));
#6705=CARTESIAN_POINT('Ctrl Pts',(126.050208568094,-34.9062499563987,15.0204673039395));
#6706=CARTESIAN_POINT('Ctrl Pts',(126.254330353368,-34.7085129399863,15.4719052977472));
#6707=CARTESIAN_POINT('Ctrl Pts',(126.408242850397,-34.6159576066572,15.6769590506564));
#6708=CARTESIAN_POINT('Ctrl Pts',(126.763333766404,-34.4678525574804,15.9999595685119));
#6709=CARTESIAN_POINT('Ctrl Pts',(126.988198103491,-34.4024454046066,16.1394606875814));
#6710=CARTESIAN_POINT('Ctrl Pts',(127.48094303986,-34.3151507258328,16.3242418439201));
#6711=CARTESIAN_POINT('Ctrl Pts',(127.748827573473,-34.2933964114368,16.3695742940387));
#6712=CARTESIAN_POINT('Ctrl Pts',(128.000001847744,-34.2933964114368,16.3695742940387));
#6713=CARTESIAN_POINT('',(126.000001847744,-31.8738438716394,13.2025784165956));
#6714=CARTESIAN_POINT('',(126.000001847744,-101.626748576242,42.0951775601599));
#6715=CARTESIAN_POINT('',(128.000001847744,-31.0548736999053,15.0281342648691));
#6716=CARTESIAN_POINT('Ctrl Pts',(128.000001847744,-31.0548736999053,15.0281342648691));
#6717=CARTESIAN_POINT('Ctrl Pts',(127.748816928992,-31.0548736999053,15.0281342648691));
#6718=CARTESIAN_POINT('Ctrl Pts',(127.48092782209,-31.0768884901739,14.9829052082345));
#6719=CARTESIAN_POINT('Ctrl Pts',(126.988185823545,-31.1651183952902,14.7985081039278));
#6720=CARTESIAN_POINT('Ctrl Pts',(126.763328154018,-31.231186491714,14.6592825123958));
#6721=CARTESIAN_POINT('Ctrl Pts',(126.40824848455,-31.3805282713217,14.3368064382242));
#6722=CARTESIAN_POINT('Ctrl Pts',(126.254337592781,-31.4737412963575,14.1320323166062));
#6723=CARTESIAN_POINT('Ctrl Pts',(126.050212716701,-31.6724082187515,13.6809826478938));
#6724=CARTESIAN_POINT('Ctrl Pts',(126.000001847744,-31.7777196014955,13.4346429332502));
#6725=CARTESIAN_POINT('Ctrl Pts',(126.000001847744,-31.8738438716394,13.2025784165956));
#6726=CARTESIAN_POINT('Ctrl Pts',(126.000001847744,-31.8738438716394,13.2025784165956));
#6727=CARTESIAN_POINT('Ctrl Pts',(126.000001847744,-31.9699681417833,12.970513899941));
#6728=CARTESIAN_POINT('Ctrl Pts',(126.050212716701,-32.0696902316089,12.7218590243666));
#6729=CARTESIAN_POINT('Ctrl Pts',(126.254337592781,-32.2481517829851,12.2624400169458));
#6730=CARTESIAN_POINT('Ctrl Pts',(126.40824848455,-32.327037390895,12.0517312848405));
#6731=CARTESIAN_POINT('Ctrl Pts',(126.763328154018,-32.4494618246371,11.7181056809482));
#6732=CARTESIAN_POINT('Ctrl Pts',(126.988185823545,-32.5011919855227,11.5729411220599));
#6733=CARTESIAN_POINT('Ctrl Pts',(127.48092782209,-32.569192464198,11.3801647149623));
#6734=CARTESIAN_POINT('Ctrl Pts',(127.748816928992,-32.5856074293656,11.3326161348239));
#6735=CARTESIAN_POINT('Ctrl Pts',(128.251186766496,-32.5856074293656,11.3326161348239));
#6736=CARTESIAN_POINT('Ctrl Pts',(128.519075873398,-32.569192464198,11.3801647149623));
#6737=CARTESIAN_POINT('Ctrl Pts',(129.011817871943,-32.5011919855227,11.5729411220599));
#6738=CARTESIAN_POINT('Ctrl Pts',(129.23667554147,-32.4494618246371,11.7181056809482));
#6739=CARTESIAN_POINT('Ctrl Pts',(129.591755210938,-32.327037390895,12.0517312848405));
#6740=CARTESIAN_POINT('Ctrl Pts',(129.745666102707,-32.2481517829851,12.2624400169458));
#6741=CARTESIAN_POINT('Ctrl Pts',(129.949790978787,-32.0696902316089,12.7218590243666));
#6742=CARTESIAN_POINT('Ctrl Pts',(130.000001847744,-31.9699681417833,12.970513899941));
#6743=CARTESIAN_POINT('Ctrl Pts',(130.000001847744,-31.7777196014955,13.4346429332502));
#6744=CARTESIAN_POINT('Ctrl Pts',(129.949790978787,-31.6724082187515,13.6809826478938));
#6745=CARTESIAN_POINT('Ctrl Pts',(129.745666102707,-31.4737412963575,14.1320323166062));
#6746=CARTESIAN_POINT('Ctrl Pts',(129.591755210938,-31.3805282713217,14.3368064382242));
#6747=CARTESIAN_POINT('Ctrl Pts',(129.23667554147,-31.231186491714,14.6592825123958));
#6748=CARTESIAN_POINT('Ctrl Pts',(129.011817871943,-31.1651183952902,14.7985081039278));
#6749=CARTESIAN_POINT('Ctrl Pts',(128.519075873398,-31.0768884901739,14.9829052082345));
#6750=CARTESIAN_POINT('Ctrl Pts',(128.251186766496,-31.0548736999053,15.0281342648691));
#6751=CARTESIAN_POINT('Ctrl Pts',(128.000001847744,-31.0548736999053,15.0281342648691));
#6752=CARTESIAN_POINT('Origin',(128.000001847744,-77.7817459305202,77.7817459305202));
#6753=CARTESIAN_POINT('',(128.000001847744,-25.4186021676244,28.2470292923706));
#6754=CARTESIAN_POINT('',(126.000001847744,-26.8700576850888,26.8700576850888));
#6755=CARTESIAN_POINT('Ctrl Pts',(128.000001847744,-25.4186021676244,28.2470292923706));
#6756=CARTESIAN_POINT('Ctrl Pts',(128.251176122015,-25.4186021676244,28.2470292923706));
#6757=CARTESIAN_POINT('Ctrl Pts',(128.519060655628,-25.4560485110476,28.2134725852492));
#6758=CARTESIAN_POINT('Ctrl Pts',(129.011805591997,-25.6074109652079,28.0761632842144));
#6759=CARTESIAN_POINT('Ctrl Pts',(129.236669929084,-25.7212240620921,27.9723112893067));
#6760=CARTESIAN_POINT('Ctrl Pts',(129.591760845091,-25.9816622325168,27.730575070439));
#6761=CARTESIAN_POINT('Ctrl Pts',(129.74567334212,-26.145642884587,27.5765494977037));
#6762=CARTESIAN_POINT('Ctrl Pts',(129.949795127394,-26.5010859078405,27.2351458551731));
#6763=CARTESIAN_POINT('Ctrl Pts',(130.000001847744,-26.6924506985667,27.0476646716109));
#6764=CARTESIAN_POINT('Ctrl Pts',(130.000001847744,-27.0476646716109,26.6924506985667));
#6765=CARTESIAN_POINT('Ctrl Pts',(129.949795127394,-27.2351458551731,26.5010859078405));
#6766=CARTESIAN_POINT('Ctrl Pts',(129.74567334212,-27.5765494977037,26.145642884587));
#6767=CARTESIAN_POINT('Ctrl Pts',(129.591760845091,-27.730575070439,25.9816622325168));
#6768=CARTESIAN_POINT('Ctrl Pts',(129.236669929084,-27.9723112893067,25.7212240620921));
#6769=CARTESIAN_POINT('Ctrl Pts',(129.011805591997,-28.0761632842144,25.6074109652079));
#6770=CARTESIAN_POINT('Ctrl Pts',(128.519060655628,-28.2134725852492,25.4560485110476));
#6771=CARTESIAN_POINT('Ctrl Pts',(128.251176122015,-28.2470292923706,25.4186021676244));
#6772=CARTESIAN_POINT('Ctrl Pts',(127.748827573473,-28.2470292923706,25.4186021676244));
#6773=CARTESIAN_POINT('Ctrl Pts',(127.48094303986,-28.2134725852492,25.4560485110476));
#6774=CARTESIAN_POINT('Ctrl Pts',(126.988198103491,-28.0761632842144,25.6074109652079));
#6775=CARTESIAN_POINT('Ctrl Pts',(126.763333766404,-27.9723112893067,25.7212240620921));
#6776=CARTESIAN_POINT('Ctrl Pts',(126.408242850397,-27.730575070439,25.9816622325168));
#6777=CARTESIAN_POINT('Ctrl Pts',(126.254330353368,-27.5765494977037,26.145642884587));
#6778=CARTESIAN_POINT('Ctrl Pts',(126.050208568094,-27.2351458551731,26.5010859078405));
#6779=CARTESIAN_POINT('Ctrl Pts',(126.000001847744,-27.0476646716109,26.6924506985667));
#6780=CARTESIAN_POINT('Ctrl Pts',(126.000001847744,-26.8700576850888,26.8700576850888));
#6781=CARTESIAN_POINT('Ctrl Pts',(126.000001847744,-26.8700576850888,26.8700576850888));
#6782=CARTESIAN_POINT('Ctrl Pts',(126.000001847744,-26.6924506985667,27.0476646716109));
#6783=CARTESIAN_POINT('Ctrl Pts',(126.050208568094,-26.5010859078405,27.2351458551731));
#6784=CARTESIAN_POINT('Ctrl Pts',(126.254330353368,-26.145642884587,27.5765494977037));
#6785=CARTESIAN_POINT('Ctrl Pts',(126.408242850397,-25.9816622325168,27.730575070439));
#6786=CARTESIAN_POINT('Ctrl Pts',(126.763333766404,-25.7212240620921,27.9723112893067));
#6787=CARTESIAN_POINT('Ctrl Pts',(126.988198103491,-25.6074109652079,28.0761632842144));
#6788=CARTESIAN_POINT('Ctrl Pts',(127.48094303986,-25.4560485110476,28.2134725852492));
#6789=CARTESIAN_POINT('Ctrl Pts',(127.748827573473,-25.4186021676244,28.2470292923706));
#6790=CARTESIAN_POINT('Ctrl Pts',(128.000001847744,-25.4186021676244,28.2470292923706));
#6791=CARTESIAN_POINT('',(126.000001847744,-24.3951839509359,24.3951839509359));
#6792=CARTESIAN_POINT('',(126.000001847744,-77.7817459305202,77.7817459305202));
#6793=CARTESIAN_POINT('',(128.000001847744,-22.939944193542,25.7683713182882));
#6794=CARTESIAN_POINT('Ctrl Pts',(128.000001847744,-22.939944193542,25.7683713182882));
#6795=CARTESIAN_POINT('Ctrl Pts',(127.748816928992,-22.939944193542,25.7683713182882));
#6796=CARTESIAN_POINT('Ctrl Pts',(127.48092782209,-22.9775916183193,25.7350098140915));
#6797=CARTESIAN_POINT('Ctrl Pts',(126.988185823545,-23.129671138606,25.5984132264953));
#6798=CARTESIAN_POINT('Ctrl Pts',(126.763328154018,-23.2439894278844,25.4950687179864));
#6799=CARTESIAN_POINT('Ctrl Pts',(126.40824848455,-23.5053694923323,25.2542902981505));
#6800=CARTESIAN_POINT('Ctrl Pts',(126.254337592781,-23.6698507620467,25.1007747587615));
#6801=CARTESIAN_POINT('Ctrl Pts',(126.050212716701,-24.0260043008236,24.7600857414512));
#6802=CARTESIAN_POINT('Ctrl Pts',(126.000001847744,-24.2175694594088,24.572798442463));
#6803=CARTESIAN_POINT('Ctrl Pts',(126.000001847744,-24.3951839509359,24.3951839509359));
#6804=CARTESIAN_POINT('Ctrl Pts',(126.000001847744,-24.3951839509359,24.3951839509359));
#6805=CARTESIAN_POINT('Ctrl Pts',(126.000001847744,-24.572798442463,24.2175694594088));
#6806=CARTESIAN_POINT('Ctrl Pts',(126.050212716701,-24.7600857414512,24.0260043008236));
#6807=CARTESIAN_POINT('Ctrl Pts',(126.254337592781,-25.1007747587615,23.6698507620467));
#6808=CARTESIAN_POINT('Ctrl Pts',(126.40824848455,-25.2542902981505,23.5053694923323));
#6809=CARTESIAN_POINT('Ctrl Pts',(126.763328154018,-25.4950687179864,23.2439894278844));
#6810=CARTESIAN_POINT('Ctrl Pts',(126.988185823545,-25.5984132264953,23.1296711386059));
#6811=CARTESIAN_POINT('Ctrl Pts',(127.48092782209,-25.7350098140915,22.9775916183193));
#6812=CARTESIAN_POINT('Ctrl Pts',(127.748816928992,-25.7683713182882,22.939944193542));
#6813=CARTESIAN_POINT('Ctrl Pts',(128.251186766496,-25.7683713182882,22.939944193542));
#6814=CARTESIAN_POINT('Ctrl Pts',(128.519075873398,-25.7350098140915,22.9775916183193));
#6815=CARTESIAN_POINT('Ctrl Pts',(129.011817871943,-25.5984132264953,23.129671138606));
#6816=CARTESIAN_POINT('Ctrl Pts',(129.23667554147,-25.4950687179864,23.2439894278844));
#6817=CARTESIAN_POINT('Ctrl Pts',(129.591755210938,-25.2542902981505,23.5053694923323));
#6818=CARTESIAN_POINT('Ctrl Pts',(129.745666102707,-25.1007747587615,23.6698507620467));
#6819=CARTESIAN_POINT('Ctrl Pts',(129.949790978787,-24.7600857414512,24.0260043008236));
#6820=CARTESIAN_POINT('Ctrl Pts',(130.000001847744,-24.5727984424629,24.2175694594088));
#6821=CARTESIAN_POINT('Ctrl Pts',(130.000001847744,-24.2175694594088,24.5727984424629));
#6822=CARTESIAN_POINT('Ctrl Pts',(129.949790978787,-24.0260043008236,24.7600857414512));
#6823=CARTESIAN_POINT('Ctrl Pts',(129.745666102707,-23.6698507620467,25.1007747587615));
#6824=CARTESIAN_POINT('Ctrl Pts',(129.591755210938,-23.5053694923323,25.2542902981505));
#6825=CARTESIAN_POINT('Ctrl Pts',(129.23667554147,-23.2439894278844,25.4950687179864));
#6826=CARTESIAN_POINT('Ctrl Pts',(129.011817871943,-23.129671138606,25.5984132264953));
#6827=CARTESIAN_POINT('Ctrl Pts',(128.519075873398,-22.9775916183193,25.7350098140915));
#6828=CARTESIAN_POINT('Ctrl Pts',(128.251186766496,-22.939944193542,25.7683713182882));
#6829=CARTESIAN_POINT('Ctrl Pts',(128.000001847744,-22.939944193542,25.7683713182882));
#6830=CARTESIAN_POINT('Origin',(128.000001847744,-42.0951775601599,101.626748576242));
#6831=CARTESIAN_POINT('',(128.000001847744,-12.6740561639936,35.8241301408972));
#6832=CARTESIAN_POINT('',(126.000001847744,-14.5419704298734,35.1074222354289));
#6833=CARTESIAN_POINT('Ctrl Pts',(128.000001847744,-12.6740561639936,35.8241301408972));
#6834=CARTESIAN_POINT('Ctrl Pts',(128.251176122015,-12.6740561639936,35.8241301408972));
#6835=CARTESIAN_POINT('Ctrl Pts',(128.519060655628,-12.7214936701097,35.80745788124));
#6836=CARTESIAN_POINT('Ctrl Pts',(129.011805591997,-12.9138803381148,35.7385245318798));
#6837=CARTESIAN_POINT('Ctrl Pts',(129.236669929084,-13.0587723667271,35.6861321859378));
#6838=CARTESIAN_POINT('Ctrl Pts',(129.591760845091,-13.3918943078304,35.5624624140363));
#6839=CARTESIAN_POINT('Ctrl Pts',(129.74567334212,-13.6023357108522,35.4829140186785));
#6840=CARTESIAN_POINT('Ctrl Pts',(129.949795127394,-14.0613717627557,35.3035203371686));
#6841=CARTESIAN_POINT('Ctrl Pts',(130.000001847744,-14.3099157189803,35.2035424438934));
#6842=CARTESIAN_POINT('Ctrl Pts',(130.000001847744,-14.7740251407665,35.0113020269644));
#6843=CARTESIAN_POINT('Ctrl Pts',(129.949795127394,-15.0204673039395,34.9062499563987));
#6844=CARTESIAN_POINT('Ctrl Pts',(129.74567334212,-15.4719052977472,34.7085129399863));
#6845=CARTESIAN_POINT('Ctrl Pts',(129.591760845091,-15.6769590506564,34.6159576066572));
#6846=CARTESIAN_POINT('Ctrl Pts',(129.236669929084,-15.9999595685119,34.4678525574804));
#6847=CARTESIAN_POINT('Ctrl Pts',(129.011805591997,-16.1394606875814,34.4024454046066));
#6848=CARTESIAN_POINT('Ctrl Pts',(128.519060655628,-16.3242418439201,34.3151507258328));
#6849=CARTESIAN_POINT('Ctrl Pts',(128.251176122015,-16.3695742940387,34.2933964114368));
#6850=CARTESIAN_POINT('Ctrl Pts',(127.748827573473,-16.3695742940387,34.2933964114368));
#6851=CARTESIAN_POINT('Ctrl Pts',(127.48094303986,-16.3242418439201,34.3151507258328));
#6852=CARTESIAN_POINT('Ctrl Pts',(126.988198103491,-16.1394606875814,34.4024454046066));
#6853=CARTESIAN_POINT('Ctrl Pts',(126.763333766404,-15.9999595685119,34.4678525574804));
#6854=CARTESIAN_POINT('Ctrl Pts',(126.408242850397,-15.6769590506564,34.6159576066572));
#6855=CARTESIAN_POINT('Ctrl Pts',(126.254330353368,-15.4719052977472,34.7085129399863));
#6856=CARTESIAN_POINT('Ctrl Pts',(126.050208568094,-15.0204673039395,34.9062499563987));
#6857=CARTESIAN_POINT('Ctrl Pts',(126.000001847744,-14.7740251407665,35.0113020269644));
#6858=CARTESIAN_POINT('Ctrl Pts',(126.000001847744,-14.5419704298734,35.1074222354289));
#6859=CARTESIAN_POINT('Ctrl Pts',(126.000001847744,-14.5419704298734,35.1074222354289));
#6860=CARTESIAN_POINT('Ctrl Pts',(126.000001847744,-14.3099157189803,35.2035424438934));
#6861=CARTESIAN_POINT('Ctrl Pts',(126.050208568094,-14.0613717627557,35.3035203371686));
#6862=CARTESIAN_POINT('Ctrl Pts',(126.254330353368,-13.6023357108522,35.4829140186785));
#6863=CARTESIAN_POINT('Ctrl Pts',(126.408242850397,-13.3918943078304,35.5624624140363));
#6864=CARTESIAN_POINT('Ctrl Pts',(126.763333766404,-13.0587723667271,35.6861321859378));
#6865=CARTESIAN_POINT('Ctrl Pts',(126.988198103491,-12.9138803381148,35.7385245318798));
#6866=CARTESIAN_POINT('Ctrl Pts',(127.48094303986,-12.7214936701097,35.80745788124));
#6867=CARTESIAN_POINT('Ctrl Pts',(127.748827573473,-12.6740561639936,35.8241301408972));
#6868=CARTESIAN_POINT('Ctrl Pts',(128.000001847744,-12.6740561639936,35.8241301408972));
#6869=CARTESIAN_POINT('',(126.000001847744,-13.2025784165956,31.8738438716394));
#6870=CARTESIAN_POINT('',(126.000001847744,-42.0951775601599,101.626748576242));
#6871=CARTESIAN_POINT('',(128.000001847744,-11.3326161348239,32.5856074293656));
#6872=CARTESIAN_POINT('Ctrl Pts',(128.000001847744,-11.3326161348239,32.5856074293656));
#6873=CARTESIAN_POINT('Ctrl Pts',(127.748816928992,-11.3326161348239,32.5856074293656));
#6874=CARTESIAN_POINT('Ctrl Pts',(127.48092782209,-11.3801647149623,32.569192464198));
#6875=CARTESIAN_POINT('Ctrl Pts',(126.988185823545,-11.5729411220599,32.5011919855227));
#6876=CARTESIAN_POINT('Ctrl Pts',(126.763328154018,-11.7181056809482,32.4494618246371));
#6877=CARTESIAN_POINT('Ctrl Pts',(126.40824848455,-12.0517312848405,32.327037390895));
#6878=CARTESIAN_POINT('Ctrl Pts',(126.254337592781,-12.2624400169458,32.2481517829851));
#6879=CARTESIAN_POINT('Ctrl Pts',(126.050212716701,-12.7218590243666,32.0696902316089));
#6880=CARTESIAN_POINT('Ctrl Pts',(126.000001847744,-12.970513899941,31.9699681417833));
#6881=CARTESIAN_POINT('Ctrl Pts',(126.000001847744,-13.2025784165956,31.8738438716394));
#6882=CARTESIAN_POINT('Ctrl Pts',(126.000001847744,-13.2025784165956,31.8738438716394));
#6883=CARTESIAN_POINT('Ctrl Pts',(126.000001847744,-13.4346429332502,31.7777196014955));
#6884=CARTESIAN_POINT('Ctrl Pts',(126.050212716701,-13.6809826478938,31.6724082187515));
#6885=CARTESIAN_POINT('Ctrl Pts',(126.254337592781,-14.1320323166062,31.4737412963575));
#6886=CARTESIAN_POINT('Ctrl Pts',(126.40824848455,-14.3368064382242,31.3805282713217));
#6887=CARTESIAN_POINT('Ctrl Pts',(126.763328154018,-14.6592825123958,31.231186491714));
#6888=CARTESIAN_POINT('Ctrl Pts',(126.988185823545,-14.7985081039278,31.1651183952902));
#6889=CARTESIAN_POINT('Ctrl Pts',(127.48092782209,-14.9829052082345,31.0768884901739));
#6890=CARTESIAN_POINT('Ctrl Pts',(127.748816928992,-15.0281342648691,31.0548736999053));
#6891=CARTESIAN_POINT('Ctrl Pts',(128.251186766496,-15.0281342648691,31.0548736999053));
#6892=CARTESIAN_POINT('Ctrl Pts',(128.519075873398,-14.9829052082345,31.0768884901739));
#6893=CARTESIAN_POINT('Ctrl Pts',(129.011817871943,-14.7985081039278,31.1651183952902));
#6894=CARTESIAN_POINT('Ctrl Pts',(129.23667554147,-14.6592825123958,31.231186491714));
#6895=CARTESIAN_POINT('Ctrl Pts',(129.591755210938,-14.3368064382242,31.3805282713217));
#6896=CARTESIAN_POINT('Ctrl Pts',(129.745666102707,-14.1320323166062,31.4737412963575));
#6897=CARTESIAN_POINT('Ctrl Pts',(129.949790978787,-13.6809826478938,31.6724082187515));
#6898=CARTESIAN_POINT('Ctrl Pts',(130.000001847744,-13.4346429332502,31.7777196014955));
#6899=CARTESIAN_POINT('Ctrl Pts',(130.000001847744,-12.970513899941,31.9699681417833));
#6900=CARTESIAN_POINT('Ctrl Pts',(129.949790978787,-12.7218590243666,32.0696902316089));
#6901=CARTESIAN_POINT('Ctrl Pts',(129.745666102707,-12.2624400169458,32.2481517829851));
#6902=CARTESIAN_POINT('Ctrl Pts',(129.591755210938,-12.0517312848405,32.327037390895));
#6903=CARTESIAN_POINT('Ctrl Pts',(129.23667554147,-11.7181056809482,32.4494618246371));
#6904=CARTESIAN_POINT('Ctrl Pts',(129.011817871943,-11.5729411220599,32.5011919855227));
#6905=CARTESIAN_POINT('Ctrl Pts',(128.519075873398,-11.3801647149623,32.569192464198));
#6906=CARTESIAN_POINT('Ctrl Pts',(128.251186766496,-11.3326161348239,32.5856074293656));
#6907=CARTESIAN_POINT('Ctrl Pts',(128.000001847744,-11.3326161348239,32.5856074293656));
#6908=CARTESIAN_POINT('Origin',(128.000001847744,0.,110.));
#6909=CARTESIAN_POINT('',(128.000001847744,1.99999999999999,37.9473319220206));
#6910=CARTESIAN_POINT('',(126.000001847744,2.4492935982947E-16,38.));
#6911=CARTESIAN_POINT('Ctrl Pts',(128.000001847744,1.99999999999999,37.9473319220206));
#6912=CARTESIAN_POINT('Ctrl Pts',(128.251176122015,1.99999999999999,37.9473319220206));
#6913=CARTESIAN_POINT('Ctrl Pts',(128.519060655628,1.94979326147502,37.950082310226));
#6914=CARTESIAN_POINT('Ctrl Pts',(129.011805591997,1.74567150583952,37.9600193900981));
#6915=CARTESIAN_POINT('Ctrl Pts',(129.236669929084,1.59175904340581,37.9670629528537));
#6916=CARTESIAN_POINT('Ctrl Pts',(129.591760845091,1.236668127399,37.9802872296211));
#6917=CARTESIAN_POINT('Ctrl Pts',(129.74567334212,1.01180376937952,37.987326533726));
#6918=CARTESIAN_POINT('Ctrl Pts',(129.949795127394,0.519058766556318,37.9972538750389));
#6919=CARTESIAN_POINT('Ctrl Pts',(130.000001847744,0.251174209111805,38.));
#6920=CARTESIAN_POINT('Ctrl Pts',(130.000001847744,-0.251174209111805,38.));
#6921=CARTESIAN_POINT('Ctrl Pts',(129.949795127394,-0.519058766556318,37.9972538750389));
#6922=CARTESIAN_POINT('Ctrl Pts',(129.74567334212,-1.01180376937952,37.987326533726));
#6923=CARTESIAN_POINT('Ctrl Pts',(129.591760845091,-1.236668127399,37.9802872296211));
#6924=CARTESIAN_POINT('Ctrl Pts',(129.236669929084,-1.59175904340581,37.9670629528537));
#6925=CARTESIAN_POINT('Ctrl Pts',(129.011805591997,-1.74567150583952,37.9600193900981));
#6926=CARTESIAN_POINT('Ctrl Pts',(128.519060655628,-1.94979326147502,37.950082310226));
#6927=CARTESIAN_POINT('Ctrl Pts',(128.251176122015,-1.99999999999999,37.9473319220206));
#6928=CARTESIAN_POINT('Ctrl Pts',(127.748827573473,-1.99999999999999,37.9473319220206));
#6929=CARTESIAN_POINT('Ctrl Pts',(127.48094303986,-1.94979326147502,37.950082310226));
#6930=CARTESIAN_POINT('Ctrl Pts',(126.988198103491,-1.74567150583952,37.9600193900981));
#6931=CARTESIAN_POINT('Ctrl Pts',(126.763333766404,-1.59175904340581,37.9670629528537));
#6932=CARTESIAN_POINT('Ctrl Pts',(126.408242850397,-1.236668127399,37.9802872296211));
#6933=CARTESIAN_POINT('Ctrl Pts',(126.254330353368,-1.01180376937952,37.987326533726));
#6934=CARTESIAN_POINT('Ctrl Pts',(126.050208568094,-0.519058766556319,37.9972538750389));
#6935=CARTESIAN_POINT('Ctrl Pts',(126.000001847744,-0.251174209111805,38.));
#6936=CARTESIAN_POINT('Ctrl Pts',(126.000001847744,-6.93889390390723E-16,
38.));
#6937=CARTESIAN_POINT('Ctrl Pts',(126.000001847744,9.0205620750794E-16,
38.));
#6938=CARTESIAN_POINT('Ctrl Pts',(126.000001847744,0.251174209111806,38.));
#6939=CARTESIAN_POINT('Ctrl Pts',(126.050208568094,0.519058766556318,37.9972538750389));
#6940=CARTESIAN_POINT('Ctrl Pts',(126.254330353368,1.01180376937952,37.987326533726));
#6941=CARTESIAN_POINT('Ctrl Pts',(126.408242850397,1.236668127399,37.9802872296211));
#6942=CARTESIAN_POINT('Ctrl Pts',(126.763333766404,1.59175904340581,37.9670629528537));
#6943=CARTESIAN_POINT('Ctrl Pts',(126.988198103491,1.74567150583952,37.9600193900981));
#6944=CARTESIAN_POINT('Ctrl Pts',(127.48094303986,1.94979326147502,37.950082310226));
#6945=CARTESIAN_POINT('Ctrl Pts',(127.748827573473,1.99999999999999,37.9473319220206));
#6946=CARTESIAN_POINT('Ctrl Pts',(128.000001847744,1.99999999999999,37.9473319220206));
#6947=CARTESIAN_POINT('',(126.000001847744,6.08187253188241E-16,34.5));
#6948=CARTESIAN_POINT('',(126.000001847744,2.4492935982947E-16,110.));
#6949=CARTESIAN_POINT('',(128.000001847744,2.,34.4419801985891));
#6950=CARTESIAN_POINT('Ctrl Pts',(128.000001847744,2.,34.4419801985891));
#6951=CARTESIAN_POINT('Ctrl Pts',(127.748816928992,2.,34.4419801985891));
#6952=CARTESIAN_POINT('Ctrl Pts',(127.48092782209,1.94978910479772,34.4450108020952));
#6953=CARTESIAN_POINT('Ctrl Pts',(126.988185823545,1.74566427134721,34.4559588887933));
#6954=CARTESIAN_POINT('Ctrl Pts',(126.763328154018,1.59175343101976,34.4637185235907));
#6955=CARTESIAN_POINT('Ctrl Pts',(126.40824848455,1.23667376155224,34.4782860861994));
#6956=CARTESIAN_POINT('Ctrl Pts',(126.254337592781,1.01181606143954,34.4860400284732));
#6957=CARTESIAN_POINT('Ctrl Pts',(126.050212716701,0.519073964611012,34.49697509647));
#6958=CARTESIAN_POINT('Ctrl Pts',(126.000001847744,0.251184822791575,34.5));
#6959=CARTESIAN_POINT('Ctrl Pts',(126.000001847744,0.,34.5));
#6960=CARTESIAN_POINT('Ctrl Pts',(126.000001847744,9.0205620750794E-16,
34.5));
#6961=CARTESIAN_POINT('Ctrl Pts',(126.000001847744,-0.251184822791574,34.5));
#6962=CARTESIAN_POINT('Ctrl Pts',(126.050212716701,-0.519073964611012,34.49697509647));
#6963=CARTESIAN_POINT('Ctrl Pts',(126.254337592781,-1.01181606143954,34.4860400284732));
#6964=CARTESIAN_POINT('Ctrl Pts',(126.40824848455,-1.23667376155224,34.4782860861994));
#6965=CARTESIAN_POINT('Ctrl Pts',(126.763328154018,-1.59175343101976,34.4637185235907));
#6966=CARTESIAN_POINT('Ctrl Pts',(126.988185823545,-1.74566427134721,34.4559588887933));
#6967=CARTESIAN_POINT('Ctrl Pts',(127.48092782209,-1.94978910479772,34.4450108020952));
#6968=CARTESIAN_POINT('Ctrl Pts',(127.748816928992,-1.99999999999999,34.4419801985891));
#6969=CARTESIAN_POINT('Ctrl Pts',(128.251186766496,-1.99999999999999,34.4419801985891));
#6970=CARTESIAN_POINT('Ctrl Pts',(128.519075873398,-1.94978910479772,34.4450108020952));
#6971=CARTESIAN_POINT('Ctrl Pts',(129.011817871943,-1.74566427134721,34.4559588887933));
#6972=CARTESIAN_POINT('Ctrl Pts',(129.23667554147,-1.59175343101976,34.4637185235907));
#6973=CARTESIAN_POINT('Ctrl Pts',(129.591755210938,-1.23667376155224,34.4782860861994));
#6974=CARTESIAN_POINT('Ctrl Pts',(129.745666102707,-1.01181606143954,34.4860400284732));
#6975=CARTESIAN_POINT('Ctrl Pts',(129.949790978787,-0.519073964611012,34.49697509647));
#6976=CARTESIAN_POINT('Ctrl Pts',(130.000001847744,-0.251184822791575,34.5));
#6977=CARTESIAN_POINT('Ctrl Pts',(130.000001847744,0.251184822791574,34.5));
#6978=CARTESIAN_POINT('Ctrl Pts',(129.949790978787,0.519073964611012,34.49697509647));
#6979=CARTESIAN_POINT('Ctrl Pts',(129.745666102707,1.01181606143954,34.4860400284732));
#6980=CARTESIAN_POINT('Ctrl Pts',(129.591755210938,1.23667376155224,34.4782860861994));
#6981=CARTESIAN_POINT('Ctrl Pts',(129.23667554147,1.59175343101976,34.4637185235907));
#6982=CARTESIAN_POINT('Ctrl Pts',(129.011817871943,1.74566427134721,34.4559588887933));
#6983=CARTESIAN_POINT('Ctrl Pts',(128.519075873398,1.94978910479772,34.4450108020952));
#6984=CARTESIAN_POINT('Ctrl Pts',(128.251186766496,1.99999999999999,34.4419801985891));
#6985=CARTESIAN_POINT('Ctrl Pts',(128.000001847744,1.99999999999999,34.4419801985891));
#6986=CARTESIAN_POINT('Origin',(53.9999997615814,0.,0.));
#6987=CARTESIAN_POINT('',(123.999999761581,-30.,-3.67394039744206E-15));
#6988=CARTESIAN_POINT('Origin',(123.999999761581,0.,0.));
#6989=CARTESIAN_POINT('',(-16.0000002384186,-30.,-3.67394039744206E-15));
#6990=CARTESIAN_POINT('',(53.9999997615814,-30.,-3.67394039744206E-15));
#6991=CARTESIAN_POINT('Origin',(-16.0000002384186,0.,0.));
#6992=CARTESIAN_POINT('Origin',(-16.0000002384186,48.0000007152557,0.));
#6993=CARTESIAN_POINT('Origin',(-12.0000002384186,0.,0.));
#6994=CARTESIAN_POINT('',(-8.00000023841857,-70.,-8.57252759403147E-15));
#6995=CARTESIAN_POINT('Origin',(-8.00000023841857,0.,0.));
#6996=CARTESIAN_POINT('',(-12.0000002384186,-70.,-8.57252759403147E-15));
#6997=CARTESIAN_POINT('Origin',(-8.00000023841858,38.,0.));
#6998=CARTESIAN_POINT('',(-8.00000023841857,-38.,-4.65365783675994E-15));
#6999=CARTESIAN_POINT('Origin',(-8.00000023841857,0.,0.));
#7000=CARTESIAN_POINT('Origin',(61.9999997615814,0.,0.));
#7001=CARTESIAN_POINT('',(131.999999761581,-38.,-4.65365783675994E-15));
#7002=CARTESIAN_POINT('Origin',(131.999999761581,0.,0.));
#7003=CARTESIAN_POINT('',(61.9999997615814,-38.,-4.65365783675994E-15));
#7004=CARTESIAN_POINT('',(61.9999997615814,-38.,-4.65365783675994E-15));
#7005=CARTESIAN_POINT('Origin',(131.999999761581,34.5,0.));
#7006=CARTESIAN_POINT('',(131.999999761581,-34.5,-4.22503145705837E-15));
#7007=CARTESIAN_POINT('Origin',(131.999999761581,0.,0.));
#7008=CARTESIAN_POINT('Origin',(127.999999761581,0.,0.));
#7009=CARTESIAN_POINT('',(127.999999761581,-34.5,-4.22503145705837E-15));
#7010=CARTESIAN_POINT('',(123.999999761581,-34.5,-4.22503145705837E-15));
#7011=CARTESIAN_POINT('',(127.999999761581,-34.5,-4.22503145705837E-15));
#7012=CARTESIAN_POINT('Origin',(123.999999761581,0.,0.));
#7013=CARTESIAN_POINT('Origin',(123.999999761581,30.,0.));
#7014=CARTESIAN_POINT('',(0.,0.,0.));
#7015=CARTESIAN_POINT('',(0.,0.,0.));
#7016=CARTESIAN_POINT('',(0.,0.,0.));
#7017=CARTESIAN_POINT('',(0.,0.,0.));
#7018=CARTESIAN_POINT('',(0.,0.,0.));
#7019=UNCERTAINTY_MEASURE_WITH_UNIT(LENGTH_MEASURE(0.01),#7033,
'DISTANCE_ACCURACY_VALUE',
'Maximum model space distance between geometric entities at asserted c
onnectivities');
#7020=UNCERTAINTY_MEASURE_WITH_UNIT(LENGTH_MEASURE(0.01),#7033,
'DISTANCE_ACCURACY_VALUE',
'Maximum model space distance between geometric entities at asserted c
onnectivities');
#7021=UNCERTAINTY_MEASURE_WITH_UNIT(LENGTH_MEASURE(0.01),#7033,
'DISTANCE_ACCURACY_VALUE',
'Maximum model space distance between geometric entities at asserted c
onnectivities');
#7022=UNCERTAINTY_MEASURE_WITH_UNIT(LENGTH_MEASURE(0.01),#7033,
'DISTANCE_ACCURACY_VALUE',
'Maximum model space distance between geometric entities at asserted c
onnectivities');
#7023=UNCERTAINTY_MEASURE_WITH_UNIT(LENGTH_MEASURE(0.01),#7033,
'DISTANCE_ACCURACY_VALUE',
'Maximum model space distance between geometric entities at asserted c
onnectivities');
#7024=UNCERTAINTY_MEASURE_WITH_UNIT(LENGTH_MEASURE(0.01),#7033,
'DISTANCE_ACCURACY_VALUE',
'Maximum model space distance between geometric entities at asserted c
onnectivities');
#7025=UNCERTAINTY_MEASURE_WITH_UNIT(LENGTH_MEASURE(0.01),#7033,
'DISTANCE_ACCURACY_VALUE',
'Maximum model space distance between geometric entities at asserted c
onnectivities');
#7026=(
GEOMETRIC_REPRESENTATION_CONTEXT(3)
GLOBAL_UNCERTAINTY_ASSIGNED_CONTEXT((#7019))
GLOBAL_UNIT_ASSIGNED_CONTEXT((#7033,#7035,#7036))
REPRESENTATION_CONTEXT('','3D')
);
#7027=(
GEOMETRIC_REPRESENTATION_CONTEXT(3)
GLOBAL_UNCERTAINTY_ASSIGNED_CONTEXT((#7020))
GLOBAL_UNIT_ASSIGNED_CONTEXT((#7033,#7035,#7036))
REPRESENTATION_CONTEXT('','3D')
);
#7028=(
GEOMETRIC_REPRESENTATION_CONTEXT(3)
GLOBAL_UNCERTAINTY_ASSIGNED_CONTEXT((#7021))
GLOBAL_UNIT_ASSIGNED_CONTEXT((#7033,#7035,#7036))
REPRESENTATION_CONTEXT('','3D')
);
#7029=(
GEOMETRIC_REPRESENTATION_CONTEXT(3)
GLOBAL_UNCERTAINTY_ASSIGNED_CONTEXT((#7022))
GLOBAL_UNIT_ASSIGNED_CONTEXT((#7033,#7035,#7036))
REPRESENTATION_CONTEXT('','3D')
);
#7030=(
GEOMETRIC_REPRESENTATION_CONTEXT(3)
GLOBAL_UNCERTAINTY_ASSIGNED_CONTEXT((#7023))
GLOBAL_UNIT_ASSIGNED_CONTEXT((#7033,#7035,#7036))
REPRESENTATION_CONTEXT('','3D')
);
#7031=(
GEOMETRIC_REPRESENTATION_CONTEXT(3)
GLOBAL_UNCERTAINTY_ASSIGNED_CONTEXT((#7024))
GLOBAL_UNIT_ASSIGNED_CONTEXT((#7033,#7035,#7036))
REPRESENTATION_CONTEXT('','3D')
);
#7032=(
GEOMETRIC_REPRESENTATION_CONTEXT(3)
GLOBAL_UNCERTAINTY_ASSIGNED_CONTEXT((#7025))
GLOBAL_UNIT_ASSIGNED_CONTEXT((#7033,#7035,#7036))
REPRESENTATION_CONTEXT('','3D')
);
#7033=(
LENGTH_UNIT()
NAMED_UNIT(*)
SI_UNIT(.MILLI.,.METRE.)
);
#7034=(
LENGTH_UNIT()
NAMED_UNIT(*)
SI_UNIT($,.METRE.)
);
#7035=(
NAMED_UNIT(*)
PLANE_ANGLE_UNIT()
SI_UNIT($,.RADIAN.)
);
#7036=(
NAMED_UNIT(*)
SI_UNIT($,.STERADIAN.)
SOLID_ANGLE_UNIT()
);
#7037=SHAPE_DEFINITION_REPRESENTATION(#7043,#7054);
#7038=SHAPE_DEFINITION_REPRESENTATION(#7044,#7055);
#7039=SHAPE_DEFINITION_REPRESENTATION(#7045,#7056);
#7040=SHAPE_DEFINITION_REPRESENTATION(#7046,#7057);
#7041=SHAPE_DEFINITION_REPRESENTATION(#7047,#7058);
#7042=SHAPE_DEFINITION_REPRESENTATION(#7048,#7059);
#7043=PRODUCT_DEFINITION_SHAPE('',$,#7061);
#7044=PRODUCT_DEFINITION_SHAPE('',$,#7062);
#7045=PRODUCT_DEFINITION_SHAPE('',$,#7063);
#7046=PRODUCT_DEFINITION_SHAPE('',$,#7064);
#7047=PRODUCT_DEFINITION_SHAPE('',$,#7065);
#7048=PRODUCT_DEFINITION_SHAPE('',$,#7066);
#7049=PRODUCT_DEFINITION_SHAPE($,$,#26);
#7050=PRODUCT_DEFINITION_SHAPE($,$,#27);
#7051=PRODUCT_DEFINITION_SHAPE($,$,#28);
#7052=PRODUCT_DEFINITION_SHAPE($,$,#29);
#7053=PRODUCT_DEFINITION_SHAPE($,$,#30);
#7054=SHAPE_REPRESENTATION('',(#3159,#3518,#3519,#3520,#3521,#3522),#7026);
#7055=SHAPE_REPRESENTATION('',(#3160),#7027);
#7056=SHAPE_REPRESENTATION('',(#3227),#7028);
#7057=SHAPE_REPRESENTATION('',(#3289),#7029);
#7058=SHAPE_REPRESENTATION('',(#3374),#7030);
#7059=SHAPE_REPRESENTATION('',(#3453),#7031);
#7060=PRODUCT_DEFINITION_CONTEXT('part definition',#7080,'design');
#7061=PRODUCT_DEFINITION('RocketEngine_acetylen',
'RocketEngine_acetylen v10',#7067,#7060);
#7062=PRODUCT_DEFINITION('Injector plate','Injector plate',#7068,#7060);
#7063=PRODUCT_DEFINITION('Injector manifold','Injector manifold',#7069,
#7060);
#7064=PRODUCT_DEFINITION('Nozzel','Nozzel',#7070,#7060);
#7065=PRODUCT_DEFINITION('Cooling jacket','Cooling jacket',#7071,#7060);
#7066=PRODUCT_DEFINITION('Combustion Chamber','Combustion Chamber',#7072,
#7060);
#7067=PRODUCT_DEFINITION_FORMATION('',$,#7082);
#7068=PRODUCT_DEFINITION_FORMATION('',$,#7083);
#7069=PRODUCT_DEFINITION_FORMATION('',$,#7084);
#7070=PRODUCT_DEFINITION_FORMATION('',$,#7085);
#7071=PRODUCT_DEFINITION_FORMATION('',$,#7086);
#7072=PRODUCT_DEFINITION_FORMATION('',$,#7087);
#7073=PRODUCT_RELATED_PRODUCT_CATEGORY('RocketEngine_acetylen v10',
'RocketEngine_acetylen v10',(#7082));
#7074=PRODUCT_RELATED_PRODUCT_CATEGORY('Injector plate',
'Injector plate',(#7083));
#7075=PRODUCT_RELATED_PRODUCT_CATEGORY('Injector manifold',
'Injector manifold',(#7084));
#7076=PRODUCT_RELATED_PRODUCT_CATEGORY('Nozzel','Nozzel',(#7085));
#7077=PRODUCT_RELATED_PRODUCT_CATEGORY('Cooling jacket',
'Cooling jacket',(#7086));
#7078=PRODUCT_RELATED_PRODUCT_CATEGORY('Combustion Chamber',
'Combustion Chamber',(#7087));
#7079=APPLICATION_PROTOCOL_DEFINITION('international standard',
'automotive_design',2009,#7080);
#7080=APPLICATION_CONTEXT(
'Core Data for Automotive Mechanical Design Process');
#7081=PRODUCT_CONTEXT('part definition',#7080,'mechanical');
#7082=PRODUCT('RocketEngine_acetylen','RocketEngine_acetylen v10',$,(#7081));
#7083=PRODUCT('Injector plate','Injector plate',$,(#7081));
#7084=PRODUCT('Injector manifold','Injector manifold',$,(#7081));
#7085=PRODUCT('Nozzel','Nozzel',$,(#7081));
#7086=PRODUCT('Cooling jacket','Cooling jacket',$,(#7081));
#7087=PRODUCT('Combustion Chamber','Combustion Chamber',$,(#7081));
#7088=PRESENTATION_STYLE_ASSIGNMENT((#7089));
#7089=SURFACE_STYLE_USAGE(.BOTH.,#7090);
#7090=SURFACE_SIDE_STYLE('',(#7091));
#7091=SURFACE_STYLE_FILL_AREA(#7092);
#7092=FILL_AREA_STYLE('Steel - Satin',(#7093));
#7093=FILL_AREA_STYLE_COLOUR('Steel - Satin',#7094);
#7094=COLOUR_RGB('Steel - Satin',0.627450980392157,0.627450980392157,0.627450980392157);
ENDSEC;
END-ISO-10303-21;
