ISO-10303-21;
HEADER;
/* Generated by software containing ST-Developer
 * from STEP Tools, Inc. (www.steptools.com) 
 */

FILE_DESCRIPTION(
/* description */ (''),
/* implementation_level */ '2;1');

FILE_NAME(
/* name */ 'RocketEngine_acetylen v2.step',
/* time_stamp */ '2026-06-28T13:27:19+02:00',
/* author */ (''),
/* organization */ (''),
/* preprocessor_version */ 'ST-DEVELOPER v20.1',
/* originating_system */ 'Autodesk Translation Framework v15.8.0.0',
/* authorisation */ '');

FILE_SCHEMA (('AUTOMOTIVE_DESIGN { 1 0 10303 214 3 1 1 }'));
ENDSEC;

DATA;
#10=MECHANICAL_DESIGN_GEOMETRIC_PRESENTATION_REPRESENTATION('',(#52,#53,
#54,#55),#3550);
#11=ITEM_DEFINED_TRANSFORMATION($,$,#1973,#2243);
#12=ITEM_DEFINED_TRANSFORMATION($,$,#2040,#2244);
#13=ITEM_DEFINED_TRANSFORMATION($,$,#2102,#2245);
#14=ITEM_DEFINED_TRANSFORMATION($,$,#2103,#2246);
#15=ITEM_DEFINED_TRANSFORMATION($,$,#2182,#2247);
#16=(
REPRESENTATION_RELATIONSHIP($,$,#3573,#3572)
REPRESENTATION_RELATIONSHIP_WITH_TRANSFORMATION(#11)
SHAPE_REPRESENTATION_RELATIONSHIP()
);
#17=(
REPRESENTATION_RELATIONSHIP($,$,#3574,#3572)
REPRESENTATION_RELATIONSHIP_WITH_TRANSFORMATION(#12)
SHAPE_REPRESENTATION_RELATIONSHIP()
);
#18=(
REPRESENTATION_RELATIONSHIP($,$,#3575,#3572)
REPRESENTATION_RELATIONSHIP_WITH_TRANSFORMATION(#13)
SHAPE_REPRESENTATION_RELATIONSHIP()
);
#19=(
REPRESENTATION_RELATIONSHIP($,$,#3576,#3572)
REPRESENTATION_RELATIONSHIP_WITH_TRANSFORMATION(#14)
SHAPE_REPRESENTATION_RELATIONSHIP()
);
#20=(
REPRESENTATION_RELATIONSHIP($,$,#3577,#3572)
REPRESENTATION_RELATIONSHIP_WITH_TRANSFORMATION(#15)
SHAPE_REPRESENTATION_RELATIONSHIP()
);
#21=CONTEXT_DEPENDENT_SHAPE_REPRESENTATION(#16,#3567);
#22=CONTEXT_DEPENDENT_SHAPE_REPRESENTATION(#17,#3568);
#23=CONTEXT_DEPENDENT_SHAPE_REPRESENTATION(#18,#3569);
#24=CONTEXT_DEPENDENT_SHAPE_REPRESENTATION(#19,#3570);
#25=CONTEXT_DEPENDENT_SHAPE_REPRESENTATION(#20,#3571);
#26=NEXT_ASSEMBLY_USAGE_OCCURRENCE('Injector plate:1',
'Injector plate:1','Injector plate:1',#3579,#3580,'Injector plate:1');
#27=NEXT_ASSEMBLY_USAGE_OCCURRENCE('Injector manifold:1',
'Injector manifold:1','Injector manifold:1',#3579,#3581,
'Injector manifold:1');
#28=NEXT_ASSEMBLY_USAGE_OCCURRENCE('Nozzel:1','Nozzel:1','Nozzel:1',#3579,
#3582,'Nozzel:1');
#29=NEXT_ASSEMBLY_USAGE_OCCURRENCE('Cooling jacket:1',
'Cooling jacket:1','Cooling jacket:1',#3579,#3583,'Cooling jacket:1');
#30=NEXT_ASSEMBLY_USAGE_OCCURRENCE('Combustion Chamber:1',
'Combustion Chamber:1','Combustion Chamber:1',#3579,#3584,
'Combustion Chamber:1');
#31=CONICAL_SURFACE('',#2163,35.2999999783933,1.0471975511966);
#32=CONICAL_SURFACE('',#2183,18.5,1.0471975511966);
#33=CONICAL_SURFACE('',#2188,8.53378812471323,0.255976144178877);
#34=CONICAL_SURFACE('',#2199,24.499999741558,1.0471975511966);
#35=CONICAL_SURFACE('',#2201,11.8537790708081,0.261799387799149);
#36=B_SPLINE_CURVE_WITH_KNOTS('',3,(#3124,#3125,#3126,#3127,#3128,#3129,
#3130,#3131,#3132,#3133),.UNSPECIFIED.,.F.,.F.,(4,2,2,2,4),(0.,0.415971384879283,
0.831942769758566,1.24787348668313,1.6638042036077),.UNSPECIFIED.);
#37=B_SPLINE_CURVE_WITH_KNOTS('',3,(#3134,#3135,#3136,#3137,#3138,#3139,
#3140,#3141,#3142,#3143,#3144,#3145,#3146,#3147,#3148,#3149,#3150,#3151,
#3152,#3153,#3154,#3155,#3156,#3157,#3158,#3159),.UNSPECIFIED.,.F.,.F.,
(4,2,2,2,2,2,2,2,2,2,2,2,4),(1.6638042036077,2.07973492053227,2.49566563745683,
2.91163702233612,3.3276084072154,3.74357979209468,4.15955117697397,4.57548189389853,
4.9914126108231,5.40734332774767,5.82327404467223,6.23924542955152,6.6552168144308),
 .UNSPECIFIED.);
#38=B_SPLINE_CURVE_WITH_KNOTS('',3,(#3249,#3250,#3251,#3252,#3253,#3254,
#3255,#3256,#3257,#3258,#3259,#3260,#3261,#3262,#3263,#3264,#3265,#3266,
#3267,#3268,#3269,#3270,#3271,#3272,#3273,#3274),.UNSPECIFIED.,.F.,.F.,
(4,2,2,2,2,2,2,2,2,2,2,2,4),(0.,0.188412269504049,0.376824539008098,0.565236642339196,
0.753648745670295,0.942060849001393,1.13047295233249,1.31888522183654,1.50729749134059,
1.69570976084464,1.88412203034869,2.07253413367979,2.26094623701088),
 .UNSPECIFIED.);
#39=B_SPLINE_CURVE_WITH_KNOTS('',3,(#3275,#3276,#3277,#3278,#3279,#3280,
#3281,#3282,#3283,#3284),.UNSPECIFIED.,.F.,.F.,(4,2,2,2,4),(2.26094623701088,
2.44935834034198,2.63777044367308,2.82618271317713,3.01459498268118),
 .UNSPECIFIED.);
#40=B_SPLINE_CURVE_WITH_KNOTS('',3,(#3302,#3303,#3304,#3305,#3306,#3307,
#3308,#3309,#3310,#3311),.UNSPECIFIED.,.F.,.F.,(4,2,2,2,4),(0.,0.150783128812119,
0.301566257624238,0.452348873207137,0.603131488790035),.UNSPECIFIED.);
#41=B_SPLINE_CURVE_WITH_KNOTS('',3,(#3312,#3313,#3314,#3315,#3316,#3317,
#3318,#3319,#3320,#3321,#3322,#3323,#3324,#3325,#3326,#3327,#3328,#3329,
#3330,#3331,#3332,#3333,#3334,#3335,#3336,#3337),.UNSPECIFIED.,.F.,.F.,
(4,2,2,2,2,2,2,2,2,2,2,2,4),(0.603131488790035,0.753914104372934,0.904696719955833,
1.05547984876795,1.20626297758007,1.35704610639219,1.50782923520431,1.65861185078721,
1.80939446637011,1.96017708195301,2.1109596975359,2.26174282634802,2.41252595516014),
 .UNSPECIFIED.);
#42=B_SPLINE_CURVE_WITH_KNOTS('',3,(#3342,#3343,#3344,#3345,#3346,#3347,
#3348,#3349,#3350,#3351),.UNSPECIFIED.,.F.,.F.,(4,2,2,2,4),(0.,0.150772982437285,
0.301545964874571,0.452318525473887,0.603091086073203),.UNSPECIFIED.);
#43=B_SPLINE_CURVE_WITH_KNOTS('',3,(#3352,#3353,#3354,#3355,#3356,#3357,
#3358,#3359,#3360,#3361,#3362,#3363,#3364,#3365,#3366,#3367,#3368,#3369,
#3370,#3371,#3372,#3373,#3374,#3375,#3376,#3377),.UNSPECIFIED.,.F.,.F.,
(4,2,2,2,2,2,2,2,2,2,2,2,4),(0.603091086073203,0.75386364667252,0.904636207271836,
1.05540918970912,1.20618217214641,1.35695515458369,1.50772813702098,1.65850069762029,
1.80927325821961,1.96004581881893,2.11081837941824,2.26159136185553,2.41236434429281),
 .UNSPECIFIED.);
#44=SHAPE_REPRESENTATION_RELATIONSHIP('SRR','None',#3573,#48);
#45=SHAPE_REPRESENTATION_RELATIONSHIP('SRR','None',#3574,#49);
#46=SHAPE_REPRESENTATION_RELATIONSHIP('SRR','None',#3576,#50);
#47=SHAPE_REPRESENTATION_RELATIONSHIP('SRR','None',#3577,#51);
#48=ADVANCED_BREP_SHAPE_REPRESENTATION('',(#56),#3545);
#49=ADVANCED_BREP_SHAPE_REPRESENTATION('',(#57),#3546);
#50=ADVANCED_BREP_SHAPE_REPRESENTATION('',(#58),#3548);
#51=ADVANCED_BREP_SHAPE_REPRESENTATION('',(#59),#3549);
#52=STYLED_ITEM('',(#3606),#56);
#53=STYLED_ITEM('',(#3606),#57);
#54=STYLED_ITEM('',(#3606),#58);
#55=STYLED_ITEM('',(#3606),#59);
#56=MANIFOLD_SOLID_BREP('Body1',#1912);
#57=MANIFOLD_SOLID_BREP('Body1',#1913);
#58=MANIFOLD_SOLID_BREP('Body1',#1914);
#59=MANIFOLD_SOLID_BREP('Combustion Chamber',#1915);
#60=FACE_BOUND('',#321,.T.);
#61=FACE_BOUND('',#323,.T.);
#62=FACE_BOUND('',#335,.T.);
#63=FACE_BOUND('',#340,.T.);
#64=FACE_BOUND('',#342,.T.);
#65=FACE_BOUND('',#344,.T.);
#66=FACE_BOUND('',#349,.T.);
#67=FACE_BOUND('',#350,.T.);
#68=FACE_BOUND('',#351,.T.);
#69=FACE_BOUND('',#352,.T.);
#70=FACE_BOUND('',#353,.T.);
#71=FACE_BOUND('',#354,.T.);
#72=FACE_BOUND('',#355,.T.);
#73=FACE_BOUND('',#356,.T.);
#74=FACE_BOUND('',#357,.T.);
#75=FACE_BOUND('',#358,.T.);
#76=FACE_BOUND('',#359,.T.);
#77=FACE_BOUND('',#362,.T.);
#78=FACE_BOUND('',#364,.T.);
#79=FACE_BOUND('',#365,.T.);
#80=FACE_BOUND('',#366,.T.);
#81=FACE_BOUND('',#367,.T.);
#82=FACE_BOUND('',#368,.T.);
#83=FACE_BOUND('',#369,.T.);
#84=FACE_BOUND('',#370,.T.);
#85=FACE_BOUND('',#371,.T.);
#86=FACE_BOUND('',#372,.T.);
#87=FACE_BOUND('',#373,.T.);
#88=FACE_BOUND('',#374,.T.);
#89=FACE_BOUND('',#378,.T.);
#90=FACE_BOUND('',#380,.T.);
#91=FACE_BOUND('',#381,.T.);
#92=FACE_BOUND('',#382,.T.);
#93=FACE_BOUND('',#383,.T.);
#94=FACE_BOUND('',#384,.T.);
#95=FACE_BOUND('',#385,.T.);
#96=FACE_BOUND('',#386,.T.);
#97=FACE_BOUND('',#387,.T.);
#98=FACE_BOUND('',#388,.T.);
#99=FACE_BOUND('',#400,.T.);
#100=FACE_BOUND('',#403,.T.);
#101=FACE_BOUND('',#405,.T.);
#102=FACE_BOUND('',#406,.T.);
#103=FACE_BOUND('',#409,.T.);
#104=FACE_BOUND('',#412,.T.);
#105=FACE_BOUND('',#413,.T.);
#106=FACE_BOUND('',#414,.T.);
#107=FACE_BOUND('',#415,.T.);
#108=FACE_BOUND('',#416,.T.);
#109=FACE_BOUND('',#417,.T.);
#110=FACE_BOUND('',#418,.T.);
#111=FACE_BOUND('',#419,.T.);
#112=FACE_BOUND('',#420,.T.);
#113=FACE_BOUND('',#423,.T.);
#114=FACE_BOUND('',#429,.T.);
#115=FACE_BOUND('',#431,.T.);
#116=FACE_BOUND('',#432,.T.);
#117=FACE_BOUND('',#433,.T.);
#118=FACE_BOUND('',#434,.T.);
#119=FACE_BOUND('',#435,.T.);
#120=FACE_BOUND('',#436,.T.);
#121=FACE_BOUND('',#437,.T.);
#122=FACE_BOUND('',#438,.T.);
#123=FACE_BOUND('',#439,.T.);
#124=FACE_BOUND('',#451,.T.);
#125=FACE_BOUND('',#453,.T.);
#126=FACE_BOUND('',#455,.T.);
#127=FACE_BOUND('',#458,.T.);
#128=FACE_BOUND('',#461,.T.);
#129=FACE_BOUND('',#465,.T.);
#130=FACE_BOUND('',#468,.T.);
#131=FACE_BOUND('',#471,.T.);
#132=FACE_BOUND('',#473,.T.);
#133=FACE_BOUND('',#475,.T.);
#134=FACE_BOUND('',#476,.T.);
#135=FACE_BOUND('',#477,.T.);
#136=FACE_BOUND('',#478,.T.);
#137=FACE_BOUND('',#479,.T.);
#138=FACE_BOUND('',#480,.T.);
#139=FACE_BOUND('',#481,.T.);
#140=FACE_BOUND('',#482,.T.);
#141=FACE_BOUND('',#483,.T.);
#142=FACE_BOUND('',#485,.T.);
#143=FACE_BOUND('',#487,.T.);
#144=FACE_BOUND('',#490,.T.);
#145=FACE_BOUND('',#492,.T.);
#146=FACE_BOUND('',#497,.T.);
#147=FACE_BOUND('',#500,.T.);
#148=FACE_BOUND('',#507,.T.);
#149=FACE_BOUND('',#509,.T.);
#150=FACE_BOUND('',#510,.T.);
#151=FACE_BOUND('',#511,.T.);
#152=FACE_BOUND('',#512,.T.);
#153=FACE_BOUND('',#513,.T.);
#154=FACE_BOUND('',#514,.T.);
#155=FACE_BOUND('',#515,.T.);
#156=FACE_BOUND('',#516,.T.);
#157=FACE_BOUND('',#517,.T.);
#158=FACE_BOUND('',#528,.T.);
#159=FACE_BOUND('',#531,.T.);
#160=FACE_BOUND('',#532,.T.);
#161=FACE_BOUND('',#533,.T.);
#162=FACE_BOUND('',#534,.T.);
#163=FACE_BOUND('',#535,.T.);
#164=FACE_BOUND('',#536,.T.);
#165=FACE_BOUND('',#537,.T.);
#166=FACE_BOUND('',#538,.T.);
#167=FACE_BOUND('',#539,.T.);
#168=PLANE('',#1980);
#169=PLANE('',#1981);
#170=PLANE('',#2013);
#171=PLANE('',#2024);
#172=PLANE('',#2025);
#173=PLANE('',#2026);
#174=PLANE('',#2034);
#175=PLANE('',#2038);
#176=PLANE('',#2039);
#177=PLANE('',#2047);
#178=PLANE('',#2048);
#179=PLANE('',#2079);
#180=PLANE('',#2084);
#181=PLANE('',#2085);
#182=PLANE('',#2091);
#183=PLANE('',#2097);
#184=PLANE('',#2100);
#185=PLANE('',#2112);
#186=PLANE('',#2113);
#187=PLANE('',#2145);
#188=PLANE('',#2146);
#189=PLANE('',#2148);
#190=PLANE('',#2152);
#191=PLANE('',#2156);
#192=PLANE('',#2165);
#193=PLANE('',#2169);
#194=PLANE('',#2172);
#195=PLANE('',#2176);
#196=PLANE('',#2180);
#197=PLANE('',#2190);
#198=PLANE('',#2194);
#199=PLANE('',#2208);
#200=PLANE('',#2209);
#201=PLANE('',#2237);
#202=PLANE('',#2240);
#203=FACE_OUTER_BOUND('',#318,.T.);
#204=FACE_OUTER_BOUND('',#319,.T.);
#205=FACE_OUTER_BOUND('',#320,.T.);
#206=FACE_OUTER_BOUND('',#322,.T.);
#207=FACE_OUTER_BOUND('',#324,.T.);
#208=FACE_OUTER_BOUND('',#325,.T.);
#209=FACE_OUTER_BOUND('',#326,.T.);
#210=FACE_OUTER_BOUND('',#327,.T.);
#211=FACE_OUTER_BOUND('',#328,.T.);
#212=FACE_OUTER_BOUND('',#329,.T.);
#213=FACE_OUTER_BOUND('',#330,.T.);
#214=FACE_OUTER_BOUND('',#331,.T.);
#215=FACE_OUTER_BOUND('',#332,.T.);
#216=FACE_OUTER_BOUND('',#333,.T.);
#217=FACE_OUTER_BOUND('',#334,.T.);
#218=FACE_OUTER_BOUND('',#336,.T.);
#219=FACE_OUTER_BOUND('',#337,.T.);
#220=FACE_OUTER_BOUND('',#338,.T.);
#221=FACE_OUTER_BOUND('',#339,.T.);
#222=FACE_OUTER_BOUND('',#341,.T.);
#223=FACE_OUTER_BOUND('',#343,.T.);
#224=FACE_OUTER_BOUND('',#345,.T.);
#225=FACE_OUTER_BOUND('',#346,.T.);
#226=FACE_OUTER_BOUND('',#347,.T.);
#227=FACE_OUTER_BOUND('',#348,.T.);
#228=FACE_OUTER_BOUND('',#360,.T.);
#229=FACE_OUTER_BOUND('',#361,.T.);
#230=FACE_OUTER_BOUND('',#363,.T.);
#231=FACE_OUTER_BOUND('',#375,.T.);
#232=FACE_OUTER_BOUND('',#376,.T.);
#233=FACE_OUTER_BOUND('',#377,.T.);
#234=FACE_OUTER_BOUND('',#379,.T.);
#235=FACE_OUTER_BOUND('',#389,.T.);
#236=FACE_OUTER_BOUND('',#390,.T.);
#237=FACE_OUTER_BOUND('',#391,.T.);
#238=FACE_OUTER_BOUND('',#392,.T.);
#239=FACE_OUTER_BOUND('',#393,.T.);
#240=FACE_OUTER_BOUND('',#394,.T.);
#241=FACE_OUTER_BOUND('',#395,.T.);
#242=FACE_OUTER_BOUND('',#396,.T.);
#243=FACE_OUTER_BOUND('',#397,.T.);
#244=FACE_OUTER_BOUND('',#398,.T.);
#245=FACE_OUTER_BOUND('',#399,.T.);
#246=FACE_OUTER_BOUND('',#401,.T.);
#247=FACE_OUTER_BOUND('',#402,.T.);
#248=FACE_OUTER_BOUND('',#404,.T.);
#249=FACE_OUTER_BOUND('',#407,.T.);
#250=FACE_OUTER_BOUND('',#408,.T.);
#251=FACE_OUTER_BOUND('',#410,.T.);
#252=FACE_OUTER_BOUND('',#411,.T.);
#253=FACE_OUTER_BOUND('',#421,.T.);
#254=FACE_OUTER_BOUND('',#422,.T.);
#255=FACE_OUTER_BOUND('',#424,.T.);
#256=FACE_OUTER_BOUND('',#425,.T.);
#257=FACE_OUTER_BOUND('',#426,.T.);
#258=FACE_OUTER_BOUND('',#427,.T.);
#259=FACE_OUTER_BOUND('',#428,.T.);
#260=FACE_OUTER_BOUND('',#430,.T.);
#261=FACE_OUTER_BOUND('',#440,.T.);
#262=FACE_OUTER_BOUND('',#441,.T.);
#263=FACE_OUTER_BOUND('',#442,.T.);
#264=FACE_OUTER_BOUND('',#443,.T.);
#265=FACE_OUTER_BOUND('',#444,.T.);
#266=FACE_OUTER_BOUND('',#445,.T.);
#267=FACE_OUTER_BOUND('',#446,.T.);
#268=FACE_OUTER_BOUND('',#447,.T.);
#269=FACE_OUTER_BOUND('',#448,.T.);
#270=FACE_OUTER_BOUND('',#449,.T.);
#271=FACE_OUTER_BOUND('',#450,.T.);
#272=FACE_OUTER_BOUND('',#452,.T.);
#273=FACE_OUTER_BOUND('',#454,.T.);
#274=FACE_OUTER_BOUND('',#456,.T.);
#275=FACE_OUTER_BOUND('',#457,.T.);
#276=FACE_OUTER_BOUND('',#459,.T.);
#277=FACE_OUTER_BOUND('',#460,.T.);
#278=FACE_OUTER_BOUND('',#462,.T.);
#279=FACE_OUTER_BOUND('',#463,.T.);
#280=FACE_OUTER_BOUND('',#464,.T.);
#281=FACE_OUTER_BOUND('',#466,.T.);
#282=FACE_OUTER_BOUND('',#467,.T.);
#283=FACE_OUTER_BOUND('',#469,.T.);
#284=FACE_OUTER_BOUND('',#470,.T.);
#285=FACE_OUTER_BOUND('',#472,.T.);
#286=FACE_OUTER_BOUND('',#474,.T.);
#287=FACE_OUTER_BOUND('',#484,.T.);
#288=FACE_OUTER_BOUND('',#486,.T.);
#289=FACE_OUTER_BOUND('',#488,.T.);
#290=FACE_OUTER_BOUND('',#489,.T.);
#291=FACE_OUTER_BOUND('',#491,.T.);
#292=FACE_OUTER_BOUND('',#493,.T.);
#293=FACE_OUTER_BOUND('',#494,.T.);
#294=FACE_OUTER_BOUND('',#495,.T.);
#295=FACE_OUTER_BOUND('',#496,.T.);
#296=FACE_OUTER_BOUND('',#498,.T.);
#297=FACE_OUTER_BOUND('',#499,.T.);
#298=FACE_OUTER_BOUND('',#501,.T.);
#299=FACE_OUTER_BOUND('',#502,.T.);
#300=FACE_OUTER_BOUND('',#503,.T.);
#301=FACE_OUTER_BOUND('',#504,.T.);
#302=FACE_OUTER_BOUND('',#505,.T.);
#303=FACE_OUTER_BOUND('',#506,.T.);
#304=FACE_OUTER_BOUND('',#508,.T.);
#305=FACE_OUTER_BOUND('',#518,.T.);
#306=FACE_OUTER_BOUND('',#519,.T.);
#307=FACE_OUTER_BOUND('',#520,.T.);
#308=FACE_OUTER_BOUND('',#521,.T.);
#309=FACE_OUTER_BOUND('',#522,.T.);
#310=FACE_OUTER_BOUND('',#523,.T.);
#311=FACE_OUTER_BOUND('',#524,.T.);
#312=FACE_OUTER_BOUND('',#525,.T.);
#313=FACE_OUTER_BOUND('',#526,.T.);
#314=FACE_OUTER_BOUND('',#527,.T.);
#315=FACE_OUTER_BOUND('',#529,.T.);
#316=FACE_OUTER_BOUND('',#530,.T.);
#317=FACE_OUTER_BOUND('',#540,.T.);
#318=EDGE_LOOP('',(#1246,#1247,#1248,#1249));
#319=EDGE_LOOP('',(#1250,#1251,#1252,#1253));
#320=EDGE_LOOP('',(#1254));
#321=EDGE_LOOP('',(#1255));
#322=EDGE_LOOP('',(#1256));
#323=EDGE_LOOP('',(#1257));
#324=EDGE_LOOP('',(#1258,#1259,#1260,#1261));
#325=EDGE_LOOP('',(#1262,#1263,#1264,#1265));
#326=EDGE_LOOP('',(#1266,#1267,#1268,#1269));
#327=EDGE_LOOP('',(#1270,#1271,#1272,#1273));
#328=EDGE_LOOP('',(#1274,#1275,#1276,#1277));
#329=EDGE_LOOP('',(#1278,#1279,#1280,#1281));
#330=EDGE_LOOP('',(#1282,#1283,#1284,#1285));
#331=EDGE_LOOP('',(#1286,#1287,#1288,#1289));
#332=EDGE_LOOP('',(#1290,#1291,#1292,#1293));
#333=EDGE_LOOP('',(#1294,#1295,#1296,#1297));
#334=EDGE_LOOP('',(#1298));
#335=EDGE_LOOP('',(#1299));
#336=EDGE_LOOP('',(#1300,#1301,#1302,#1303));
#337=EDGE_LOOP('',(#1304,#1305,#1306,#1307));
#338=EDGE_LOOP('',(#1308,#1309,#1310,#1311));
#339=EDGE_LOOP('',(#1312));
#340=EDGE_LOOP('',(#1313));
#341=EDGE_LOOP('',(#1314));
#342=EDGE_LOOP('',(#1315));
#343=EDGE_LOOP('',(#1316));
#344=EDGE_LOOP('',(#1317));
#345=EDGE_LOOP('',(#1318,#1319,#1320,#1321));
#346=EDGE_LOOP('',(#1322,#1323,#1324,#1325));
#347=EDGE_LOOP('',(#1326,#1327,#1328,#1329));
#348=EDGE_LOOP('',(#1330));
#349=EDGE_LOOP('',(#1331));
#350=EDGE_LOOP('',(#1332));
#351=EDGE_LOOP('',(#1333));
#352=EDGE_LOOP('',(#1334));
#353=EDGE_LOOP('',(#1335));
#354=EDGE_LOOP('',(#1336));
#355=EDGE_LOOP('',(#1337));
#356=EDGE_LOOP('',(#1338));
#357=EDGE_LOOP('',(#1339));
#358=EDGE_LOOP('',(#1340));
#359=EDGE_LOOP('',(#1341));
#360=EDGE_LOOP('',(#1342,#1343,#1344,#1345));
#361=EDGE_LOOP('',(#1346));
#362=EDGE_LOOP('',(#1347));
#363=EDGE_LOOP('',(#1348));
#364=EDGE_LOOP('',(#1349));
#365=EDGE_LOOP('',(#1350));
#366=EDGE_LOOP('',(#1351));
#367=EDGE_LOOP('',(#1352));
#368=EDGE_LOOP('',(#1353));
#369=EDGE_LOOP('',(#1354));
#370=EDGE_LOOP('',(#1355));
#371=EDGE_LOOP('',(#1356));
#372=EDGE_LOOP('',(#1357));
#373=EDGE_LOOP('',(#1358));
#374=EDGE_LOOP('',(#1359));
#375=EDGE_LOOP('',(#1360,#1361,#1362,#1363));
#376=EDGE_LOOP('',(#1364,#1365,#1366,#1367));
#377=EDGE_LOOP('',(#1368));
#378=EDGE_LOOP('',(#1369));
#379=EDGE_LOOP('',(#1370));
#380=EDGE_LOOP('',(#1371));
#381=EDGE_LOOP('',(#1372));
#382=EDGE_LOOP('',(#1373));
#383=EDGE_LOOP('',(#1374));
#384=EDGE_LOOP('',(#1375));
#385=EDGE_LOOP('',(#1376));
#386=EDGE_LOOP('',(#1377));
#387=EDGE_LOOP('',(#1378));
#388=EDGE_LOOP('',(#1379));
#389=EDGE_LOOP('',(#1380,#1381,#1382,#1383));
#390=EDGE_LOOP('',(#1384,#1385,#1386,#1387));
#391=EDGE_LOOP('',(#1388,#1389,#1390,#1391));
#392=EDGE_LOOP('',(#1392,#1393,#1394,#1395));
#393=EDGE_LOOP('',(#1396,#1397,#1398,#1399));
#394=EDGE_LOOP('',(#1400,#1401,#1402,#1403));
#395=EDGE_LOOP('',(#1404,#1405,#1406,#1407));
#396=EDGE_LOOP('',(#1408,#1409,#1410,#1411));
#397=EDGE_LOOP('',(#1412,#1413,#1414,#1415));
#398=EDGE_LOOP('',(#1416,#1417,#1418,#1419));
#399=EDGE_LOOP('',(#1420));
#400=EDGE_LOOP('',(#1421));
#401=EDGE_LOOP('',(#1422,#1423,#1424,#1425));
#402=EDGE_LOOP('',(#1426));
#403=EDGE_LOOP('',(#1427));
#404=EDGE_LOOP('',(#1428));
#405=EDGE_LOOP('',(#1429));
#406=EDGE_LOOP('',(#1430));
#407=EDGE_LOOP('',(#1431,#1432,#1433,#1434,#1435));
#408=EDGE_LOOP('',(#1436,#1437,#1438,#1439));
#409=EDGE_LOOP('',(#1440));
#410=EDGE_LOOP('',(#1441,#1442,#1443,#1444));
#411=EDGE_LOOP('',(#1445));
#412=EDGE_LOOP('',(#1446));
#413=EDGE_LOOP('',(#1447));
#414=EDGE_LOOP('',(#1448));
#415=EDGE_LOOP('',(#1449));
#416=EDGE_LOOP('',(#1450));
#417=EDGE_LOOP('',(#1451));
#418=EDGE_LOOP('',(#1452));
#419=EDGE_LOOP('',(#1453));
#420=EDGE_LOOP('',(#1454));
#421=EDGE_LOOP('',(#1455,#1456,#1457,#1458,#1459));
#422=EDGE_LOOP('',(#1460));
#423=EDGE_LOOP('',(#1461));
#424=EDGE_LOOP('',(#1462,#1463,#1464,#1465));
#425=EDGE_LOOP('',(#1466,#1467,#1468,#1469,#1470));
#426=EDGE_LOOP('',(#1471,#1472,#1473,#1474));
#427=EDGE_LOOP('',(#1475,#1476,#1477,#1478));
#428=EDGE_LOOP('',(#1479));
#429=EDGE_LOOP('',(#1480));
#430=EDGE_LOOP('',(#1481));
#431=EDGE_LOOP('',(#1482));
#432=EDGE_LOOP('',(#1483));
#433=EDGE_LOOP('',(#1484));
#434=EDGE_LOOP('',(#1485));
#435=EDGE_LOOP('',(#1486));
#436=EDGE_LOOP('',(#1487));
#437=EDGE_LOOP('',(#1488));
#438=EDGE_LOOP('',(#1489));
#439=EDGE_LOOP('',(#1490));
#440=EDGE_LOOP('',(#1491,#1492,#1493,#1494));
#441=EDGE_LOOP('',(#1495,#1496,#1497,#1498));
#442=EDGE_LOOP('',(#1499,#1500,#1501,#1502));
#443=EDGE_LOOP('',(#1503,#1504,#1505,#1506));
#444=EDGE_LOOP('',(#1507,#1508,#1509,#1510));
#445=EDGE_LOOP('',(#1511,#1512,#1513,#1514));
#446=EDGE_LOOP('',(#1515,#1516,#1517,#1518));
#447=EDGE_LOOP('',(#1519,#1520,#1521,#1522));
#448=EDGE_LOOP('',(#1523,#1524,#1525,#1526));
#449=EDGE_LOOP('',(#1527,#1528,#1529,#1530));
#450=EDGE_LOOP('',(#1531));
#451=EDGE_LOOP('',(#1532));
#452=EDGE_LOOP('',(#1533));
#453=EDGE_LOOP('',(#1534));
#454=EDGE_LOOP('',(#1535));
#455=EDGE_LOOP('',(#1536));
#456=EDGE_LOOP('',(#1537,#1538,#1539,#1540,#1541));
#457=EDGE_LOOP('',(#1542));
#458=EDGE_LOOP('',(#1543));
#459=EDGE_LOOP('',(#1544,#1545,#1546,#1547));
#460=EDGE_LOOP('',(#1548));
#461=EDGE_LOOP('',(#1549));
#462=EDGE_LOOP('',(#1550,#1551,#1552,#1553,#1554));
#463=EDGE_LOOP('',(#1555,#1556,#1557,#1558,#1559));
#464=EDGE_LOOP('',(#1560,#1561,#1562,#1563));
#465=EDGE_LOOP('',(#1564,#1565));
#466=EDGE_LOOP('',(#1566,#1567,#1568,#1569));
#467=EDGE_LOOP('',(#1570));
#468=EDGE_LOOP('',(#1571));
#469=EDGE_LOOP('',(#1572,#1573,#1574,#1575));
#470=EDGE_LOOP('',(#1576));
#471=EDGE_LOOP('',(#1577));
#472=EDGE_LOOP('',(#1578,#1579,#1580,#1581));
#473=EDGE_LOOP('',(#1582,#1583));
#474=EDGE_LOOP('',(#1584));
#475=EDGE_LOOP('',(#1585));
#476=EDGE_LOOP('',(#1586));
#477=EDGE_LOOP('',(#1587));
#478=EDGE_LOOP('',(#1588));
#479=EDGE_LOOP('',(#1589));
#480=EDGE_LOOP('',(#1590));
#481=EDGE_LOOP('',(#1591));
#482=EDGE_LOOP('',(#1592));
#483=EDGE_LOOP('',(#1593));
#484=EDGE_LOOP('',(#1594,#1595,#1596,#1597));
#485=EDGE_LOOP('',(#1598,#1599));
#486=EDGE_LOOP('',(#1600));
#487=EDGE_LOOP('',(#1601));
#488=EDGE_LOOP('',(#1602,#1603,#1604,#1605));
#489=EDGE_LOOP('',(#1606));
#490=EDGE_LOOP('',(#1607));
#491=EDGE_LOOP('',(#1608,#1609,#1610,#1611));
#492=EDGE_LOOP('',(#1612,#1613));
#493=EDGE_LOOP('',(#1614,#1615,#1616,#1617));
#494=EDGE_LOOP('',(#1618,#1619,#1620,#1621));
#495=EDGE_LOOP('',(#1622,#1623,#1624,#1625));
#496=EDGE_LOOP('',(#1626));
#497=EDGE_LOOP('',(#1627));
#498=EDGE_LOOP('',(#1628,#1629,#1630,#1631));
#499=EDGE_LOOP('',(#1632));
#500=EDGE_LOOP('',(#1633));
#501=EDGE_LOOP('',(#1634,#1635,#1636,#1637));
#502=EDGE_LOOP('',(#1638,#1639,#1640,#1641));
#503=EDGE_LOOP('',(#1642,#1643,#1644,#1645));
#504=EDGE_LOOP('',(#1646,#1647,#1648,#1649));
#505=EDGE_LOOP('',(#1650,#1651,#1652,#1653));
#506=EDGE_LOOP('',(#1654));
#507=EDGE_LOOP('',(#1655));
#508=EDGE_LOOP('',(#1656));
#509=EDGE_LOOP('',(#1657));
#510=EDGE_LOOP('',(#1658));
#511=EDGE_LOOP('',(#1659));
#512=EDGE_LOOP('',(#1660));
#513=EDGE_LOOP('',(#1661));
#514=EDGE_LOOP('',(#1662));
#515=EDGE_LOOP('',(#1663));
#516=EDGE_LOOP('',(#1664));
#517=EDGE_LOOP('',(#1665));
#518=EDGE_LOOP('',(#1666,#1667,#1668,#1669));
#519=EDGE_LOOP('',(#1670,#1671,#1672,#1673));
#520=EDGE_LOOP('',(#1674,#1675,#1676,#1677));
#521=EDGE_LOOP('',(#1678,#1679,#1680,#1681));
#522=EDGE_LOOP('',(#1682,#1683,#1684,#1685));
#523=EDGE_LOOP('',(#1686,#1687,#1688,#1689));
#524=EDGE_LOOP('',(#1690,#1691,#1692,#1693));
#525=EDGE_LOOP('',(#1694,#1695,#1696,#1697));
#526=EDGE_LOOP('',(#1698,#1699,#1700,#1701));
#527=EDGE_LOOP('',(#1702));
#528=EDGE_LOOP('',(#1703));
#529=EDGE_LOOP('',(#1704,#1705,#1706,#1707));
#530=EDGE_LOOP('',(#1708));
#531=EDGE_LOOP('',(#1709));
#532=EDGE_LOOP('',(#1710));
#533=EDGE_LOOP('',(#1711));
#534=EDGE_LOOP('',(#1712));
#535=EDGE_LOOP('',(#1713));
#536=EDGE_LOOP('',(#1714));
#537=EDGE_LOOP('',(#1715));
#538=EDGE_LOOP('',(#1716));
#539=EDGE_LOOP('',(#1717));
#540=EDGE_LOOP('',(#1718,#1719,#1720,#1721));
#541=LINE('',#2886,#621);
#542=LINE('',#2892,#622);
#543=LINE('',#2902,#623);
#544=LINE('',#2908,#624);
#545=LINE('',#2914,#625);
#546=LINE('',#2920,#626);
#547=LINE('',#2926,#627);
#548=LINE('',#2932,#628);
#549=LINE('',#2938,#629);
#550=LINE('',#2944,#630);
#551=LINE('',#2950,#631);
#552=LINE('',#2956,#632);
#553=LINE('',#2965,#633);
#554=LINE('',#2971,#634);
#555=LINE('',#2977,#635);
#556=LINE('',#2989,#636);
#557=LINE('',#2992,#637);
#558=LINE('',#2995,#638);
#559=LINE('',#3001,#639);
#560=LINE('',#3010,#640);
#561=LINE('',#3016,#641);
#562=LINE('',#3040,#642);
#563=LINE('',#3044,#643);
#564=LINE('',#3048,#644);
#565=LINE('',#3052,#645);
#566=LINE('',#3056,#646);
#567=LINE('',#3060,#647);
#568=LINE('',#3064,#648);
#569=LINE('',#3068,#649);
#570=LINE('',#3072,#650);
#571=LINE('',#3078,#651);
#572=LINE('',#3088,#652);
#573=LINE('',#3097,#653);
#574=LINE('',#3109,#654);
#575=LINE('',#3115,#655);
#576=LINE('',#3118,#656);
#577=LINE('',#3161,#657);
#578=LINE('',#3167,#658);
#579=LINE('',#3173,#659);
#580=LINE('',#3198,#660);
#581=LINE('',#3202,#661);
#582=LINE('',#3206,#662);
#583=LINE('',#3210,#663);
#584=LINE('',#3214,#664);
#585=LINE('',#3218,#665);
#586=LINE('',#3222,#666);
#587=LINE('',#3226,#667);
#588=LINE('',#3231,#668);
#589=LINE('',#3237,#669);
#590=LINE('',#3286,#670);
#591=LINE('',#3293,#671);
#592=LINE('',#3300,#672);
#593=LINE('',#3340,#673);
#594=LINE('',#3382,#674);
#595=LINE('',#3386,#675);
#596=LINE('',#3394,#676);
#597=LINE('',#3399,#677);
#598=LINE('',#3406,#678);
#599=LINE('',#3412,#679);
#600=LINE('',#3416,#680);
#601=LINE('',#3422,#681);
#602=LINE('',#3427,#682);
#603=LINE('',#3431,#683);
#604=LINE('',#3437,#684);
#605=LINE('',#3446,#685);
#606=LINE('',#3450,#686);
#607=LINE('',#3453,#687);
#608=LINE('',#3458,#688);
#609=LINE('',#3464,#689);
#610=LINE('',#3489,#690);
#611=LINE('',#3493,#691);
#612=LINE('',#3497,#692);
#613=LINE('',#3501,#693);
#614=LINE('',#3505,#694);
#615=LINE('',#3509,#695);
#616=LINE('',#3513,#696);
#617=LINE('',#3517,#697);
#618=LINE('',#3520,#698);
#619=LINE('',#3526,#699);
#620=LINE('',#3531,#700);
#621=VECTOR('',#2256,8.75);
#622=VECTOR('',#2263,10.25);
#623=VECTOR('',#2276,70.);
#624=VECTOR('',#2283,5.);
#625=VECTOR('',#2290,5.);
#626=VECTOR('',#2297,5.);
#627=VECTOR('',#2304,5.);
#628=VECTOR('',#2311,5.);
#629=VECTOR('',#2318,5.);
#630=VECTOR('',#2325,5.);
#631=VECTOR('',#2332,5.);
#632=VECTOR('',#2339,5.);
#633=VECTOR('',#2350,1.);
#634=VECTOR('',#2357,1.);
#635=VECTOR('',#2364,7.);
#636=VECTOR('',#2381,7.);
#637=VECTOR('',#2384,4.);
#638=VECTOR('',#2389,12.);
#639=VECTOR('',#2396,2.);
#640=VECTOR('',#2409,35.);
#641=VECTOR('',#2416,39.6);
#642=VECTOR('',#2443,70.);
#643=VECTOR('',#2448,5.);
#644=VECTOR('',#2453,5.);
#645=VECTOR('',#2458,5.);
#646=VECTOR('',#2463,5.);
#647=VECTOR('',#2468,5.);
#648=VECTOR('',#2473,5.);
#649=VECTOR('',#2478,5.);
#650=VECTOR('',#2483,5.);
#651=VECTOR('',#2490,8.00000011920929);
#652=VECTOR('',#2503,5.);
#653=VECTOR('',#2514,4.);
#654=VECTOR('',#2529,28.);
#655=VECTOR('',#2538,20.);
#656=VECTOR('',#2543,7.00000010430813);
#657=VECTOR('',#2550,11.0000001639128);
#658=VECTOR('',#2557,45.5);
#659=VECTOR('',#2564,47.);
#660=VECTOR('',#2593,5.);
#661=VECTOR('',#2598,5.);
#662=VECTOR('',#2603,5.);
#663=VECTOR('',#2608,5.);
#664=VECTOR('',#2613,5.);
#665=VECTOR('',#2618,5.);
#666=VECTOR('',#2623,5.);
#667=VECTOR('',#2628,5.);
#668=VECTOR('',#2633,20.0000002980232);
#669=VECTOR('',#2640,24.6000002980232);
#670=VECTOR('',#2655,5.);
#671=VECTOR('',#2664,5.00000007450581);
#672=VECTOR('',#2673,3.99999999999999);
#673=VECTOR('',#2676,4.00000005960464);
#674=VECTOR('',#2681,42.0000005960464);
#675=VECTOR('',#2686,35.2999999783933);
#676=VECTOR('',#2697,28.6);
#677=VECTOR('',#2704,70.);
#678=VECTOR('',#2713,48.);
#679=VECTOR('',#2720,18.);
#680=VECTOR('',#2727,40.);
#681=VECTOR('',#2734,18.5);
#682=VECTOR('',#2741,7.);
#683=VECTOR('',#2746,8.53378812471323);
#684=VECTOR('',#2753,28.6);
#685=VECTOR('',#2764,11.0000003324822);
#686=VECTOR('',#2769,24.499999741558);
#687=VECTOR('',#2774,11.8537790708081);
#688=VECTOR('',#2779,35.);
#689=VECTOR('',#2786,39.6);
#690=VECTOR('',#2815,5.);
#691=VECTOR('',#2820,5.);
#692=VECTOR('',#2825,5.);
#693=VECTOR('',#2830,5.);
#694=VECTOR('',#2835,5.);
#695=VECTOR('',#2840,5.);
#696=VECTOR('',#2845,5.);
#697=VECTOR('',#2850,5.);
#698=VECTOR('',#2853,30.);
#699=VECTOR('',#2862,70.);
#700=VECTOR('',#2869,38.);
#701=CIRCLE('',#1975,8.75);
#702=CIRCLE('',#1976,8.75);
#703=CIRCLE('',#1978,10.25);
#704=CIRCLE('',#1979,10.25);
#705=CIRCLE('',#1982,12.);
#706=CIRCLE('',#1984,70.);
#707=CIRCLE('',#1985,70.);
#708=CIRCLE('',#1987,5.);
#709=CIRCLE('',#1988,5.);
#710=CIRCLE('',#1990,5.);
#711=CIRCLE('',#1991,5.);
#712=CIRCLE('',#1993,5.);
#713=CIRCLE('',#1994,5.);
#714=CIRCLE('',#1996,5.);
#715=CIRCLE('',#1997,5.);
#716=CIRCLE('',#1999,5.);
#717=CIRCLE('',#2000,5.);
#718=CIRCLE('',#2002,5.);
#719=CIRCLE('',#2003,5.);
#720=CIRCLE('',#2005,5.);
#721=CIRCLE('',#2006,5.);
#722=CIRCLE('',#2008,5.);
#723=CIRCLE('',#2009,5.);
#724=CIRCLE('',#2011,5.);
#725=CIRCLE('',#2012,5.);
#726=CIRCLE('',#2014,4.);
#727=CIRCLE('',#2016,1.);
#728=CIRCLE('',#2017,1.);
#729=CIRCLE('',#2019,1.);
#730=CIRCLE('',#2020,1.);
#731=CIRCLE('',#2022,7.);
#732=CIRCLE('',#2023,7.);
#733=CIRCLE('',#2027,12.);
#734=CIRCLE('',#2028,7.);
#735=CIRCLE('',#2030,7.);
#736=CIRCLE('',#2032,4.);
#737=CIRCLE('',#2036,2.);
#738=CIRCLE('',#2037,2.);
#739=CIRCLE('',#2042,35.);
#740=CIRCLE('',#2043,35.);
#741=CIRCLE('',#2045,39.6);
#742=CIRCLE('',#2046,39.6);
#743=CIRCLE('',#2049,70.);
#744=CIRCLE('',#2050,5.);
#745=CIRCLE('',#2051,5.);
#746=CIRCLE('',#2052,5.);
#747=CIRCLE('',#2053,5.);
#748=CIRCLE('',#2054,5.);
#749=CIRCLE('',#2055,5.);
#750=CIRCLE('',#2056,5.);
#751=CIRCLE('',#2057,5.);
#752=CIRCLE('',#2059,70.);
#753=CIRCLE('',#2061,5.);
#754=CIRCLE('',#2063,5.);
#755=CIRCLE('',#2065,5.);
#756=CIRCLE('',#2067,5.);
#757=CIRCLE('',#2069,5.);
#758=CIRCLE('',#2071,5.);
#759=CIRCLE('',#2073,5.);
#760=CIRCLE('',#2075,5.);
#761=CIRCLE('',#2077,8.00000011920929);
#762=CIRCLE('',#2078,8.00000011920929);
#763=CIRCLE('',#2080,5.);
#764=CIRCLE('',#2081,4.);
#765=CIRCLE('',#2083,5.);
#766=CIRCLE('',#2086,28.);
#767=CIRCLE('',#2087,7.00000010430813);
#768=CIRCLE('',#2089,4.);
#769=CIRCLE('',#2090,4.);
#770=CIRCLE('',#2092,20.);
#771=CIRCLE('',#2093,20.);
#772=CIRCLE('',#2094,7.00000010430813);
#773=CIRCLE('',#2096,28.);
#774=CIRCLE('',#2099,20.);
#775=CIRCLE('',#2105,11.0000001639128);
#776=CIRCLE('',#2107,45.5);
#777=CIRCLE('',#2108,45.5);
#778=CIRCLE('',#2110,47.);
#779=CIRCLE('',#2111,47.);
#780=CIRCLE('',#2114,70.);
#781=CIRCLE('',#2115,5.);
#782=CIRCLE('',#2116,5.);
#783=CIRCLE('',#2117,5.);
#784=CIRCLE('',#2118,5.);
#785=CIRCLE('',#2119,5.);
#786=CIRCLE('',#2120,5.);
#787=CIRCLE('',#2121,5.);
#788=CIRCLE('',#2122,5.);
#789=CIRCLE('',#2124,5.);
#790=CIRCLE('',#2126,5.);
#791=CIRCLE('',#2128,5.);
#792=CIRCLE('',#2130,5.);
#793=CIRCLE('',#2132,5.);
#794=CIRCLE('',#2134,5.);
#795=CIRCLE('',#2136,5.);
#796=CIRCLE('',#2138,5.);
#797=CIRCLE('',#2140,20.0000002980232);
#798=CIRCLE('',#2141,20.0000002980232);
#799=CIRCLE('',#2143,24.6000002980232);
#800=CIRCLE('',#2144,24.6000002980232);
#801=CIRCLE('',#2147,40.);
#802=CIRCLE('',#2149,5.00000007450581);
#803=CIRCLE('',#2151,5.);
#804=CIRCLE('',#2153,4.00000005960464);
#805=CIRCLE('',#2155,5.00000007450581);
#806=CIRCLE('',#2157,3.99999999999999);
#807=CIRCLE('',#2161,42.0000005960464);
#808=CIRCLE('',#2162,42.0000005960464);
#809=CIRCLE('',#2164,28.6);
#810=CIRCLE('',#2166,40.);
#811=CIRCLE('',#2167,28.6);
#812=CIRCLE('',#2171,70.);
#813=CIRCLE('',#2173,48.);
#814=CIRCLE('',#2175,48.);
#815=CIRCLE('',#2177,18.);
#816=CIRCLE('',#2179,18.);
#817=CIRCLE('',#2184,7.);
#818=CIRCLE('',#2185,30.);
#819=CIRCLE('',#2187,7.);
#820=CIRCLE('',#2189,10.0675762494265);
#821=CIRCLE('',#2191,28.6);
#822=CIRCLE('',#2193,28.6);
#823=CIRCLE('',#2195,12.1378738316719);
#824=CIRCLE('',#2197,11.0000003324822);
#825=CIRCLE('',#2198,11.0000003324822);
#826=CIRCLE('',#2200,37.9999991506338);
#827=CIRCLE('',#2203,35.);
#828=CIRCLE('',#2204,35.);
#829=CIRCLE('',#2206,39.6);
#830=CIRCLE('',#2207,39.6);
#831=CIRCLE('',#2210,70.);
#832=CIRCLE('',#2211,5.);
#833=CIRCLE('',#2212,5.);
#834=CIRCLE('',#2213,5.);
#835=CIRCLE('',#2214,5.);
#836=CIRCLE('',#2215,5.);
#837=CIRCLE('',#2216,5.);
#838=CIRCLE('',#2217,5.);
#839=CIRCLE('',#2218,5.);
#840=CIRCLE('',#2220,5.);
#841=CIRCLE('',#2222,5.);
#842=CIRCLE('',#2224,5.);
#843=CIRCLE('',#2226,5.);
#844=CIRCLE('',#2228,5.);
#845=CIRCLE('',#2230,5.);
#846=CIRCLE('',#2232,5.);
#847=CIRCLE('',#2234,5.);
#848=CIRCLE('',#2236,30.);
#849=CIRCLE('',#2239,70.);
#850=CIRCLE('',#2241,38.);
#851=VERTEX_POINT('',#2883);
#852=VERTEX_POINT('',#2885);
#853=VERTEX_POINT('',#2889);
#854=VERTEX_POINT('',#2891);
#855=VERTEX_POINT('',#2896);
#856=VERTEX_POINT('',#2899);
#857=VERTEX_POINT('',#2901);
#858=VERTEX_POINT('',#2905);
#859=VERTEX_POINT('',#2907);
#860=VERTEX_POINT('',#2911);
#861=VERTEX_POINT('',#2913);
#862=VERTEX_POINT('',#2917);
#863=VERTEX_POINT('',#2919);
#864=VERTEX_POINT('',#2923);
#865=VERTEX_POINT('',#2925);
#866=VERTEX_POINT('',#2929);
#867=VERTEX_POINT('',#2931);
#868=VERTEX_POINT('',#2935);
#869=VERTEX_POINT('',#2937);
#870=VERTEX_POINT('',#2941);
#871=VERTEX_POINT('',#2943);
#872=VERTEX_POINT('',#2947);
#873=VERTEX_POINT('',#2949);
#874=VERTEX_POINT('',#2953);
#875=VERTEX_POINT('',#2955);
#876=VERTEX_POINT('',#2959);
#877=VERTEX_POINT('',#2962);
#878=VERTEX_POINT('',#2964);
#879=VERTEX_POINT('',#2968);
#880=VERTEX_POINT('',#2970);
#881=VERTEX_POINT('',#2974);
#882=VERTEX_POINT('',#2976);
#883=VERTEX_POINT('',#2982);
#884=VERTEX_POINT('',#2984);
#885=VERTEX_POINT('',#2987);
#886=VERTEX_POINT('',#2991);
#887=VERTEX_POINT('',#2998);
#888=VERTEX_POINT('',#3000);
#889=VERTEX_POINT('',#3007);
#890=VERTEX_POINT('',#3009);
#891=VERTEX_POINT('',#3013);
#892=VERTEX_POINT('',#3015);
#893=VERTEX_POINT('',#3020);
#894=VERTEX_POINT('',#3022);
#895=VERTEX_POINT('',#3024);
#896=VERTEX_POINT('',#3026);
#897=VERTEX_POINT('',#3028);
#898=VERTEX_POINT('',#3030);
#899=VERTEX_POINT('',#3032);
#900=VERTEX_POINT('',#3034);
#901=VERTEX_POINT('',#3036);
#902=VERTEX_POINT('',#3039);
#903=VERTEX_POINT('',#3043);
#904=VERTEX_POINT('',#3047);
#905=VERTEX_POINT('',#3051);
#906=VERTEX_POINT('',#3055);
#907=VERTEX_POINT('',#3059);
#908=VERTEX_POINT('',#3063);
#909=VERTEX_POINT('',#3067);
#910=VERTEX_POINT('',#3071);
#911=VERTEX_POINT('',#3075);
#912=VERTEX_POINT('',#3077);
#913=VERTEX_POINT('',#3081);
#914=VERTEX_POINT('',#3083);
#915=VERTEX_POINT('',#3086);
#916=VERTEX_POINT('',#3091);
#917=VERTEX_POINT('',#3093);
#918=VERTEX_POINT('',#3096);
#919=VERTEX_POINT('',#3098);
#920=VERTEX_POINT('',#3102);
#921=VERTEX_POINT('',#3105);
#922=VERTEX_POINT('',#3108);
#923=VERTEX_POINT('',#3113);
#924=VERTEX_POINT('',#3122);
#925=VERTEX_POINT('',#3123);
#926=VERTEX_POINT('',#3160);
#927=VERTEX_POINT('',#3164);
#928=VERTEX_POINT('',#3166);
#929=VERTEX_POINT('',#3170);
#930=VERTEX_POINT('',#3172);
#931=VERTEX_POINT('',#3177);
#932=VERTEX_POINT('',#3179);
#933=VERTEX_POINT('',#3181);
#934=VERTEX_POINT('',#3183);
#935=VERTEX_POINT('',#3185);
#936=VERTEX_POINT('',#3187);
#937=VERTEX_POINT('',#3189);
#938=VERTEX_POINT('',#3191);
#939=VERTEX_POINT('',#3193);
#940=VERTEX_POINT('',#3196);
#941=VERTEX_POINT('',#3200);
#942=VERTEX_POINT('',#3204);
#943=VERTEX_POINT('',#3208);
#944=VERTEX_POINT('',#3212);
#945=VERTEX_POINT('',#3216);
#946=VERTEX_POINT('',#3220);
#947=VERTEX_POINT('',#3224);
#948=VERTEX_POINT('',#3228);
#949=VERTEX_POINT('',#3230);
#950=VERTEX_POINT('',#3234);
#951=VERTEX_POINT('',#3236);
#952=VERTEX_POINT('',#3241);
#953=VERTEX_POINT('',#3244);
#954=VERTEX_POINT('',#3247);
#955=VERTEX_POINT('',#3248);
#956=VERTEX_POINT('',#3285);
#957=VERTEX_POINT('',#3289);
#958=VERTEX_POINT('',#3292);
#959=VERTEX_POINT('',#3296);
#960=VERTEX_POINT('',#3299);
#961=VERTEX_POINT('',#3301);
#962=VERTEX_POINT('',#3339);
#963=VERTEX_POINT('',#3341);
#964=VERTEX_POINT('',#3379);
#965=VERTEX_POINT('',#3381);
#966=VERTEX_POINT('',#3385);
#967=VERTEX_POINT('',#3389);
#968=VERTEX_POINT('',#3391);
#969=VERTEX_POINT('',#3397);
#970=VERTEX_POINT('',#3401);
#971=VERTEX_POINT('',#3404);
#972=VERTEX_POINT('',#3408);
#973=VERTEX_POINT('',#3411);
#974=VERTEX_POINT('',#3419);
#975=VERTEX_POINT('',#3421);
#976=VERTEX_POINT('',#3425);
#977=VERTEX_POINT('',#3429);
#978=VERTEX_POINT('',#3433);
#979=VERTEX_POINT('',#3436);
#980=VERTEX_POINT('',#3440);
#981=VERTEX_POINT('',#3443);
#982=VERTEX_POINT('',#3445);
#983=VERTEX_POINT('',#3449);
#984=VERTEX_POINT('',#3455);
#985=VERTEX_POINT('',#3457);
#986=VERTEX_POINT('',#3461);
#987=VERTEX_POINT('',#3463);
#988=VERTEX_POINT('',#3468);
#989=VERTEX_POINT('',#3470);
#990=VERTEX_POINT('',#3472);
#991=VERTEX_POINT('',#3474);
#992=VERTEX_POINT('',#3476);
#993=VERTEX_POINT('',#3478);
#994=VERTEX_POINT('',#3480);
#995=VERTEX_POINT('',#3482);
#996=VERTEX_POINT('',#3484);
#997=VERTEX_POINT('',#3487);
#998=VERTEX_POINT('',#3491);
#999=VERTEX_POINT('',#3495);
#1000=VERTEX_POINT('',#3499);
#1001=VERTEX_POINT('',#3503);
#1002=VERTEX_POINT('',#3507);
#1003=VERTEX_POINT('',#3511);
#1004=VERTEX_POINT('',#3515);
#1005=VERTEX_POINT('',#3519);
#1006=VERTEX_POINT('',#3524);
#1007=VERTEX_POINT('',#3528);
#1008=EDGE_CURVE('',#851,#851,#701,.T.);
#1009=EDGE_CURVE('',#851,#852,#541,.T.);
#1010=EDGE_CURVE('',#852,#852,#702,.T.);
#1011=EDGE_CURVE('',#853,#853,#703,.T.);
#1012=EDGE_CURVE('',#853,#854,#542,.T.);
#1013=EDGE_CURVE('',#854,#854,#704,.T.);
#1014=EDGE_CURVE('',#855,#855,#705,.T.);
#1015=EDGE_CURVE('',#856,#856,#706,.T.);
#1016=EDGE_CURVE('',#856,#857,#543,.T.);
#1017=EDGE_CURVE('',#857,#857,#707,.T.);
#1018=EDGE_CURVE('',#858,#858,#708,.T.);
#1019=EDGE_CURVE('',#858,#859,#544,.T.);
#1020=EDGE_CURVE('',#859,#859,#709,.T.);
#1021=EDGE_CURVE('',#860,#860,#710,.T.);
#1022=EDGE_CURVE('',#860,#861,#545,.T.);
#1023=EDGE_CURVE('',#861,#861,#711,.T.);
#1024=EDGE_CURVE('',#862,#862,#712,.T.);
#1025=EDGE_CURVE('',#862,#863,#546,.T.);
#1026=EDGE_CURVE('',#863,#863,#713,.T.);
#1027=EDGE_CURVE('',#864,#864,#714,.T.);
#1028=EDGE_CURVE('',#864,#865,#547,.T.);
#1029=EDGE_CURVE('',#865,#865,#715,.T.);
#1030=EDGE_CURVE('',#866,#866,#716,.T.);
#1031=EDGE_CURVE('',#866,#867,#548,.T.);
#1032=EDGE_CURVE('',#867,#867,#717,.T.);
#1033=EDGE_CURVE('',#868,#868,#718,.T.);
#1034=EDGE_CURVE('',#868,#869,#549,.T.);
#1035=EDGE_CURVE('',#869,#869,#719,.T.);
#1036=EDGE_CURVE('',#870,#870,#720,.T.);
#1037=EDGE_CURVE('',#870,#871,#550,.T.);
#1038=EDGE_CURVE('',#871,#871,#721,.T.);
#1039=EDGE_CURVE('',#872,#872,#722,.T.);
#1040=EDGE_CURVE('',#872,#873,#551,.T.);
#1041=EDGE_CURVE('',#873,#873,#723,.T.);
#1042=EDGE_CURVE('',#874,#874,#724,.T.);
#1043=EDGE_CURVE('',#874,#875,#552,.T.);
#1044=EDGE_CURVE('',#875,#875,#725,.T.);
#1045=EDGE_CURVE('',#876,#876,#726,.T.);
#1046=EDGE_CURVE('',#877,#877,#727,.T.);
#1047=EDGE_CURVE('',#877,#878,#553,.T.);
#1048=EDGE_CURVE('',#878,#878,#728,.T.);
#1049=EDGE_CURVE('',#879,#879,#729,.T.);
#1050=EDGE_CURVE('',#879,#880,#554,.T.);
#1051=EDGE_CURVE('',#880,#880,#730,.T.);
#1052=EDGE_CURVE('',#881,#881,#731,.T.);
#1053=EDGE_CURVE('',#881,#882,#555,.T.);
#1054=EDGE_CURVE('',#882,#882,#732,.T.);
#1055=EDGE_CURVE('',#883,#883,#733,.T.);
#1056=EDGE_CURVE('',#884,#884,#734,.T.);
#1057=EDGE_CURVE('',#885,#885,#735,.T.);
#1058=EDGE_CURVE('',#885,#884,#556,.T.);
#1059=EDGE_CURVE('',#876,#886,#557,.T.);
#1060=EDGE_CURVE('',#886,#886,#736,.T.);
#1061=EDGE_CURVE('',#855,#883,#558,.T.);
#1062=EDGE_CURVE('',#887,#887,#737,.T.);
#1063=EDGE_CURVE('',#887,#888,#559,.T.);
#1064=EDGE_CURVE('',#888,#888,#738,.T.);
#1065=EDGE_CURVE('',#889,#889,#739,.T.);
#1066=EDGE_CURVE('',#889,#890,#560,.T.);
#1067=EDGE_CURVE('',#890,#890,#740,.T.);
#1068=EDGE_CURVE('',#891,#891,#741,.T.);
#1069=EDGE_CURVE('',#891,#892,#561,.T.);
#1070=EDGE_CURVE('',#892,#892,#742,.T.);
#1071=EDGE_CURVE('',#893,#893,#743,.T.);
#1072=EDGE_CURVE('',#894,#894,#744,.T.);
#1073=EDGE_CURVE('',#895,#895,#745,.T.);
#1074=EDGE_CURVE('',#896,#896,#746,.T.);
#1075=EDGE_CURVE('',#897,#897,#747,.T.);
#1076=EDGE_CURVE('',#898,#898,#748,.T.);
#1077=EDGE_CURVE('',#899,#899,#749,.T.);
#1078=EDGE_CURVE('',#900,#900,#750,.T.);
#1079=EDGE_CURVE('',#901,#901,#751,.T.);
#1080=EDGE_CURVE('',#893,#902,#562,.T.);
#1081=EDGE_CURVE('',#902,#902,#752,.T.);
#1082=EDGE_CURVE('',#901,#903,#563,.T.);
#1083=EDGE_CURVE('',#903,#903,#753,.T.);
#1084=EDGE_CURVE('',#900,#904,#564,.T.);
#1085=EDGE_CURVE('',#904,#904,#754,.T.);
#1086=EDGE_CURVE('',#899,#905,#565,.T.);
#1087=EDGE_CURVE('',#905,#905,#755,.T.);
#1088=EDGE_CURVE('',#898,#906,#566,.T.);
#1089=EDGE_CURVE('',#906,#906,#756,.T.);
#1090=EDGE_CURVE('',#897,#907,#567,.T.);
#1091=EDGE_CURVE('',#907,#907,#757,.T.);
#1092=EDGE_CURVE('',#896,#908,#568,.T.);
#1093=EDGE_CURVE('',#908,#908,#758,.T.);
#1094=EDGE_CURVE('',#895,#909,#569,.T.);
#1095=EDGE_CURVE('',#909,#909,#759,.T.);
#1096=EDGE_CURVE('',#894,#910,#570,.T.);
#1097=EDGE_CURVE('',#910,#910,#760,.T.);
#1098=EDGE_CURVE('',#911,#911,#761,.T.);
#1099=EDGE_CURVE('',#911,#912,#571,.T.);
#1100=EDGE_CURVE('',#912,#912,#762,.T.);
#1101=EDGE_CURVE('',#913,#913,#763,.T.);
#1102=EDGE_CURVE('',#914,#914,#764,.T.);
#1103=EDGE_CURVE('',#915,#915,#765,.T.);
#1104=EDGE_CURVE('',#915,#913,#572,.T.);
#1105=EDGE_CURVE('',#916,#916,#766,.T.);
#1106=EDGE_CURVE('',#917,#917,#767,.T.);
#1107=EDGE_CURVE('',#914,#918,#573,.T.);
#1108=EDGE_CURVE('',#919,#918,#768,.T.);
#1109=EDGE_CURVE('',#918,#919,#769,.T.);
#1110=EDGE_CURVE('',#919,#920,#770,.T.);
#1111=EDGE_CURVE('',#920,#919,#771,.T.);
#1112=EDGE_CURVE('',#921,#921,#772,.T.);
#1113=EDGE_CURVE('',#916,#922,#574,.T.);
#1114=EDGE_CURVE('',#922,#922,#773,.T.);
#1115=EDGE_CURVE('',#923,#923,#774,.T.);
#1116=EDGE_CURVE('',#923,#920,#575,.T.);
#1117=EDGE_CURVE('',#921,#917,#576,.T.);
#1118=EDGE_CURVE('',#924,#925,#36,.T.);
#1119=EDGE_CURVE('',#925,#924,#37,.T.);
#1120=EDGE_CURVE('',#925,#926,#577,.T.);
#1121=EDGE_CURVE('',#926,#926,#775,.T.);
#1122=EDGE_CURVE('',#927,#927,#776,.T.);
#1123=EDGE_CURVE('',#927,#928,#578,.T.);
#1124=EDGE_CURVE('',#928,#928,#777,.T.);
#1125=EDGE_CURVE('',#929,#929,#778,.T.);
#1126=EDGE_CURVE('',#929,#930,#579,.T.);
#1127=EDGE_CURVE('',#930,#930,#779,.T.);
#1128=EDGE_CURVE('',#931,#931,#780,.T.);
#1129=EDGE_CURVE('',#932,#932,#781,.T.);
#1130=EDGE_CURVE('',#933,#933,#782,.T.);
#1131=EDGE_CURVE('',#934,#934,#783,.T.);
#1132=EDGE_CURVE('',#935,#935,#784,.T.);
#1133=EDGE_CURVE('',#936,#936,#785,.T.);
#1134=EDGE_CURVE('',#937,#937,#786,.T.);
#1135=EDGE_CURVE('',#938,#938,#787,.T.);
#1136=EDGE_CURVE('',#939,#939,#788,.T.);
#1137=EDGE_CURVE('',#940,#940,#789,.T.);
#1138=EDGE_CURVE('',#940,#939,#580,.T.);
#1139=EDGE_CURVE('',#941,#941,#790,.T.);
#1140=EDGE_CURVE('',#941,#938,#581,.T.);
#1141=EDGE_CURVE('',#942,#942,#791,.T.);
#1142=EDGE_CURVE('',#942,#937,#582,.T.);
#1143=EDGE_CURVE('',#943,#943,#792,.T.);
#1144=EDGE_CURVE('',#943,#936,#583,.T.);
#1145=EDGE_CURVE('',#944,#944,#793,.T.);
#1146=EDGE_CURVE('',#944,#935,#584,.T.);
#1147=EDGE_CURVE('',#945,#945,#794,.T.);
#1148=EDGE_CURVE('',#945,#934,#585,.T.);
#1149=EDGE_CURVE('',#946,#946,#795,.T.);
#1150=EDGE_CURVE('',#946,#933,#586,.T.);
#1151=EDGE_CURVE('',#947,#947,#796,.T.);
#1152=EDGE_CURVE('',#947,#932,#587,.T.);
#1153=EDGE_CURVE('',#948,#948,#797,.T.);
#1154=EDGE_CURVE('',#948,#949,#588,.T.);
#1155=EDGE_CURVE('',#949,#949,#798,.T.);
#1156=EDGE_CURVE('',#950,#950,#799,.T.);
#1157=EDGE_CURVE('',#950,#951,#589,.T.);
#1158=EDGE_CURVE('',#951,#951,#800,.T.);
#1159=EDGE_CURVE('',#952,#952,#801,.T.);
#1160=EDGE_CURVE('',#953,#953,#802,.T.);
#1161=EDGE_CURVE('',#954,#955,#38,.T.);
#1162=EDGE_CURVE('',#955,#954,#39,.T.);
#1163=EDGE_CURVE('',#955,#956,#590,.T.);
#1164=EDGE_CURVE('',#956,#956,#803,.T.);
#1165=EDGE_CURVE('',#957,#957,#804,.T.);
#1166=EDGE_CURVE('',#953,#958,#591,.T.);
#1167=EDGE_CURVE('',#958,#958,#805,.T.);
#1168=EDGE_CURVE('',#959,#959,#806,.T.);
#1169=EDGE_CURVE('',#959,#960,#592,.T.);
#1170=EDGE_CURVE('',#961,#960,#40,.T.);
#1171=EDGE_CURVE('',#960,#961,#41,.T.);
#1172=EDGE_CURVE('',#957,#962,#593,.T.);
#1173=EDGE_CURVE('',#963,#962,#42,.T.);
#1174=EDGE_CURVE('',#962,#963,#43,.T.);
#1175=EDGE_CURVE('',#964,#964,#807,.T.);
#1176=EDGE_CURVE('',#964,#965,#594,.T.);
#1177=EDGE_CURVE('',#965,#965,#808,.T.);
#1178=EDGE_CURVE('',#965,#966,#595,.T.);
#1179=EDGE_CURVE('',#966,#966,#809,.T.);
#1180=EDGE_CURVE('',#967,#967,#810,.T.);
#1181=EDGE_CURVE('',#968,#968,#811,.T.);
#1182=EDGE_CURVE('',#968,#966,#596,.T.);
#1183=EDGE_CURVE('',#969,#969,#812,.T.);
#1184=EDGE_CURVE('',#969,#931,#597,.T.);
#1185=EDGE_CURVE('',#970,#970,#813,.T.);
#1186=EDGE_CURVE('',#971,#971,#814,.T.);
#1187=EDGE_CURVE('',#971,#970,#598,.T.);
#1188=EDGE_CURVE('',#972,#972,#815,.T.);
#1189=EDGE_CURVE('',#972,#973,#599,.T.);
#1190=EDGE_CURVE('',#973,#973,#816,.T.);
#1191=EDGE_CURVE('',#952,#967,#600,.T.);
#1192=EDGE_CURVE('',#974,#974,#817,.T.);
#1193=EDGE_CURVE('',#974,#975,#601,.T.);
#1194=EDGE_CURVE('',#975,#975,#818,.T.);
#1195=EDGE_CURVE('',#976,#976,#819,.T.);
#1196=EDGE_CURVE('',#976,#974,#602,.T.);
#1197=EDGE_CURVE('',#977,#977,#820,.T.);
#1198=EDGE_CURVE('',#977,#976,#603,.T.);
#1199=EDGE_CURVE('',#978,#978,#821,.T.);
#1200=EDGE_CURVE('',#978,#979,#604,.T.);
#1201=EDGE_CURVE('',#979,#979,#822,.T.);
#1202=EDGE_CURVE('',#980,#980,#823,.T.);
#1203=EDGE_CURVE('',#981,#981,#824,.T.);
#1204=EDGE_CURVE('',#981,#982,#605,.T.);
#1205=EDGE_CURVE('',#982,#982,#825,.T.);
#1206=EDGE_CURVE('',#982,#983,#606,.T.);
#1207=EDGE_CURVE('',#983,#983,#826,.T.);
#1208=EDGE_CURVE('',#980,#981,#607,.T.);
#1209=EDGE_CURVE('',#984,#984,#827,.T.);
#1210=EDGE_CURVE('',#984,#985,#608,.T.);
#1211=EDGE_CURVE('',#985,#985,#828,.T.);
#1212=EDGE_CURVE('',#986,#986,#829,.T.);
#1213=EDGE_CURVE('',#986,#987,#609,.T.);
#1214=EDGE_CURVE('',#987,#987,#830,.T.);
#1215=EDGE_CURVE('',#988,#988,#831,.T.);
#1216=EDGE_CURVE('',#989,#989,#832,.T.);
#1217=EDGE_CURVE('',#990,#990,#833,.T.);
#1218=EDGE_CURVE('',#991,#991,#834,.T.);
#1219=EDGE_CURVE('',#992,#992,#835,.T.);
#1220=EDGE_CURVE('',#993,#993,#836,.T.);
#1221=EDGE_CURVE('',#994,#994,#837,.T.);
#1222=EDGE_CURVE('',#995,#995,#838,.T.);
#1223=EDGE_CURVE('',#996,#996,#839,.T.);
#1224=EDGE_CURVE('',#997,#997,#840,.T.);
#1225=EDGE_CURVE('',#997,#996,#610,.T.);
#1226=EDGE_CURVE('',#998,#998,#841,.T.);
#1227=EDGE_CURVE('',#998,#995,#611,.T.);
#1228=EDGE_CURVE('',#999,#999,#842,.T.);
#1229=EDGE_CURVE('',#999,#994,#612,.T.);
#1230=EDGE_CURVE('',#1000,#1000,#843,.T.);
#1231=EDGE_CURVE('',#1000,#993,#613,.T.);
#1232=EDGE_CURVE('',#1001,#1001,#844,.T.);
#1233=EDGE_CURVE('',#1001,#992,#614,.T.);
#1234=EDGE_CURVE('',#1002,#1002,#845,.T.);
#1235=EDGE_CURVE('',#1002,#991,#615,.T.);
#1236=EDGE_CURVE('',#1003,#1003,#846,.T.);
#1237=EDGE_CURVE('',#1003,#990,#616,.T.);
#1238=EDGE_CURVE('',#1004,#1004,#847,.T.);
#1239=EDGE_CURVE('',#1004,#989,#617,.T.);
#1240=EDGE_CURVE('',#975,#1005,#618,.T.);
#1241=EDGE_CURVE('',#1005,#1005,#848,.T.);
#1242=EDGE_CURVE('',#1006,#1006,#849,.T.);
#1243=EDGE_CURVE('',#1006,#988,#619,.T.);
#1244=EDGE_CURVE('',#1007,#1007,#850,.T.);
#1245=EDGE_CURVE('',#983,#1007,#620,.T.);
#1246=ORIENTED_EDGE('',*,*,#1008,.F.);
#1247=ORIENTED_EDGE('',*,*,#1009,.T.);
#1248=ORIENTED_EDGE('',*,*,#1010,.T.);
#1249=ORIENTED_EDGE('',*,*,#1009,.F.);
#1250=ORIENTED_EDGE('',*,*,#1011,.F.);
#1251=ORIENTED_EDGE('',*,*,#1012,.T.);
#1252=ORIENTED_EDGE('',*,*,#1013,.T.);
#1253=ORIENTED_EDGE('',*,*,#1012,.F.);
#1254=ORIENTED_EDGE('',*,*,#1013,.F.);
#1255=ORIENTED_EDGE('',*,*,#1010,.F.);
#1256=ORIENTED_EDGE('',*,*,#1014,.F.);
#1257=ORIENTED_EDGE('',*,*,#1011,.T.);
#1258=ORIENTED_EDGE('',*,*,#1015,.F.);
#1259=ORIENTED_EDGE('',*,*,#1016,.T.);
#1260=ORIENTED_EDGE('',*,*,#1017,.F.);
#1261=ORIENTED_EDGE('',*,*,#1016,.F.);
#1262=ORIENTED_EDGE('',*,*,#1018,.F.);
#1263=ORIENTED_EDGE('',*,*,#1019,.T.);
#1264=ORIENTED_EDGE('',*,*,#1020,.F.);
#1265=ORIENTED_EDGE('',*,*,#1019,.F.);
#1266=ORIENTED_EDGE('',*,*,#1021,.F.);
#1267=ORIENTED_EDGE('',*,*,#1022,.T.);
#1268=ORIENTED_EDGE('',*,*,#1023,.F.);
#1269=ORIENTED_EDGE('',*,*,#1022,.F.);
#1270=ORIENTED_EDGE('',*,*,#1024,.F.);
#1271=ORIENTED_EDGE('',*,*,#1025,.T.);
#1272=ORIENTED_EDGE('',*,*,#1026,.F.);
#1273=ORIENTED_EDGE('',*,*,#1025,.F.);
#1274=ORIENTED_EDGE('',*,*,#1027,.F.);
#1275=ORIENTED_EDGE('',*,*,#1028,.T.);
#1276=ORIENTED_EDGE('',*,*,#1029,.F.);
#1277=ORIENTED_EDGE('',*,*,#1028,.F.);
#1278=ORIENTED_EDGE('',*,*,#1030,.F.);
#1279=ORIENTED_EDGE('',*,*,#1031,.T.);
#1280=ORIENTED_EDGE('',*,*,#1032,.F.);
#1281=ORIENTED_EDGE('',*,*,#1031,.F.);
#1282=ORIENTED_EDGE('',*,*,#1033,.F.);
#1283=ORIENTED_EDGE('',*,*,#1034,.T.);
#1284=ORIENTED_EDGE('',*,*,#1035,.F.);
#1285=ORIENTED_EDGE('',*,*,#1034,.F.);
#1286=ORIENTED_EDGE('',*,*,#1036,.F.);
#1287=ORIENTED_EDGE('',*,*,#1037,.T.);
#1288=ORIENTED_EDGE('',*,*,#1038,.F.);
#1289=ORIENTED_EDGE('',*,*,#1037,.F.);
#1290=ORIENTED_EDGE('',*,*,#1039,.F.);
#1291=ORIENTED_EDGE('',*,*,#1040,.T.);
#1292=ORIENTED_EDGE('',*,*,#1041,.F.);
#1293=ORIENTED_EDGE('',*,*,#1040,.F.);
#1294=ORIENTED_EDGE('',*,*,#1042,.F.);
#1295=ORIENTED_EDGE('',*,*,#1043,.T.);
#1296=ORIENTED_EDGE('',*,*,#1044,.T.);
#1297=ORIENTED_EDGE('',*,*,#1043,.F.);
#1298=ORIENTED_EDGE('',*,*,#1044,.F.);
#1299=ORIENTED_EDGE('',*,*,#1045,.F.);
#1300=ORIENTED_EDGE('',*,*,#1046,.F.);
#1301=ORIENTED_EDGE('',*,*,#1047,.T.);
#1302=ORIENTED_EDGE('',*,*,#1048,.F.);
#1303=ORIENTED_EDGE('',*,*,#1047,.F.);
#1304=ORIENTED_EDGE('',*,*,#1049,.F.);
#1305=ORIENTED_EDGE('',*,*,#1050,.T.);
#1306=ORIENTED_EDGE('',*,*,#1051,.F.);
#1307=ORIENTED_EDGE('',*,*,#1050,.F.);
#1308=ORIENTED_EDGE('',*,*,#1052,.F.);
#1309=ORIENTED_EDGE('',*,*,#1053,.T.);
#1310=ORIENTED_EDGE('',*,*,#1054,.F.);
#1311=ORIENTED_EDGE('',*,*,#1053,.F.);
#1312=ORIENTED_EDGE('',*,*,#1052,.T.);
#1313=ORIENTED_EDGE('',*,*,#1042,.T.);
#1314=ORIENTED_EDGE('',*,*,#1008,.T.);
#1315=ORIENTED_EDGE('',*,*,#1054,.T.);
#1316=ORIENTED_EDGE('',*,*,#1055,.T.);
#1317=ORIENTED_EDGE('',*,*,#1056,.F.);
#1318=ORIENTED_EDGE('',*,*,#1057,.F.);
#1319=ORIENTED_EDGE('',*,*,#1058,.T.);
#1320=ORIENTED_EDGE('',*,*,#1056,.T.);
#1321=ORIENTED_EDGE('',*,*,#1058,.F.);
#1322=ORIENTED_EDGE('',*,*,#1045,.T.);
#1323=ORIENTED_EDGE('',*,*,#1059,.T.);
#1324=ORIENTED_EDGE('',*,*,#1060,.F.);
#1325=ORIENTED_EDGE('',*,*,#1059,.F.);
#1326=ORIENTED_EDGE('',*,*,#1014,.T.);
#1327=ORIENTED_EDGE('',*,*,#1061,.T.);
#1328=ORIENTED_EDGE('',*,*,#1055,.F.);
#1329=ORIENTED_EDGE('',*,*,#1061,.F.);
#1330=ORIENTED_EDGE('',*,*,#1017,.T.);
#1331=ORIENTED_EDGE('',*,*,#1020,.T.);
#1332=ORIENTED_EDGE('',*,*,#1023,.T.);
#1333=ORIENTED_EDGE('',*,*,#1026,.T.);
#1334=ORIENTED_EDGE('',*,*,#1029,.T.);
#1335=ORIENTED_EDGE('',*,*,#1032,.T.);
#1336=ORIENTED_EDGE('',*,*,#1035,.T.);
#1337=ORIENTED_EDGE('',*,*,#1038,.T.);
#1338=ORIENTED_EDGE('',*,*,#1041,.T.);
#1339=ORIENTED_EDGE('',*,*,#1048,.T.);
#1340=ORIENTED_EDGE('',*,*,#1051,.T.);
#1341=ORIENTED_EDGE('',*,*,#1057,.T.);
#1342=ORIENTED_EDGE('',*,*,#1062,.F.);
#1343=ORIENTED_EDGE('',*,*,#1063,.T.);
#1344=ORIENTED_EDGE('',*,*,#1064,.T.);
#1345=ORIENTED_EDGE('',*,*,#1063,.F.);
#1346=ORIENTED_EDGE('',*,*,#1060,.T.);
#1347=ORIENTED_EDGE('',*,*,#1062,.T.);
#1348=ORIENTED_EDGE('',*,*,#1015,.T.);
#1349=ORIENTED_EDGE('',*,*,#1018,.T.);
#1350=ORIENTED_EDGE('',*,*,#1021,.T.);
#1351=ORIENTED_EDGE('',*,*,#1024,.T.);
#1352=ORIENTED_EDGE('',*,*,#1027,.T.);
#1353=ORIENTED_EDGE('',*,*,#1030,.T.);
#1354=ORIENTED_EDGE('',*,*,#1033,.T.);
#1355=ORIENTED_EDGE('',*,*,#1036,.T.);
#1356=ORIENTED_EDGE('',*,*,#1039,.T.);
#1357=ORIENTED_EDGE('',*,*,#1046,.T.);
#1358=ORIENTED_EDGE('',*,*,#1049,.T.);
#1359=ORIENTED_EDGE('',*,*,#1064,.F.);
#1360=ORIENTED_EDGE('',*,*,#1065,.F.);
#1361=ORIENTED_EDGE('',*,*,#1066,.T.);
#1362=ORIENTED_EDGE('',*,*,#1067,.T.);
#1363=ORIENTED_EDGE('',*,*,#1066,.F.);
#1364=ORIENTED_EDGE('',*,*,#1068,.F.);
#1365=ORIENTED_EDGE('',*,*,#1069,.T.);
#1366=ORIENTED_EDGE('',*,*,#1070,.T.);
#1367=ORIENTED_EDGE('',*,*,#1069,.F.);
#1368=ORIENTED_EDGE('',*,*,#1070,.F.);
#1369=ORIENTED_EDGE('',*,*,#1067,.F.);
#1370=ORIENTED_EDGE('',*,*,#1071,.T.);
#1371=ORIENTED_EDGE('',*,*,#1072,.T.);
#1372=ORIENTED_EDGE('',*,*,#1073,.T.);
#1373=ORIENTED_EDGE('',*,*,#1074,.T.);
#1374=ORIENTED_EDGE('',*,*,#1075,.T.);
#1375=ORIENTED_EDGE('',*,*,#1076,.T.);
#1376=ORIENTED_EDGE('',*,*,#1077,.T.);
#1377=ORIENTED_EDGE('',*,*,#1078,.T.);
#1378=ORIENTED_EDGE('',*,*,#1079,.T.);
#1379=ORIENTED_EDGE('',*,*,#1068,.T.);
#1380=ORIENTED_EDGE('',*,*,#1071,.F.);
#1381=ORIENTED_EDGE('',*,*,#1080,.T.);
#1382=ORIENTED_EDGE('',*,*,#1081,.F.);
#1383=ORIENTED_EDGE('',*,*,#1080,.F.);
#1384=ORIENTED_EDGE('',*,*,#1079,.F.);
#1385=ORIENTED_EDGE('',*,*,#1082,.T.);
#1386=ORIENTED_EDGE('',*,*,#1083,.F.);
#1387=ORIENTED_EDGE('',*,*,#1082,.F.);
#1388=ORIENTED_EDGE('',*,*,#1078,.F.);
#1389=ORIENTED_EDGE('',*,*,#1084,.T.);
#1390=ORIENTED_EDGE('',*,*,#1085,.F.);
#1391=ORIENTED_EDGE('',*,*,#1084,.F.);
#1392=ORIENTED_EDGE('',*,*,#1077,.F.);
#1393=ORIENTED_EDGE('',*,*,#1086,.T.);
#1394=ORIENTED_EDGE('',*,*,#1087,.F.);
#1395=ORIENTED_EDGE('',*,*,#1086,.F.);
#1396=ORIENTED_EDGE('',*,*,#1076,.F.);
#1397=ORIENTED_EDGE('',*,*,#1088,.T.);
#1398=ORIENTED_EDGE('',*,*,#1089,.F.);
#1399=ORIENTED_EDGE('',*,*,#1088,.F.);
#1400=ORIENTED_EDGE('',*,*,#1075,.F.);
#1401=ORIENTED_EDGE('',*,*,#1090,.T.);
#1402=ORIENTED_EDGE('',*,*,#1091,.F.);
#1403=ORIENTED_EDGE('',*,*,#1090,.F.);
#1404=ORIENTED_EDGE('',*,*,#1074,.F.);
#1405=ORIENTED_EDGE('',*,*,#1092,.T.);
#1406=ORIENTED_EDGE('',*,*,#1093,.F.);
#1407=ORIENTED_EDGE('',*,*,#1092,.F.);
#1408=ORIENTED_EDGE('',*,*,#1073,.F.);
#1409=ORIENTED_EDGE('',*,*,#1094,.T.);
#1410=ORIENTED_EDGE('',*,*,#1095,.F.);
#1411=ORIENTED_EDGE('',*,*,#1094,.F.);
#1412=ORIENTED_EDGE('',*,*,#1072,.F.);
#1413=ORIENTED_EDGE('',*,*,#1096,.T.);
#1414=ORIENTED_EDGE('',*,*,#1097,.F.);
#1415=ORIENTED_EDGE('',*,*,#1096,.F.);
#1416=ORIENTED_EDGE('',*,*,#1098,.T.);
#1417=ORIENTED_EDGE('',*,*,#1099,.T.);
#1418=ORIENTED_EDGE('',*,*,#1100,.F.);
#1419=ORIENTED_EDGE('',*,*,#1099,.F.);
#1420=ORIENTED_EDGE('',*,*,#1101,.F.);
#1421=ORIENTED_EDGE('',*,*,#1102,.T.);
#1422=ORIENTED_EDGE('',*,*,#1103,.T.);
#1423=ORIENTED_EDGE('',*,*,#1104,.T.);
#1424=ORIENTED_EDGE('',*,*,#1101,.T.);
#1425=ORIENTED_EDGE('',*,*,#1104,.F.);
#1426=ORIENTED_EDGE('',*,*,#1098,.F.);
#1427=ORIENTED_EDGE('',*,*,#1103,.F.);
#1428=ORIENTED_EDGE('',*,*,#1105,.T.);
#1429=ORIENTED_EDGE('',*,*,#1100,.T.);
#1430=ORIENTED_EDGE('',*,*,#1106,.F.);
#1431=ORIENTED_EDGE('',*,*,#1102,.F.);
#1432=ORIENTED_EDGE('',*,*,#1107,.T.);
#1433=ORIENTED_EDGE('',*,*,#1108,.F.);
#1434=ORIENTED_EDGE('',*,*,#1109,.F.);
#1435=ORIENTED_EDGE('',*,*,#1107,.F.);
#1436=ORIENTED_EDGE('',*,*,#1110,.T.);
#1437=ORIENTED_EDGE('',*,*,#1111,.T.);
#1438=ORIENTED_EDGE('',*,*,#1108,.T.);
#1439=ORIENTED_EDGE('',*,*,#1109,.T.);
#1440=ORIENTED_EDGE('',*,*,#1112,.T.);
#1441=ORIENTED_EDGE('',*,*,#1105,.F.);
#1442=ORIENTED_EDGE('',*,*,#1113,.T.);
#1443=ORIENTED_EDGE('',*,*,#1114,.T.);
#1444=ORIENTED_EDGE('',*,*,#1113,.F.);
#1445=ORIENTED_EDGE('',*,*,#1081,.T.);
#1446=ORIENTED_EDGE('',*,*,#1083,.T.);
#1447=ORIENTED_EDGE('',*,*,#1085,.T.);
#1448=ORIENTED_EDGE('',*,*,#1087,.T.);
#1449=ORIENTED_EDGE('',*,*,#1089,.T.);
#1450=ORIENTED_EDGE('',*,*,#1091,.T.);
#1451=ORIENTED_EDGE('',*,*,#1093,.T.);
#1452=ORIENTED_EDGE('',*,*,#1095,.T.);
#1453=ORIENTED_EDGE('',*,*,#1097,.T.);
#1454=ORIENTED_EDGE('',*,*,#1114,.F.);
#1455=ORIENTED_EDGE('',*,*,#1115,.F.);
#1456=ORIENTED_EDGE('',*,*,#1116,.T.);
#1457=ORIENTED_EDGE('',*,*,#1110,.F.);
#1458=ORIENTED_EDGE('',*,*,#1111,.F.);
#1459=ORIENTED_EDGE('',*,*,#1116,.F.);
#1460=ORIENTED_EDGE('',*,*,#1065,.T.);
#1461=ORIENTED_EDGE('',*,*,#1115,.T.);
#1462=ORIENTED_EDGE('',*,*,#1112,.F.);
#1463=ORIENTED_EDGE('',*,*,#1117,.T.);
#1464=ORIENTED_EDGE('',*,*,#1106,.T.);
#1465=ORIENTED_EDGE('',*,*,#1117,.F.);
#1466=ORIENTED_EDGE('',*,*,#1118,.F.);
#1467=ORIENTED_EDGE('',*,*,#1119,.F.);
#1468=ORIENTED_EDGE('',*,*,#1120,.T.);
#1469=ORIENTED_EDGE('',*,*,#1121,.F.);
#1470=ORIENTED_EDGE('',*,*,#1120,.F.);
#1471=ORIENTED_EDGE('',*,*,#1122,.F.);
#1472=ORIENTED_EDGE('',*,*,#1123,.T.);
#1473=ORIENTED_EDGE('',*,*,#1124,.T.);
#1474=ORIENTED_EDGE('',*,*,#1123,.F.);
#1475=ORIENTED_EDGE('',*,*,#1125,.F.);
#1476=ORIENTED_EDGE('',*,*,#1126,.T.);
#1477=ORIENTED_EDGE('',*,*,#1127,.T.);
#1478=ORIENTED_EDGE('',*,*,#1126,.F.);
#1479=ORIENTED_EDGE('',*,*,#1127,.F.);
#1480=ORIENTED_EDGE('',*,*,#1124,.F.);
#1481=ORIENTED_EDGE('',*,*,#1128,.F.);
#1482=ORIENTED_EDGE('',*,*,#1129,.T.);
#1483=ORIENTED_EDGE('',*,*,#1130,.T.);
#1484=ORIENTED_EDGE('',*,*,#1131,.T.);
#1485=ORIENTED_EDGE('',*,*,#1132,.T.);
#1486=ORIENTED_EDGE('',*,*,#1133,.T.);
#1487=ORIENTED_EDGE('',*,*,#1134,.T.);
#1488=ORIENTED_EDGE('',*,*,#1135,.T.);
#1489=ORIENTED_EDGE('',*,*,#1136,.T.);
#1490=ORIENTED_EDGE('',*,*,#1125,.T.);
#1491=ORIENTED_EDGE('',*,*,#1137,.F.);
#1492=ORIENTED_EDGE('',*,*,#1138,.T.);
#1493=ORIENTED_EDGE('',*,*,#1136,.F.);
#1494=ORIENTED_EDGE('',*,*,#1138,.F.);
#1495=ORIENTED_EDGE('',*,*,#1139,.F.);
#1496=ORIENTED_EDGE('',*,*,#1140,.T.);
#1497=ORIENTED_EDGE('',*,*,#1135,.F.);
#1498=ORIENTED_EDGE('',*,*,#1140,.F.);
#1499=ORIENTED_EDGE('',*,*,#1141,.F.);
#1500=ORIENTED_EDGE('',*,*,#1142,.T.);
#1501=ORIENTED_EDGE('',*,*,#1134,.F.);
#1502=ORIENTED_EDGE('',*,*,#1142,.F.);
#1503=ORIENTED_EDGE('',*,*,#1143,.F.);
#1504=ORIENTED_EDGE('',*,*,#1144,.T.);
#1505=ORIENTED_EDGE('',*,*,#1133,.F.);
#1506=ORIENTED_EDGE('',*,*,#1144,.F.);
#1507=ORIENTED_EDGE('',*,*,#1145,.F.);
#1508=ORIENTED_EDGE('',*,*,#1146,.T.);
#1509=ORIENTED_EDGE('',*,*,#1132,.F.);
#1510=ORIENTED_EDGE('',*,*,#1146,.F.);
#1511=ORIENTED_EDGE('',*,*,#1147,.F.);
#1512=ORIENTED_EDGE('',*,*,#1148,.T.);
#1513=ORIENTED_EDGE('',*,*,#1131,.F.);
#1514=ORIENTED_EDGE('',*,*,#1148,.F.);
#1515=ORIENTED_EDGE('',*,*,#1149,.F.);
#1516=ORIENTED_EDGE('',*,*,#1150,.T.);
#1517=ORIENTED_EDGE('',*,*,#1130,.F.);
#1518=ORIENTED_EDGE('',*,*,#1150,.F.);
#1519=ORIENTED_EDGE('',*,*,#1151,.F.);
#1520=ORIENTED_EDGE('',*,*,#1152,.T.);
#1521=ORIENTED_EDGE('',*,*,#1129,.F.);
#1522=ORIENTED_EDGE('',*,*,#1152,.F.);
#1523=ORIENTED_EDGE('',*,*,#1153,.F.);
#1524=ORIENTED_EDGE('',*,*,#1154,.T.);
#1525=ORIENTED_EDGE('',*,*,#1155,.T.);
#1526=ORIENTED_EDGE('',*,*,#1154,.F.);
#1527=ORIENTED_EDGE('',*,*,#1156,.F.);
#1528=ORIENTED_EDGE('',*,*,#1157,.T.);
#1529=ORIENTED_EDGE('',*,*,#1158,.T.);
#1530=ORIENTED_EDGE('',*,*,#1157,.F.);
#1531=ORIENTED_EDGE('',*,*,#1158,.F.);
#1532=ORIENTED_EDGE('',*,*,#1155,.F.);
#1533=ORIENTED_EDGE('',*,*,#1159,.F.);
#1534=ORIENTED_EDGE('',*,*,#1156,.T.);
#1535=ORIENTED_EDGE('',*,*,#1121,.T.);
#1536=ORIENTED_EDGE('',*,*,#1160,.F.);
#1537=ORIENTED_EDGE('',*,*,#1161,.F.);
#1538=ORIENTED_EDGE('',*,*,#1162,.F.);
#1539=ORIENTED_EDGE('',*,*,#1163,.T.);
#1540=ORIENTED_EDGE('',*,*,#1164,.T.);
#1541=ORIENTED_EDGE('',*,*,#1163,.F.);
#1542=ORIENTED_EDGE('',*,*,#1164,.F.);
#1543=ORIENTED_EDGE('',*,*,#1165,.F.);
#1544=ORIENTED_EDGE('',*,*,#1160,.T.);
#1545=ORIENTED_EDGE('',*,*,#1166,.T.);
#1546=ORIENTED_EDGE('',*,*,#1167,.T.);
#1547=ORIENTED_EDGE('',*,*,#1166,.F.);
#1548=ORIENTED_EDGE('',*,*,#1167,.F.);
#1549=ORIENTED_EDGE('',*,*,#1168,.F.);
#1550=ORIENTED_EDGE('',*,*,#1168,.T.);
#1551=ORIENTED_EDGE('',*,*,#1169,.T.);
#1552=ORIENTED_EDGE('',*,*,#1170,.F.);
#1553=ORIENTED_EDGE('',*,*,#1171,.F.);
#1554=ORIENTED_EDGE('',*,*,#1169,.F.);
#1555=ORIENTED_EDGE('',*,*,#1165,.T.);
#1556=ORIENTED_EDGE('',*,*,#1172,.T.);
#1557=ORIENTED_EDGE('',*,*,#1173,.F.);
#1558=ORIENTED_EDGE('',*,*,#1174,.F.);
#1559=ORIENTED_EDGE('',*,*,#1172,.F.);
#1560=ORIENTED_EDGE('',*,*,#1175,.F.);
#1561=ORIENTED_EDGE('',*,*,#1176,.T.);
#1562=ORIENTED_EDGE('',*,*,#1177,.T.);
#1563=ORIENTED_EDGE('',*,*,#1176,.F.);
#1564=ORIENTED_EDGE('',*,*,#1173,.T.);
#1565=ORIENTED_EDGE('',*,*,#1174,.T.);
#1566=ORIENTED_EDGE('',*,*,#1177,.F.);
#1567=ORIENTED_EDGE('',*,*,#1178,.T.);
#1568=ORIENTED_EDGE('',*,*,#1179,.F.);
#1569=ORIENTED_EDGE('',*,*,#1178,.F.);
#1570=ORIENTED_EDGE('',*,*,#1180,.T.);
#1571=ORIENTED_EDGE('',*,*,#1181,.F.);
#1572=ORIENTED_EDGE('',*,*,#1181,.T.);
#1573=ORIENTED_EDGE('',*,*,#1182,.T.);
#1574=ORIENTED_EDGE('',*,*,#1179,.T.);
#1575=ORIENTED_EDGE('',*,*,#1182,.F.);
#1576=ORIENTED_EDGE('',*,*,#1122,.T.);
#1577=ORIENTED_EDGE('',*,*,#1175,.T.);
#1578=ORIENTED_EDGE('',*,*,#1183,.F.);
#1579=ORIENTED_EDGE('',*,*,#1184,.T.);
#1580=ORIENTED_EDGE('',*,*,#1128,.T.);
#1581=ORIENTED_EDGE('',*,*,#1184,.F.);
#1582=ORIENTED_EDGE('',*,*,#1161,.T.);
#1583=ORIENTED_EDGE('',*,*,#1162,.T.);
#1584=ORIENTED_EDGE('',*,*,#1183,.T.);
#1585=ORIENTED_EDGE('',*,*,#1137,.T.);
#1586=ORIENTED_EDGE('',*,*,#1139,.T.);
#1587=ORIENTED_EDGE('',*,*,#1141,.T.);
#1588=ORIENTED_EDGE('',*,*,#1143,.T.);
#1589=ORIENTED_EDGE('',*,*,#1145,.T.);
#1590=ORIENTED_EDGE('',*,*,#1147,.T.);
#1591=ORIENTED_EDGE('',*,*,#1149,.T.);
#1592=ORIENTED_EDGE('',*,*,#1151,.T.);
#1593=ORIENTED_EDGE('',*,*,#1185,.F.);
#1594=ORIENTED_EDGE('',*,*,#1186,.F.);
#1595=ORIENTED_EDGE('',*,*,#1187,.T.);
#1596=ORIENTED_EDGE('',*,*,#1185,.T.);
#1597=ORIENTED_EDGE('',*,*,#1187,.F.);
#1598=ORIENTED_EDGE('',*,*,#1118,.T.);
#1599=ORIENTED_EDGE('',*,*,#1119,.T.);
#1600=ORIENTED_EDGE('',*,*,#1186,.T.);
#1601=ORIENTED_EDGE('',*,*,#1188,.F.);
#1602=ORIENTED_EDGE('',*,*,#1188,.T.);
#1603=ORIENTED_EDGE('',*,*,#1189,.T.);
#1604=ORIENTED_EDGE('',*,*,#1190,.F.);
#1605=ORIENTED_EDGE('',*,*,#1189,.F.);
#1606=ORIENTED_EDGE('',*,*,#1153,.T.);
#1607=ORIENTED_EDGE('',*,*,#1190,.T.);
#1608=ORIENTED_EDGE('',*,*,#1159,.T.);
#1609=ORIENTED_EDGE('',*,*,#1191,.T.);
#1610=ORIENTED_EDGE('',*,*,#1180,.F.);
#1611=ORIENTED_EDGE('',*,*,#1191,.F.);
#1612=ORIENTED_EDGE('',*,*,#1170,.T.);
#1613=ORIENTED_EDGE('',*,*,#1171,.T.);
#1614=ORIENTED_EDGE('',*,*,#1192,.T.);
#1615=ORIENTED_EDGE('',*,*,#1193,.T.);
#1616=ORIENTED_EDGE('',*,*,#1194,.F.);
#1617=ORIENTED_EDGE('',*,*,#1193,.F.);
#1618=ORIENTED_EDGE('',*,*,#1195,.T.);
#1619=ORIENTED_EDGE('',*,*,#1196,.T.);
#1620=ORIENTED_EDGE('',*,*,#1192,.F.);
#1621=ORIENTED_EDGE('',*,*,#1196,.F.);
#1622=ORIENTED_EDGE('',*,*,#1197,.T.);
#1623=ORIENTED_EDGE('',*,*,#1198,.T.);
#1624=ORIENTED_EDGE('',*,*,#1195,.F.);
#1625=ORIENTED_EDGE('',*,*,#1198,.F.);
#1626=ORIENTED_EDGE('',*,*,#1199,.T.);
#1627=ORIENTED_EDGE('',*,*,#1197,.F.);
#1628=ORIENTED_EDGE('',*,*,#1199,.F.);
#1629=ORIENTED_EDGE('',*,*,#1200,.T.);
#1630=ORIENTED_EDGE('',*,*,#1201,.T.);
#1631=ORIENTED_EDGE('',*,*,#1200,.F.);
#1632=ORIENTED_EDGE('',*,*,#1201,.F.);
#1633=ORIENTED_EDGE('',*,*,#1202,.T.);
#1634=ORIENTED_EDGE('',*,*,#1203,.F.);
#1635=ORIENTED_EDGE('',*,*,#1204,.T.);
#1636=ORIENTED_EDGE('',*,*,#1205,.T.);
#1637=ORIENTED_EDGE('',*,*,#1204,.F.);
#1638=ORIENTED_EDGE('',*,*,#1205,.F.);
#1639=ORIENTED_EDGE('',*,*,#1206,.T.);
#1640=ORIENTED_EDGE('',*,*,#1207,.T.);
#1641=ORIENTED_EDGE('',*,*,#1206,.F.);
#1642=ORIENTED_EDGE('',*,*,#1202,.F.);
#1643=ORIENTED_EDGE('',*,*,#1208,.T.);
#1644=ORIENTED_EDGE('',*,*,#1203,.T.);
#1645=ORIENTED_EDGE('',*,*,#1208,.F.);
#1646=ORIENTED_EDGE('',*,*,#1209,.F.);
#1647=ORIENTED_EDGE('',*,*,#1210,.T.);
#1648=ORIENTED_EDGE('',*,*,#1211,.T.);
#1649=ORIENTED_EDGE('',*,*,#1210,.F.);
#1650=ORIENTED_EDGE('',*,*,#1212,.F.);
#1651=ORIENTED_EDGE('',*,*,#1213,.T.);
#1652=ORIENTED_EDGE('',*,*,#1214,.T.);
#1653=ORIENTED_EDGE('',*,*,#1213,.F.);
#1654=ORIENTED_EDGE('',*,*,#1214,.F.);
#1655=ORIENTED_EDGE('',*,*,#1211,.F.);
#1656=ORIENTED_EDGE('',*,*,#1215,.F.);
#1657=ORIENTED_EDGE('',*,*,#1216,.T.);
#1658=ORIENTED_EDGE('',*,*,#1217,.T.);
#1659=ORIENTED_EDGE('',*,*,#1218,.T.);
#1660=ORIENTED_EDGE('',*,*,#1219,.T.);
#1661=ORIENTED_EDGE('',*,*,#1220,.T.);
#1662=ORIENTED_EDGE('',*,*,#1221,.T.);
#1663=ORIENTED_EDGE('',*,*,#1222,.T.);
#1664=ORIENTED_EDGE('',*,*,#1223,.T.);
#1665=ORIENTED_EDGE('',*,*,#1212,.T.);
#1666=ORIENTED_EDGE('',*,*,#1224,.F.);
#1667=ORIENTED_EDGE('',*,*,#1225,.T.);
#1668=ORIENTED_EDGE('',*,*,#1223,.F.);
#1669=ORIENTED_EDGE('',*,*,#1225,.F.);
#1670=ORIENTED_EDGE('',*,*,#1226,.F.);
#1671=ORIENTED_EDGE('',*,*,#1227,.T.);
#1672=ORIENTED_EDGE('',*,*,#1222,.F.);
#1673=ORIENTED_EDGE('',*,*,#1227,.F.);
#1674=ORIENTED_EDGE('',*,*,#1228,.F.);
#1675=ORIENTED_EDGE('',*,*,#1229,.T.);
#1676=ORIENTED_EDGE('',*,*,#1221,.F.);
#1677=ORIENTED_EDGE('',*,*,#1229,.F.);
#1678=ORIENTED_EDGE('',*,*,#1230,.F.);
#1679=ORIENTED_EDGE('',*,*,#1231,.T.);
#1680=ORIENTED_EDGE('',*,*,#1220,.F.);
#1681=ORIENTED_EDGE('',*,*,#1231,.F.);
#1682=ORIENTED_EDGE('',*,*,#1232,.F.);
#1683=ORIENTED_EDGE('',*,*,#1233,.T.);
#1684=ORIENTED_EDGE('',*,*,#1219,.F.);
#1685=ORIENTED_EDGE('',*,*,#1233,.F.);
#1686=ORIENTED_EDGE('',*,*,#1234,.F.);
#1687=ORIENTED_EDGE('',*,*,#1235,.T.);
#1688=ORIENTED_EDGE('',*,*,#1218,.F.);
#1689=ORIENTED_EDGE('',*,*,#1235,.F.);
#1690=ORIENTED_EDGE('',*,*,#1236,.F.);
#1691=ORIENTED_EDGE('',*,*,#1237,.T.);
#1692=ORIENTED_EDGE('',*,*,#1217,.F.);
#1693=ORIENTED_EDGE('',*,*,#1237,.F.);
#1694=ORIENTED_EDGE('',*,*,#1238,.F.);
#1695=ORIENTED_EDGE('',*,*,#1239,.T.);
#1696=ORIENTED_EDGE('',*,*,#1216,.F.);
#1697=ORIENTED_EDGE('',*,*,#1239,.F.);
#1698=ORIENTED_EDGE('',*,*,#1194,.T.);
#1699=ORIENTED_EDGE('',*,*,#1240,.T.);
#1700=ORIENTED_EDGE('',*,*,#1241,.F.);
#1701=ORIENTED_EDGE('',*,*,#1240,.F.);
#1702=ORIENTED_EDGE('',*,*,#1209,.T.);
#1703=ORIENTED_EDGE('',*,*,#1241,.T.);
#1704=ORIENTED_EDGE('',*,*,#1242,.F.);
#1705=ORIENTED_EDGE('',*,*,#1243,.T.);
#1706=ORIENTED_EDGE('',*,*,#1215,.T.);
#1707=ORIENTED_EDGE('',*,*,#1243,.F.);
#1708=ORIENTED_EDGE('',*,*,#1242,.T.);
#1709=ORIENTED_EDGE('',*,*,#1224,.T.);
#1710=ORIENTED_EDGE('',*,*,#1226,.T.);
#1711=ORIENTED_EDGE('',*,*,#1228,.T.);
#1712=ORIENTED_EDGE('',*,*,#1230,.T.);
#1713=ORIENTED_EDGE('',*,*,#1232,.T.);
#1714=ORIENTED_EDGE('',*,*,#1234,.T.);
#1715=ORIENTED_EDGE('',*,*,#1236,.T.);
#1716=ORIENTED_EDGE('',*,*,#1238,.T.);
#1717=ORIENTED_EDGE('',*,*,#1244,.F.);
#1718=ORIENTED_EDGE('',*,*,#1207,.F.);
#1719=ORIENTED_EDGE('',*,*,#1245,.T.);
#1720=ORIENTED_EDGE('',*,*,#1244,.T.);
#1721=ORIENTED_EDGE('',*,*,#1245,.F.);
#1722=CYLINDRICAL_SURFACE('',#1974,8.75);
#1723=CYLINDRICAL_SURFACE('',#1977,10.25);
#1724=CYLINDRICAL_SURFACE('',#1983,70.);
#1725=CYLINDRICAL_SURFACE('',#1986,5.);
#1726=CYLINDRICAL_SURFACE('',#1989,5.);
#1727=CYLINDRICAL_SURFACE('',#1992,5.);
#1728=CYLINDRICAL_SURFACE('',#1995,5.);
#1729=CYLINDRICAL_SURFACE('',#1998,5.);
#1730=CYLINDRICAL_SURFACE('',#2001,5.);
#1731=CYLINDRICAL_SURFACE('',#2004,5.);
#1732=CYLINDRICAL_SURFACE('',#2007,5.);
#1733=CYLINDRICAL_SURFACE('',#2010,5.);
#1734=CYLINDRICAL_SURFACE('',#2015,1.);
#1735=CYLINDRICAL_SURFACE('',#2018,1.);
#1736=CYLINDRICAL_SURFACE('',#2021,7.);
#1737=CYLINDRICAL_SURFACE('',#2029,7.);
#1738=CYLINDRICAL_SURFACE('',#2031,4.);
#1739=CYLINDRICAL_SURFACE('',#2033,12.);
#1740=CYLINDRICAL_SURFACE('',#2035,2.);
#1741=CYLINDRICAL_SURFACE('',#2041,35.);
#1742=CYLINDRICAL_SURFACE('',#2044,39.6);
#1743=CYLINDRICAL_SURFACE('',#2058,70.);
#1744=CYLINDRICAL_SURFACE('',#2060,5.);
#1745=CYLINDRICAL_SURFACE('',#2062,5.);
#1746=CYLINDRICAL_SURFACE('',#2064,5.);
#1747=CYLINDRICAL_SURFACE('',#2066,5.);
#1748=CYLINDRICAL_SURFACE('',#2068,5.);
#1749=CYLINDRICAL_SURFACE('',#2070,5.);
#1750=CYLINDRICAL_SURFACE('',#2072,5.);
#1751=CYLINDRICAL_SURFACE('',#2074,5.);
#1752=CYLINDRICAL_SURFACE('',#2076,8.00000011920929);
#1753=CYLINDRICAL_SURFACE('',#2082,5.);
#1754=CYLINDRICAL_SURFACE('',#2088,4.);
#1755=CYLINDRICAL_SURFACE('',#2095,28.);
#1756=CYLINDRICAL_SURFACE('',#2098,20.);
#1757=CYLINDRICAL_SURFACE('',#2101,7.00000010430813);
#1758=CYLINDRICAL_SURFACE('',#2104,11.0000001639128);
#1759=CYLINDRICAL_SURFACE('',#2106,45.5);
#1760=CYLINDRICAL_SURFACE('',#2109,47.);
#1761=CYLINDRICAL_SURFACE('',#2123,5.);
#1762=CYLINDRICAL_SURFACE('',#2125,5.);
#1763=CYLINDRICAL_SURFACE('',#2127,5.);
#1764=CYLINDRICAL_SURFACE('',#2129,5.);
#1765=CYLINDRICAL_SURFACE('',#2131,5.);
#1766=CYLINDRICAL_SURFACE('',#2133,5.);
#1767=CYLINDRICAL_SURFACE('',#2135,5.);
#1768=CYLINDRICAL_SURFACE('',#2137,5.);
#1769=CYLINDRICAL_SURFACE('',#2139,20.0000002980232);
#1770=CYLINDRICAL_SURFACE('',#2142,24.6000002980232);
#1771=CYLINDRICAL_SURFACE('',#2150,5.);
#1772=CYLINDRICAL_SURFACE('',#2154,5.00000007450581);
#1773=CYLINDRICAL_SURFACE('',#2158,3.99999999999999);
#1774=CYLINDRICAL_SURFACE('',#2159,4.00000005960464);
#1775=CYLINDRICAL_SURFACE('',#2160,42.0000005960464);
#1776=CYLINDRICAL_SURFACE('',#2168,28.6);
#1777=CYLINDRICAL_SURFACE('',#2170,70.);
#1778=CYLINDRICAL_SURFACE('',#2174,48.);
#1779=CYLINDRICAL_SURFACE('',#2178,18.);
#1780=CYLINDRICAL_SURFACE('',#2181,40.);
#1781=CYLINDRICAL_SURFACE('',#2186,7.);
#1782=CYLINDRICAL_SURFACE('',#2192,28.6);
#1783=CYLINDRICAL_SURFACE('',#2196,11.0000003324822);
#1784=CYLINDRICAL_SURFACE('',#2202,35.);
#1785=CYLINDRICAL_SURFACE('',#2205,39.6);
#1786=CYLINDRICAL_SURFACE('',#2219,5.);
#1787=CYLINDRICAL_SURFACE('',#2221,5.);
#1788=CYLINDRICAL_SURFACE('',#2223,5.);
#1789=CYLINDRICAL_SURFACE('',#2225,5.);
#1790=CYLINDRICAL_SURFACE('',#2227,5.);
#1791=CYLINDRICAL_SURFACE('',#2229,5.);
#1792=CYLINDRICAL_SURFACE('',#2231,5.);
#1793=CYLINDRICAL_SURFACE('',#2233,5.);
#1794=CYLINDRICAL_SURFACE('',#2235,30.);
#1795=CYLINDRICAL_SURFACE('',#2238,70.);
#1796=CYLINDRICAL_SURFACE('',#2242,38.);
#1797=ADVANCED_FACE('',(#203),#1722,.T.);
#1798=ADVANCED_FACE('',(#204),#1723,.F.);
#1799=ADVANCED_FACE('',(#205,#60),#168,.T.);
#1800=ADVANCED_FACE('',(#206,#61),#169,.T.);
#1801=ADVANCED_FACE('',(#207),#1724,.T.);
#1802=ADVANCED_FACE('',(#208),#1725,.F.);
#1803=ADVANCED_FACE('',(#209),#1726,.F.);
#1804=ADVANCED_FACE('',(#210),#1727,.F.);
#1805=ADVANCED_FACE('',(#211),#1728,.F.);
#1806=ADVANCED_FACE('',(#212),#1729,.F.);
#1807=ADVANCED_FACE('',(#213),#1730,.F.);
#1808=ADVANCED_FACE('',(#214),#1731,.F.);
#1809=ADVANCED_FACE('',(#215),#1732,.F.);
#1810=ADVANCED_FACE('',(#216),#1733,.F.);
#1811=ADVANCED_FACE('',(#217,#62),#170,.T.);
#1812=ADVANCED_FACE('',(#218),#1734,.F.);
#1813=ADVANCED_FACE('',(#219),#1735,.F.);
#1814=ADVANCED_FACE('',(#220),#1736,.T.);
#1815=ADVANCED_FACE('',(#221,#63),#171,.T.);
#1816=ADVANCED_FACE('',(#222,#64),#172,.T.);
#1817=ADVANCED_FACE('',(#223,#65),#173,.F.);
#1818=ADVANCED_FACE('',(#224),#1737,.T.);
#1819=ADVANCED_FACE('',(#225),#1738,.F.);
#1820=ADVANCED_FACE('',(#226),#1739,.T.);
#1821=ADVANCED_FACE('',(#227,#66,#67,#68,#69,#70,#71,#72,#73,#74,#75,#76),
#174,.T.);
#1822=ADVANCED_FACE('',(#228),#1740,.F.);
#1823=ADVANCED_FACE('',(#229,#77),#175,.T.);
#1824=ADVANCED_FACE('',(#230,#78,#79,#80,#81,#82,#83,#84,#85,#86,#87,#88),
#176,.F.);
#1825=ADVANCED_FACE('',(#231),#1741,.T.);
#1826=ADVANCED_FACE('',(#232),#1742,.F.);
#1827=ADVANCED_FACE('',(#233,#89),#177,.T.);
#1828=ADVANCED_FACE('',(#234,#90,#91,#92,#93,#94,#95,#96,#97,#98),#178,
 .F.);
#1829=ADVANCED_FACE('',(#235),#1743,.T.);
#1830=ADVANCED_FACE('',(#236),#1744,.F.);
#1831=ADVANCED_FACE('',(#237),#1745,.F.);
#1832=ADVANCED_FACE('',(#238),#1746,.F.);
#1833=ADVANCED_FACE('',(#239),#1747,.F.);
#1834=ADVANCED_FACE('',(#240),#1748,.F.);
#1835=ADVANCED_FACE('',(#241),#1749,.F.);
#1836=ADVANCED_FACE('',(#242),#1750,.F.);
#1837=ADVANCED_FACE('',(#243),#1751,.F.);
#1838=ADVANCED_FACE('',(#244),#1752,.T.);
#1839=ADVANCED_FACE('',(#245,#99),#179,.T.);
#1840=ADVANCED_FACE('',(#246),#1753,.F.);
#1841=ADVANCED_FACE('',(#247,#100),#180,.T.);
#1842=ADVANCED_FACE('',(#248,#101,#102),#181,.F.);
#1843=ADVANCED_FACE('',(#249),#1754,.F.);
#1844=ADVANCED_FACE('',(#250,#103),#182,.F.);
#1845=ADVANCED_FACE('',(#251),#1755,.T.);
#1846=ADVANCED_FACE('',(#252,#104,#105,#106,#107,#108,#109,#110,#111,#112),
#183,.F.);
#1847=ADVANCED_FACE('',(#253),#1756,.F.);
#1848=ADVANCED_FACE('',(#254,#113),#184,.F.);
#1849=ADVANCED_FACE('',(#255),#1757,.F.);
#1850=ADVANCED_FACE('',(#256),#1758,.T.);
#1851=ADVANCED_FACE('',(#257),#1759,.T.);
#1852=ADVANCED_FACE('',(#258),#1760,.F.);
#1853=ADVANCED_FACE('',(#259,#114),#185,.T.);
#1854=ADVANCED_FACE('',(#260,#115,#116,#117,#118,#119,#120,#121,#122,#123),
#186,.T.);
#1855=ADVANCED_FACE('',(#261),#1761,.F.);
#1856=ADVANCED_FACE('',(#262),#1762,.F.);
#1857=ADVANCED_FACE('',(#263),#1763,.F.);
#1858=ADVANCED_FACE('',(#264),#1764,.F.);
#1859=ADVANCED_FACE('',(#265),#1765,.F.);
#1860=ADVANCED_FACE('',(#266),#1766,.F.);
#1861=ADVANCED_FACE('',(#267),#1767,.F.);
#1862=ADVANCED_FACE('',(#268),#1768,.F.);
#1863=ADVANCED_FACE('',(#269),#1769,.T.);
#1864=ADVANCED_FACE('',(#270),#1770,.F.);
#1865=ADVANCED_FACE('',(#271,#124),#187,.F.);
#1866=ADVANCED_FACE('',(#272,#125),#188,.T.);
#1867=ADVANCED_FACE('',(#273,#126),#189,.T.);
#1868=ADVANCED_FACE('',(#274),#1771,.F.);
#1869=ADVANCED_FACE('',(#275,#127),#190,.T.);
#1870=ADVANCED_FACE('',(#276),#1772,.F.);
#1871=ADVANCED_FACE('',(#277,#128),#191,.T.);
#1872=ADVANCED_FACE('',(#278),#1773,.F.);
#1873=ADVANCED_FACE('',(#279),#1774,.F.);
#1874=ADVANCED_FACE('',(#280,#129),#1775,.F.);
#1875=ADVANCED_FACE('',(#281),#31,.F.);
#1876=ADVANCED_FACE('',(#282,#130),#192,.T.);
#1877=ADVANCED_FACE('',(#283),#1776,.F.);
#1878=ADVANCED_FACE('',(#284,#131),#193,.T.);
#1879=ADVANCED_FACE('',(#285,#132),#1777,.T.);
#1880=ADVANCED_FACE('',(#286,#133,#134,#135,#136,#137,#138,#139,#140,#141),
#194,.T.);
#1881=ADVANCED_FACE('',(#287,#142),#1778,.T.);
#1882=ADVANCED_FACE('',(#288,#143),#195,.T.);
#1883=ADVANCED_FACE('',(#289),#1779,.F.);
#1884=ADVANCED_FACE('',(#290,#144),#196,.T.);
#1885=ADVANCED_FACE('',(#291,#145),#1780,.F.);
#1886=ADVANCED_FACE('',(#292),#32,.F.);
#1887=ADVANCED_FACE('',(#293),#1781,.F.);
#1888=ADVANCED_FACE('',(#294),#33,.F.);
#1889=ADVANCED_FACE('',(#295,#146),#197,.T.);
#1890=ADVANCED_FACE('',(#296),#1782,.T.);
#1891=ADVANCED_FACE('',(#297,#147),#198,.T.);
#1892=ADVANCED_FACE('',(#298),#1783,.T.);
#1893=ADVANCED_FACE('',(#299),#34,.T.);
#1894=ADVANCED_FACE('',(#300),#35,.T.);
#1895=ADVANCED_FACE('',(#301),#1784,.T.);
#1896=ADVANCED_FACE('',(#302),#1785,.F.);
#1897=ADVANCED_FACE('',(#303,#148),#199,.F.);
#1898=ADVANCED_FACE('',(#304,#149,#150,#151,#152,#153,#154,#155,#156,#157),
#200,.T.);
#1899=ADVANCED_FACE('',(#305),#1786,.F.);
#1900=ADVANCED_FACE('',(#306),#1787,.F.);
#1901=ADVANCED_FACE('',(#307),#1788,.F.);
#1902=ADVANCED_FACE('',(#308),#1789,.F.);
#1903=ADVANCED_FACE('',(#309),#1790,.F.);
#1904=ADVANCED_FACE('',(#310),#1791,.F.);
#1905=ADVANCED_FACE('',(#311),#1792,.F.);
#1906=ADVANCED_FACE('',(#312),#1793,.F.);
#1907=ADVANCED_FACE('',(#313),#1794,.F.);
#1908=ADVANCED_FACE('',(#314,#158),#201,.T.);
#1909=ADVANCED_FACE('',(#315),#1795,.T.);
#1910=ADVANCED_FACE('',(#316,#159,#160,#161,#162,#163,#164,#165,#166,#167),
#202,.T.);
#1911=ADVANCED_FACE('',(#317),#1796,.T.);
#1912=CLOSED_SHELL('',(#1797,#1798,#1799,#1800,#1801,#1802,#1803,#1804,
#1805,#1806,#1807,#1808,#1809,#1810,#1811,#1812,#1813,#1814,#1815,#1816,
#1817,#1818,#1819,#1820,#1821,#1822,#1823,#1824));
#1913=CLOSED_SHELL('',(#1825,#1826,#1827,#1828,#1829,#1830,#1831,#1832,
#1833,#1834,#1835,#1836,#1837,#1838,#1839,#1840,#1841,#1842,#1843,#1844,
#1845,#1846,#1847,#1848,#1849));
#1914=CLOSED_SHELL('',(#1850,#1851,#1852,#1853,#1854,#1855,#1856,#1857,
#1858,#1859,#1860,#1861,#1862,#1863,#1864,#1865,#1866,#1867,#1868,#1869,
#1870,#1871,#1872,#1873,#1874,#1875,#1876,#1877,#1878,#1879,#1880,#1881,
#1882,#1883,#1884,#1885));
#1915=CLOSED_SHELL('',(#1886,#1887,#1888,#1889,#1890,#1891,#1892,#1893,
#1894,#1895,#1896,#1897,#1898,#1899,#1900,#1901,#1902,#1903,#1904,#1905,
#1906,#1907,#1908,#1909,#1910,#1911));
#1916=DERIVED_UNIT_ELEMENT(#1926,1.);
#1917=DERIVED_UNIT_ELEMENT(#3552,-3.);
#1918=DERIVED_UNIT_ELEMENT(#1926,1.);
#1919=DERIVED_UNIT_ELEMENT(#3552,-3.);
#1920=DERIVED_UNIT_ELEMENT(#1926,1.);
#1921=DERIVED_UNIT_ELEMENT(#3552,-3.);
#1922=DERIVED_UNIT_ELEMENT(#1926,1.);
#1923=DERIVED_UNIT_ELEMENT(#3552,-3.);
#1924=DERIVED_UNIT_ELEMENT(#1926,1.);
#1925=DERIVED_UNIT_ELEMENT(#3552,-3.);
#1926=(
MASS_UNIT()
NAMED_UNIT(*)
SI_UNIT(.KILO.,.GRAM.)
);
#1927=DERIVED_UNIT((#1916,#1917));
#1928=DERIVED_UNIT((#1918,#1919));
#1929=DERIVED_UNIT((#1920,#1921));
#1930=DERIVED_UNIT((#1922,#1923));
#1931=DERIVED_UNIT((#1924,#1925));
#1932=MEASURE_REPRESENTATION_ITEM('density measure',
POSITIVE_RATIO_MEASURE(7850.),#1927);
#1933=MEASURE_REPRESENTATION_ITEM('density measure',
POSITIVE_RATIO_MEASURE(7850.),#1928);
#1934=MEASURE_REPRESENTATION_ITEM('density measure',
POSITIVE_RATIO_MEASURE(7850.),#1929);
#1935=MEASURE_REPRESENTATION_ITEM('density measure',
POSITIVE_RATIO_MEASURE(7850.),#1930);
#1936=MEASURE_REPRESENTATION_ITEM('density measure',
POSITIVE_RATIO_MEASURE(7850.),#1931);
#1937=PROPERTY_DEFINITION_REPRESENTATION(#1962,#1947);
#1938=PROPERTY_DEFINITION_REPRESENTATION(#1963,#1948);
#1939=PROPERTY_DEFINITION_REPRESENTATION(#1964,#1949);
#1940=PROPERTY_DEFINITION_REPRESENTATION(#1965,#1950);
#1941=PROPERTY_DEFINITION_REPRESENTATION(#1966,#1951);
#1942=PROPERTY_DEFINITION_REPRESENTATION(#1967,#1952);
#1943=PROPERTY_DEFINITION_REPRESENTATION(#1968,#1953);
#1944=PROPERTY_DEFINITION_REPRESENTATION(#1969,#1954);
#1945=PROPERTY_DEFINITION_REPRESENTATION(#1970,#1955);
#1946=PROPERTY_DEFINITION_REPRESENTATION(#1971,#1956);
#1947=REPRESENTATION('material name',(#1957),#3545);
#1948=REPRESENTATION('density',(#1932),#3545);
#1949=REPRESENTATION('material name',(#1958),#3546);
#1950=REPRESENTATION('density',(#1933),#3546);
#1951=REPRESENTATION('material name',(#1959),#3547);
#1952=REPRESENTATION('density',(#1934),#3547);
#1953=REPRESENTATION('material name',(#1960),#3548);
#1954=REPRESENTATION('density',(#1935),#3548);
#1955=REPRESENTATION('material name',(#1961),#3549);
#1956=REPRESENTATION('density',(#1936),#3549);
#1957=DESCRIPTIVE_REPRESENTATION_ITEM('Steel','Steel');
#1958=DESCRIPTIVE_REPRESENTATION_ITEM('Steel','Steel');
#1959=DESCRIPTIVE_REPRESENTATION_ITEM('Steel','Steel');
#1960=DESCRIPTIVE_REPRESENTATION_ITEM('Steel','Steel');
#1961=DESCRIPTIVE_REPRESENTATION_ITEM('Steel','Steel');
#1962=PROPERTY_DEFINITION('material property','material name',#3580);
#1963=PROPERTY_DEFINITION('material property','density of part',#3580);
#1964=PROPERTY_DEFINITION('material property','material name',#3581);
#1965=PROPERTY_DEFINITION('material property','density of part',#3581);
#1966=PROPERTY_DEFINITION('material property','material name',#3582);
#1967=PROPERTY_DEFINITION('material property','density of part',#3582);
#1968=PROPERTY_DEFINITION('material property','material name',#3583);
#1969=PROPERTY_DEFINITION('material property','density of part',#3583);
#1970=PROPERTY_DEFINITION('material property','material name',#3584);
#1971=PROPERTY_DEFINITION('material property','density of part',#3584);
#1972=AXIS2_PLACEMENT_3D('',#2880,#2248,#2249);
#1973=AXIS2_PLACEMENT_3D('',#2881,#2250,#2251);
#1974=AXIS2_PLACEMENT_3D('',#2882,#2252,#2253);
#1975=AXIS2_PLACEMENT_3D('',#2884,#2254,#2255);
#1976=AXIS2_PLACEMENT_3D('',#2887,#2257,#2258);
#1977=AXIS2_PLACEMENT_3D('',#2888,#2259,#2260);
#1978=AXIS2_PLACEMENT_3D('',#2890,#2261,#2262);
#1979=AXIS2_PLACEMENT_3D('',#2893,#2264,#2265);
#1980=AXIS2_PLACEMENT_3D('',#2894,#2266,#2267);
#1981=AXIS2_PLACEMENT_3D('',#2895,#2268,#2269);
#1982=AXIS2_PLACEMENT_3D('',#2897,#2270,#2271);
#1983=AXIS2_PLACEMENT_3D('',#2898,#2272,#2273);
#1984=AXIS2_PLACEMENT_3D('',#2900,#2274,#2275);
#1985=AXIS2_PLACEMENT_3D('',#2903,#2277,#2278);
#1986=AXIS2_PLACEMENT_3D('',#2904,#2279,#2280);
#1987=AXIS2_PLACEMENT_3D('',#2906,#2281,#2282);
#1988=AXIS2_PLACEMENT_3D('',#2909,#2284,#2285);
#1989=AXIS2_PLACEMENT_3D('',#2910,#2286,#2287);
#1990=AXIS2_PLACEMENT_3D('',#2912,#2288,#2289);
#1991=AXIS2_PLACEMENT_3D('',#2915,#2291,#2292);
#1992=AXIS2_PLACEMENT_3D('',#2916,#2293,#2294);
#1993=AXIS2_PLACEMENT_3D('',#2918,#2295,#2296);
#1994=AXIS2_PLACEMENT_3D('',#2921,#2298,#2299);
#1995=AXIS2_PLACEMENT_3D('',#2922,#2300,#2301);
#1996=AXIS2_PLACEMENT_3D('',#2924,#2302,#2303);
#1997=AXIS2_PLACEMENT_3D('',#2927,#2305,#2306);
#1998=AXIS2_PLACEMENT_3D('',#2928,#2307,#2308);
#1999=AXIS2_PLACEMENT_3D('',#2930,#2309,#2310);
#2000=AXIS2_PLACEMENT_3D('',#2933,#2312,#2313);
#2001=AXIS2_PLACEMENT_3D('',#2934,#2314,#2315);
#2002=AXIS2_PLACEMENT_3D('',#2936,#2316,#2317);
#2003=AXIS2_PLACEMENT_3D('',#2939,#2319,#2320);
#2004=AXIS2_PLACEMENT_3D('',#2940,#2321,#2322);
#2005=AXIS2_PLACEMENT_3D('',#2942,#2323,#2324);
#2006=AXIS2_PLACEMENT_3D('',#2945,#2326,#2327);
#2007=AXIS2_PLACEMENT_3D('',#2946,#2328,#2329);
#2008=AXIS2_PLACEMENT_3D('',#2948,#2330,#2331);
#2009=AXIS2_PLACEMENT_3D('',#2951,#2333,#2334);
#2010=AXIS2_PLACEMENT_3D('',#2952,#2335,#2336);
#2011=AXIS2_PLACEMENT_3D('',#2954,#2337,#2338);
#2012=AXIS2_PLACEMENT_3D('',#2957,#2340,#2341);
#2013=AXIS2_PLACEMENT_3D('',#2958,#2342,#2343);
#2014=AXIS2_PLACEMENT_3D('',#2960,#2344,#2345);
#2015=AXIS2_PLACEMENT_3D('',#2961,#2346,#2347);
#2016=AXIS2_PLACEMENT_3D('',#2963,#2348,#2349);
#2017=AXIS2_PLACEMENT_3D('',#2966,#2351,#2352);
#2018=AXIS2_PLACEMENT_3D('',#2967,#2353,#2354);
#2019=AXIS2_PLACEMENT_3D('',#2969,#2355,#2356);
#2020=AXIS2_PLACEMENT_3D('',#2972,#2358,#2359);
#2021=AXIS2_PLACEMENT_3D('',#2973,#2360,#2361);
#2022=AXIS2_PLACEMENT_3D('',#2975,#2362,#2363);
#2023=AXIS2_PLACEMENT_3D('',#2978,#2365,#2366);
#2024=AXIS2_PLACEMENT_3D('',#2979,#2367,#2368);
#2025=AXIS2_PLACEMENT_3D('',#2980,#2369,#2370);
#2026=AXIS2_PLACEMENT_3D('',#2981,#2371,#2372);
#2027=AXIS2_PLACEMENT_3D('',#2983,#2373,#2374);
#2028=AXIS2_PLACEMENT_3D('',#2985,#2375,#2376);
#2029=AXIS2_PLACEMENT_3D('',#2986,#2377,#2378);
#2030=AXIS2_PLACEMENT_3D('',#2988,#2379,#2380);
#2031=AXIS2_PLACEMENT_3D('',#2990,#2382,#2383);
#2032=AXIS2_PLACEMENT_3D('',#2993,#2385,#2386);
#2033=AXIS2_PLACEMENT_3D('',#2994,#2387,#2388);
#2034=AXIS2_PLACEMENT_3D('',#2996,#2390,#2391);
#2035=AXIS2_PLACEMENT_3D('',#2997,#2392,#2393);
#2036=AXIS2_PLACEMENT_3D('',#2999,#2394,#2395);
#2037=AXIS2_PLACEMENT_3D('',#3002,#2397,#2398);
#2038=AXIS2_PLACEMENT_3D('',#3003,#2399,#2400);
#2039=AXIS2_PLACEMENT_3D('',#3004,#2401,#2402);
#2040=AXIS2_PLACEMENT_3D('',#3005,#2403,#2404);
#2041=AXIS2_PLACEMENT_3D('',#3006,#2405,#2406);
#2042=AXIS2_PLACEMENT_3D('',#3008,#2407,#2408);
#2043=AXIS2_PLACEMENT_3D('',#3011,#2410,#2411);
#2044=AXIS2_PLACEMENT_3D('',#3012,#2412,#2413);
#2045=AXIS2_PLACEMENT_3D('',#3014,#2414,#2415);
#2046=AXIS2_PLACEMENT_3D('',#3017,#2417,#2418);
#2047=AXIS2_PLACEMENT_3D('',#3018,#2419,#2420);
#2048=AXIS2_PLACEMENT_3D('',#3019,#2421,#2422);
#2049=AXIS2_PLACEMENT_3D('',#3021,#2423,#2424);
#2050=AXIS2_PLACEMENT_3D('',#3023,#2425,#2426);
#2051=AXIS2_PLACEMENT_3D('',#3025,#2427,#2428);
#2052=AXIS2_PLACEMENT_3D('',#3027,#2429,#2430);
#2053=AXIS2_PLACEMENT_3D('',#3029,#2431,#2432);
#2054=AXIS2_PLACEMENT_3D('',#3031,#2433,#2434);
#2055=AXIS2_PLACEMENT_3D('',#3033,#2435,#2436);
#2056=AXIS2_PLACEMENT_3D('',#3035,#2437,#2438);
#2057=AXIS2_PLACEMENT_3D('',#3037,#2439,#2440);
#2058=AXIS2_PLACEMENT_3D('',#3038,#2441,#2442);
#2059=AXIS2_PLACEMENT_3D('',#3041,#2444,#2445);
#2060=AXIS2_PLACEMENT_3D('',#3042,#2446,#2447);
#2061=AXIS2_PLACEMENT_3D('',#3045,#2449,#2450);
#2062=AXIS2_PLACEMENT_3D('',#3046,#2451,#2452);
#2063=AXIS2_PLACEMENT_3D('',#3049,#2454,#2455);
#2064=AXIS2_PLACEMENT_3D('',#3050,#2456,#2457);
#2065=AXIS2_PLACEMENT_3D('',#3053,#2459,#2460);
#2066=AXIS2_PLACEMENT_3D('',#3054,#2461,#2462);
#2067=AXIS2_PLACEMENT_3D('',#3057,#2464,#2465);
#2068=AXIS2_PLACEMENT_3D('',#3058,#2466,#2467);
#2069=AXIS2_PLACEMENT_3D('',#3061,#2469,#2470);
#2070=AXIS2_PLACEMENT_3D('',#3062,#2471,#2472);
#2071=AXIS2_PLACEMENT_3D('',#3065,#2474,#2475);
#2072=AXIS2_PLACEMENT_3D('',#3066,#2476,#2477);
#2073=AXIS2_PLACEMENT_3D('',#3069,#2479,#2480);
#2074=AXIS2_PLACEMENT_3D('',#3070,#2481,#2482);
#2075=AXIS2_PLACEMENT_3D('',#3073,#2484,#2485);
#2076=AXIS2_PLACEMENT_3D('',#3074,#2486,#2487);
#2077=AXIS2_PLACEMENT_3D('',#3076,#2488,#2489);
#2078=AXIS2_PLACEMENT_3D('',#3079,#2491,#2492);
#2079=AXIS2_PLACEMENT_3D('',#3080,#2493,#2494);
#2080=AXIS2_PLACEMENT_3D('',#3082,#2495,#2496);
#2081=AXIS2_PLACEMENT_3D('',#3084,#2497,#2498);
#2082=AXIS2_PLACEMENT_3D('',#3085,#2499,#2500);
#2083=AXIS2_PLACEMENT_3D('',#3087,#2501,#2502);
#2084=AXIS2_PLACEMENT_3D('',#3089,#2504,#2505);
#2085=AXIS2_PLACEMENT_3D('',#3090,#2506,#2507);
#2086=AXIS2_PLACEMENT_3D('',#3092,#2508,#2509);
#2087=AXIS2_PLACEMENT_3D('',#3094,#2510,#2511);
#2088=AXIS2_PLACEMENT_3D('',#3095,#2512,#2513);
#2089=AXIS2_PLACEMENT_3D('',#3099,#2515,#2516);
#2090=AXIS2_PLACEMENT_3D('',#3100,#2517,#2518);
#2091=AXIS2_PLACEMENT_3D('',#3101,#2519,#2520);
#2092=AXIS2_PLACEMENT_3D('',#3103,#2521,#2522);
#2093=AXIS2_PLACEMENT_3D('',#3104,#2523,#2524);
#2094=AXIS2_PLACEMENT_3D('',#3106,#2525,#2526);
#2095=AXIS2_PLACEMENT_3D('',#3107,#2527,#2528);
#2096=AXIS2_PLACEMENT_3D('',#3110,#2530,#2531);
#2097=AXIS2_PLACEMENT_3D('',#3111,#2532,#2533);
#2098=AXIS2_PLACEMENT_3D('',#3112,#2534,#2535);
#2099=AXIS2_PLACEMENT_3D('',#3114,#2536,#2537);
#2100=AXIS2_PLACEMENT_3D('',#3116,#2539,#2540);
#2101=AXIS2_PLACEMENT_3D('',#3117,#2541,#2542);
#2102=AXIS2_PLACEMENT_3D('',#3119,#2544,#2545);
#2103=AXIS2_PLACEMENT_3D('',#3120,#2546,#2547);
#2104=AXIS2_PLACEMENT_3D('',#3121,#2548,#2549);
#2105=AXIS2_PLACEMENT_3D('',#3162,#2551,#2552);
#2106=AXIS2_PLACEMENT_3D('',#3163,#2553,#2554);
#2107=AXIS2_PLACEMENT_3D('',#3165,#2555,#2556);
#2108=AXIS2_PLACEMENT_3D('',#3168,#2558,#2559);
#2109=AXIS2_PLACEMENT_3D('',#3169,#2560,#2561);
#2110=AXIS2_PLACEMENT_3D('',#3171,#2562,#2563);
#2111=AXIS2_PLACEMENT_3D('',#3174,#2565,#2566);
#2112=AXIS2_PLACEMENT_3D('',#3175,#2567,#2568);
#2113=AXIS2_PLACEMENT_3D('',#3176,#2569,#2570);
#2114=AXIS2_PLACEMENT_3D('',#3178,#2571,#2572);
#2115=AXIS2_PLACEMENT_3D('',#3180,#2573,#2574);
#2116=AXIS2_PLACEMENT_3D('',#3182,#2575,#2576);
#2117=AXIS2_PLACEMENT_3D('',#3184,#2577,#2578);
#2118=AXIS2_PLACEMENT_3D('',#3186,#2579,#2580);
#2119=AXIS2_PLACEMENT_3D('',#3188,#2581,#2582);
#2120=AXIS2_PLACEMENT_3D('',#3190,#2583,#2584);
#2121=AXIS2_PLACEMENT_3D('',#3192,#2585,#2586);
#2122=AXIS2_PLACEMENT_3D('',#3194,#2587,#2588);
#2123=AXIS2_PLACEMENT_3D('',#3195,#2589,#2590);
#2124=AXIS2_PLACEMENT_3D('',#3197,#2591,#2592);
#2125=AXIS2_PLACEMENT_3D('',#3199,#2594,#2595);
#2126=AXIS2_PLACEMENT_3D('',#3201,#2596,#2597);
#2127=AXIS2_PLACEMENT_3D('',#3203,#2599,#2600);
#2128=AXIS2_PLACEMENT_3D('',#3205,#2601,#2602);
#2129=AXIS2_PLACEMENT_3D('',#3207,#2604,#2605);
#2130=AXIS2_PLACEMENT_3D('',#3209,#2606,#2607);
#2131=AXIS2_PLACEMENT_3D('',#3211,#2609,#2610);
#2132=AXIS2_PLACEMENT_3D('',#3213,#2611,#2612);
#2133=AXIS2_PLACEMENT_3D('',#3215,#2614,#2615);
#2134=AXIS2_PLACEMENT_3D('',#3217,#2616,#2617);
#2135=AXIS2_PLACEMENT_3D('',#3219,#2619,#2620);
#2136=AXIS2_PLACEMENT_3D('',#3221,#2621,#2622);
#2137=AXIS2_PLACEMENT_3D('',#3223,#2624,#2625);
#2138=AXIS2_PLACEMENT_3D('',#3225,#2626,#2627);
#2139=AXIS2_PLACEMENT_3D('',#3227,#2629,#2630);
#2140=AXIS2_PLACEMENT_3D('',#3229,#2631,#2632);
#2141=AXIS2_PLACEMENT_3D('',#3232,#2634,#2635);
#2142=AXIS2_PLACEMENT_3D('',#3233,#2636,#2637);
#2143=AXIS2_PLACEMENT_3D('',#3235,#2638,#2639);
#2144=AXIS2_PLACEMENT_3D('',#3238,#2641,#2642);
#2145=AXIS2_PLACEMENT_3D('',#3239,#2643,#2644);
#2146=AXIS2_PLACEMENT_3D('',#3240,#2645,#2646);
#2147=AXIS2_PLACEMENT_3D('',#3242,#2647,#2648);
#2148=AXIS2_PLACEMENT_3D('',#3243,#2649,#2650);
#2149=AXIS2_PLACEMENT_3D('',#3245,#2651,#2652);
#2150=AXIS2_PLACEMENT_3D('',#3246,#2653,#2654);
#2151=AXIS2_PLACEMENT_3D('',#3287,#2656,#2657);
#2152=AXIS2_PLACEMENT_3D('',#3288,#2658,#2659);
#2153=AXIS2_PLACEMENT_3D('',#3290,#2660,#2661);
#2154=AXIS2_PLACEMENT_3D('',#3291,#2662,#2663);
#2155=AXIS2_PLACEMENT_3D('',#3294,#2665,#2666);
#2156=AXIS2_PLACEMENT_3D('',#3295,#2667,#2668);
#2157=AXIS2_PLACEMENT_3D('',#3297,#2669,#2670);
#2158=AXIS2_PLACEMENT_3D('',#3298,#2671,#2672);
#2159=AXIS2_PLACEMENT_3D('',#3338,#2674,#2675);
#2160=AXIS2_PLACEMENT_3D('',#3378,#2677,#2678);
#2161=AXIS2_PLACEMENT_3D('',#3380,#2679,#2680);
#2162=AXIS2_PLACEMENT_3D('',#3383,#2682,#2683);
#2163=AXIS2_PLACEMENT_3D('',#3384,#2684,#2685);
#2164=AXIS2_PLACEMENT_3D('',#3387,#2687,#2688);
#2165=AXIS2_PLACEMENT_3D('',#3388,#2689,#2690);
#2166=AXIS2_PLACEMENT_3D('',#3390,#2691,#2692);
#2167=AXIS2_PLACEMENT_3D('',#3392,#2693,#2694);
#2168=AXIS2_PLACEMENT_3D('',#3393,#2695,#2696);
#2169=AXIS2_PLACEMENT_3D('',#3395,#2698,#2699);
#2170=AXIS2_PLACEMENT_3D('',#3396,#2700,#2701);
#2171=AXIS2_PLACEMENT_3D('',#3398,#2702,#2703);
#2172=AXIS2_PLACEMENT_3D('',#3400,#2705,#2706);
#2173=AXIS2_PLACEMENT_3D('',#3402,#2707,#2708);
#2174=AXIS2_PLACEMENT_3D('',#3403,#2709,#2710);
#2175=AXIS2_PLACEMENT_3D('',#3405,#2711,#2712);
#2176=AXIS2_PLACEMENT_3D('',#3407,#2714,#2715);
#2177=AXIS2_PLACEMENT_3D('',#3409,#2716,#2717);
#2178=AXIS2_PLACEMENT_3D('',#3410,#2718,#2719);
#2179=AXIS2_PLACEMENT_3D('',#3413,#2721,#2722);
#2180=AXIS2_PLACEMENT_3D('',#3414,#2723,#2724);
#2181=AXIS2_PLACEMENT_3D('',#3415,#2725,#2726);
#2182=AXIS2_PLACEMENT_3D('',#3417,#2728,#2729);
#2183=AXIS2_PLACEMENT_3D('',#3418,#2730,#2731);
#2184=AXIS2_PLACEMENT_3D('',#3420,#2732,#2733);
#2185=AXIS2_PLACEMENT_3D('',#3423,#2735,#2736);
#2186=AXIS2_PLACEMENT_3D('',#3424,#2737,#2738);
#2187=AXIS2_PLACEMENT_3D('',#3426,#2739,#2740);
#2188=AXIS2_PLACEMENT_3D('',#3428,#2742,#2743);
#2189=AXIS2_PLACEMENT_3D('',#3430,#2744,#2745);
#2190=AXIS2_PLACEMENT_3D('',#3432,#2747,#2748);
#2191=AXIS2_PLACEMENT_3D('',#3434,#2749,#2750);
#2192=AXIS2_PLACEMENT_3D('',#3435,#2751,#2752);
#2193=AXIS2_PLACEMENT_3D('',#3438,#2754,#2755);
#2194=AXIS2_PLACEMENT_3D('',#3439,#2756,#2757);
#2195=AXIS2_PLACEMENT_3D('',#3441,#2758,#2759);
#2196=AXIS2_PLACEMENT_3D('',#3442,#2760,#2761);
#2197=AXIS2_PLACEMENT_3D('',#3444,#2762,#2763);
#2198=AXIS2_PLACEMENT_3D('',#3447,#2765,#2766);
#2199=AXIS2_PLACEMENT_3D('',#3448,#2767,#2768);
#2200=AXIS2_PLACEMENT_3D('',#3451,#2770,#2771);
#2201=AXIS2_PLACEMENT_3D('',#3452,#2772,#2773);
#2202=AXIS2_PLACEMENT_3D('',#3454,#2775,#2776);
#2203=AXIS2_PLACEMENT_3D('',#3456,#2777,#2778);
#2204=AXIS2_PLACEMENT_3D('',#3459,#2780,#2781);
#2205=AXIS2_PLACEMENT_3D('',#3460,#2782,#2783);
#2206=AXIS2_PLACEMENT_3D('',#3462,#2784,#2785);
#2207=AXIS2_PLACEMENT_3D('',#3465,#2787,#2788);
#2208=AXIS2_PLACEMENT_3D('',#3466,#2789,#2790);
#2209=AXIS2_PLACEMENT_3D('',#3467,#2791,#2792);
#2210=AXIS2_PLACEMENT_3D('',#3469,#2793,#2794);
#2211=AXIS2_PLACEMENT_3D('',#3471,#2795,#2796);
#2212=AXIS2_PLACEMENT_3D('',#3473,#2797,#2798);
#2213=AXIS2_PLACEMENT_3D('',#3475,#2799,#2800);
#2214=AXIS2_PLACEMENT_3D('',#3477,#2801,#2802);
#2215=AXIS2_PLACEMENT_3D('',#3479,#2803,#2804);
#2216=AXIS2_PLACEMENT_3D('',#3481,#2805,#2806);
#2217=AXIS2_PLACEMENT_3D('',#3483,#2807,#2808);
#2218=AXIS2_PLACEMENT_3D('',#3485,#2809,#2810);
#2219=AXIS2_PLACEMENT_3D('',#3486,#2811,#2812);
#2220=AXIS2_PLACEMENT_3D('',#3488,#2813,#2814);
#2221=AXIS2_PLACEMENT_3D('',#3490,#2816,#2817);
#2222=AXIS2_PLACEMENT_3D('',#3492,#2818,#2819);
#2223=AXIS2_PLACEMENT_3D('',#3494,#2821,#2822);
#2224=AXIS2_PLACEMENT_3D('',#3496,#2823,#2824);
#2225=AXIS2_PLACEMENT_3D('',#3498,#2826,#2827);
#2226=AXIS2_PLACEMENT_3D('',#3500,#2828,#2829);
#2227=AXIS2_PLACEMENT_3D('',#3502,#2831,#2832);
#2228=AXIS2_PLACEMENT_3D('',#3504,#2833,#2834);
#2229=AXIS2_PLACEMENT_3D('',#3506,#2836,#2837);
#2230=AXIS2_PLACEMENT_3D('',#3508,#2838,#2839);
#2231=AXIS2_PLACEMENT_3D('',#3510,#2841,#2842);
#2232=AXIS2_PLACEMENT_3D('',#3512,#2843,#2844);
#2233=AXIS2_PLACEMENT_3D('',#3514,#2846,#2847);
#2234=AXIS2_PLACEMENT_3D('',#3516,#2848,#2849);
#2235=AXIS2_PLACEMENT_3D('',#3518,#2851,#2852);
#2236=AXIS2_PLACEMENT_3D('',#3521,#2854,#2855);
#2237=AXIS2_PLACEMENT_3D('',#3522,#2856,#2857);
#2238=AXIS2_PLACEMENT_3D('',#3523,#2858,#2859);
#2239=AXIS2_PLACEMENT_3D('',#3525,#2860,#2861);
#2240=AXIS2_PLACEMENT_3D('',#3527,#2863,#2864);
#2241=AXIS2_PLACEMENT_3D('',#3529,#2865,#2866);
#2242=AXIS2_PLACEMENT_3D('',#3530,#2867,#2868);
#2243=AXIS2_PLACEMENT_3D('',#3532,#2870,#2871);
#2244=AXIS2_PLACEMENT_3D('',#3533,#2872,#2873);
#2245=AXIS2_PLACEMENT_3D('',#3534,#2874,#2875);
#2246=AXIS2_PLACEMENT_3D('',#3535,#2876,#2877);
#2247=AXIS2_PLACEMENT_3D('',#3536,#2878,#2879);
#2248=DIRECTION('axis',(0.,0.,1.));
#2249=DIRECTION('refdir',(1.,0.,0.));
#2250=DIRECTION('axis',(0.,0.,1.));
#2251=DIRECTION('refdir',(1.,0.,0.));
#2252=DIRECTION('center_axis',(1.,0.,0.));
#2253=DIRECTION('ref_axis',(0.,-1.,-8.71279915250389E-49));
#2254=DIRECTION('center_axis',(-1.,0.,0.));
#2255=DIRECTION('ref_axis',(0.,-1.,-8.71279915250389E-49));
#2256=DIRECTION('',(1.,0.,0.));
#2257=DIRECTION('center_axis',(-1.,0.,0.));
#2258=DIRECTION('ref_axis',(0.,-1.,-8.71279915250389E-49));
#2259=DIRECTION('center_axis',(1.,0.,0.));
#2260=DIRECTION('ref_axis',(0.,-1.,-8.71279915250389E-49));
#2261=DIRECTION('center_axis',(1.,0.,0.));
#2262=DIRECTION('ref_axis',(0.,-1.,-8.71279915250389E-49));
#2263=DIRECTION('',(1.,0.,0.));
#2264=DIRECTION('center_axis',(1.,0.,0.));
#2265=DIRECTION('ref_axis',(0.,-1.,-8.71279915250389E-49));
#2266=DIRECTION('center_axis',(-1.,0.,0.));
#2267=DIRECTION('ref_axis',(0.,-1.,-8.71279915250389E-49));
#2268=DIRECTION('center_axis',(-1.,0.,0.));
#2269=DIRECTION('ref_axis',(0.,-1.,-8.71279915250389E-49));
#2270=DIRECTION('center_axis',(1.,0.,0.));
#2271=DIRECTION('ref_axis',(0.,-1.,-8.71279915250389E-49));
#2272=DIRECTION('center_axis',(-1.,0.,0.));
#2273=DIRECTION('ref_axis',(0.,1.,8.71279915250389E-49));
#2274=DIRECTION('center_axis',(1.,0.,0.));
#2275=DIRECTION('ref_axis',(0.,1.,8.71279915250389E-49));
#2276=DIRECTION('',(-1.,0.,0.));
#2277=DIRECTION('center_axis',(-1.,0.,0.));
#2278=DIRECTION('ref_axis',(0.,1.,8.71279915250389E-49));
#2279=DIRECTION('center_axis',(-1.,0.,0.));
#2280=DIRECTION('ref_axis',(0.,1.,8.71279915250389E-49));
#2281=DIRECTION('center_axis',(-1.,0.,0.));
#2282=DIRECTION('ref_axis',(0.,1.,8.71279915250389E-49));
#2283=DIRECTION('',(-1.,0.,0.));
#2284=DIRECTION('center_axis',(1.,0.,0.));
#2285=DIRECTION('ref_axis',(0.,1.,8.71279915250389E-49));
#2286=DIRECTION('center_axis',(-1.,0.,0.));
#2287=DIRECTION('ref_axis',(0.,1.,8.71279915250389E-49));
#2288=DIRECTION('center_axis',(-1.,0.,0.));
#2289=DIRECTION('ref_axis',(0.,1.,8.71279915250389E-49));
#2290=DIRECTION('',(-1.,0.,0.));
#2291=DIRECTION('center_axis',(1.,0.,0.));
#2292=DIRECTION('ref_axis',(0.,1.,8.71279915250389E-49));
#2293=DIRECTION('center_axis',(-1.,0.,0.));
#2294=DIRECTION('ref_axis',(0.,1.,8.71279915250389E-49));
#2295=DIRECTION('center_axis',(-1.,0.,0.));
#2296=DIRECTION('ref_axis',(0.,1.,8.71279915250389E-49));
#2297=DIRECTION('',(-1.,0.,0.));
#2298=DIRECTION('center_axis',(1.,0.,0.));
#2299=DIRECTION('ref_axis',(0.,1.,8.71279915250389E-49));
#2300=DIRECTION('center_axis',(-1.,0.,0.));
#2301=DIRECTION('ref_axis',(0.,1.,8.71279915250389E-49));
#2302=DIRECTION('center_axis',(-1.,0.,0.));
#2303=DIRECTION('ref_axis',(0.,1.,8.71279915250389E-49));
#2304=DIRECTION('',(-1.,0.,0.));
#2305=DIRECTION('center_axis',(1.,0.,0.));
#2306=DIRECTION('ref_axis',(0.,1.,8.71279915250389E-49));
#2307=DIRECTION('center_axis',(-1.,0.,0.));
#2308=DIRECTION('ref_axis',(0.,1.,8.71279915250389E-49));
#2309=DIRECTION('center_axis',(-1.,0.,0.));
#2310=DIRECTION('ref_axis',(0.,1.,8.71279915250389E-49));
#2311=DIRECTION('',(-1.,0.,0.));
#2312=DIRECTION('center_axis',(1.,0.,0.));
#2313=DIRECTION('ref_axis',(0.,1.,8.71279915250389E-49));
#2314=DIRECTION('center_axis',(-1.,0.,0.));
#2315=DIRECTION('ref_axis',(0.,1.,8.71279915250389E-49));
#2316=DIRECTION('center_axis',(-1.,0.,0.));
#2317=DIRECTION('ref_axis',(0.,1.,8.71279915250389E-49));
#2318=DIRECTION('',(-1.,0.,0.));
#2319=DIRECTION('center_axis',(1.,0.,0.));
#2320=DIRECTION('ref_axis',(0.,1.,8.71279915250389E-49));
#2321=DIRECTION('center_axis',(-1.,0.,0.));
#2322=DIRECTION('ref_axis',(0.,1.,8.71279915250389E-49));
#2323=DIRECTION('center_axis',(-1.,0.,0.));
#2324=DIRECTION('ref_axis',(0.,1.,8.71279915250389E-49));
#2325=DIRECTION('',(-1.,0.,0.));
#2326=DIRECTION('center_axis',(1.,0.,0.));
#2327=DIRECTION('ref_axis',(0.,1.,8.71279915250389E-49));
#2328=DIRECTION('center_axis',(-1.,0.,0.));
#2329=DIRECTION('ref_axis',(0.,1.,8.71279915250389E-49));
#2330=DIRECTION('center_axis',(-1.,0.,0.));
#2331=DIRECTION('ref_axis',(0.,1.,8.71279915250389E-49));
#2332=DIRECTION('',(-1.,0.,0.));
#2333=DIRECTION('center_axis',(1.,0.,0.));
#2334=DIRECTION('ref_axis',(0.,1.,8.71279915250389E-49));
#2335=DIRECTION('center_axis',(1.,0.,0.));
#2336=DIRECTION('ref_axis',(0.,-1.,-8.71279915250389E-49));
#2337=DIRECTION('center_axis',(1.,0.,0.));
#2338=DIRECTION('ref_axis',(0.,-1.,-8.71279915250389E-49));
#2339=DIRECTION('',(1.,0.,0.));
#2340=DIRECTION('center_axis',(1.,0.,0.));
#2341=DIRECTION('ref_axis',(0.,-1.,-8.71279915250389E-49));
#2342=DIRECTION('center_axis',(-1.,0.,0.));
#2343=DIRECTION('ref_axis',(0.,-1.,-8.71279915250389E-49));
#2344=DIRECTION('center_axis',(-1.,0.,0.));
#2345=DIRECTION('ref_axis',(0.,-1.,-8.71279915250389E-49));
#2346=DIRECTION('center_axis',(-1.,0.,0.));
#2347=DIRECTION('ref_axis',(0.,1.,8.71279915250389E-49));
#2348=DIRECTION('center_axis',(-1.,0.,0.));
#2349=DIRECTION('ref_axis',(0.,1.,8.71279915250389E-49));
#2350=DIRECTION('',(-1.,0.,0.));
#2351=DIRECTION('center_axis',(1.,0.,0.));
#2352=DIRECTION('ref_axis',(0.,1.,8.71279915250389E-49));
#2353=DIRECTION('center_axis',(-1.,0.,0.));
#2354=DIRECTION('ref_axis',(0.,1.,8.71279915250389E-49));
#2355=DIRECTION('center_axis',(-1.,0.,0.));
#2356=DIRECTION('ref_axis',(0.,1.,8.71279915250389E-49));
#2357=DIRECTION('',(-1.,0.,0.));
#2358=DIRECTION('center_axis',(1.,0.,0.));
#2359=DIRECTION('ref_axis',(0.,1.,8.71279915250389E-49));
#2360=DIRECTION('center_axis',(-1.,0.,0.));
#2361=DIRECTION('ref_axis',(0.,-1.,-8.71279915250389E-49));
#2362=DIRECTION('center_axis',(-1.,0.,0.));
#2363=DIRECTION('ref_axis',(0.,-1.,-8.71279915250389E-49));
#2364=DIRECTION('',(1.,0.,0.));
#2365=DIRECTION('center_axis',(1.,0.,0.));
#2366=DIRECTION('ref_axis',(0.,-1.,-8.71279915250389E-49));
#2367=DIRECTION('center_axis',(-1.,0.,0.));
#2368=DIRECTION('ref_axis',(0.,-1.,-8.71279915250389E-49));
#2369=DIRECTION('center_axis',(-1.,0.,0.));
#2370=DIRECTION('ref_axis',(0.,-1.,-8.71279915250389E-49));
#2371=DIRECTION('center_axis',(-1.,0.,0.));
#2372=DIRECTION('ref_axis',(0.,-1.,-8.71279915250389E-49));
#2373=DIRECTION('center_axis',(1.,0.,0.));
#2374=DIRECTION('ref_axis',(0.,-1.,-8.71279915250389E-49));
#2375=DIRECTION('center_axis',(1.,0.,0.));
#2376=DIRECTION('ref_axis',(0.,-1.,-8.71279915250389E-49));
#2377=DIRECTION('center_axis',(-1.,0.,0.));
#2378=DIRECTION('ref_axis',(0.,-1.,-8.71279915250389E-49));
#2379=DIRECTION('center_axis',(1.,0.,0.));
#2380=DIRECTION('ref_axis',(0.,-1.,-8.71279915250389E-49));
#2381=DIRECTION('',(-1.,0.,0.));
#2382=DIRECTION('center_axis',(-1.,0.,0.));
#2383=DIRECTION('ref_axis',(0.,-1.,-8.71279915250389E-49));
#2384=DIRECTION('',(1.,0.,0.));
#2385=DIRECTION('center_axis',(-1.,0.,0.));
#2386=DIRECTION('ref_axis',(0.,-1.,-8.71279915250389E-49));
#2387=DIRECTION('center_axis',(-1.,0.,0.));
#2388=DIRECTION('ref_axis',(0.,-1.,-8.71279915250389E-49));
#2389=DIRECTION('',(1.,0.,0.));
#2390=DIRECTION('center_axis',(-1.,0.,0.));
#2391=DIRECTION('ref_axis',(0.,-1.,-8.71279915250389E-49));
#2392=DIRECTION('center_axis',(-1.,0.,0.));
#2393=DIRECTION('ref_axis',(0.,-1.,-8.71279915250389E-49));
#2394=DIRECTION('center_axis',(1.,0.,0.));
#2395=DIRECTION('ref_axis',(0.,-1.,-8.71279915250389E-49));
#2396=DIRECTION('',(1.,0.,0.));
#2397=DIRECTION('center_axis',(1.,0.,0.));
#2398=DIRECTION('ref_axis',(0.,-1.,-8.71279915250389E-49));
#2399=DIRECTION('center_axis',(-1.,0.,0.));
#2400=DIRECTION('ref_axis',(0.,-1.,-8.71279915250389E-49));
#2401=DIRECTION('center_axis',(-1.,0.,0.));
#2402=DIRECTION('ref_axis',(0.,-1.,-8.71279915250389E-49));
#2403=DIRECTION('axis',(0.,0.,1.));
#2404=DIRECTION('refdir',(1.,0.,0.));
#2405=DIRECTION('center_axis',(-1.,0.,0.));
#2406=DIRECTION('ref_axis',(0.,1.,8.71279915250389E-49));
#2407=DIRECTION('center_axis',(1.,0.,0.));
#2408=DIRECTION('ref_axis',(0.,1.,8.71279915250389E-49));
#2409=DIRECTION('',(-1.,0.,0.));
#2410=DIRECTION('center_axis',(1.,0.,0.));
#2411=DIRECTION('ref_axis',(0.,1.,8.71279915250389E-49));
#2412=DIRECTION('center_axis',(-1.,0.,0.));
#2413=DIRECTION('ref_axis',(0.,1.,8.71279915250389E-49));
#2414=DIRECTION('center_axis',(-1.,0.,0.));
#2415=DIRECTION('ref_axis',(0.,1.,8.71279915250389E-49));
#2416=DIRECTION('',(-1.,0.,0.));
#2417=DIRECTION('center_axis',(-1.,0.,0.));
#2418=DIRECTION('ref_axis',(0.,1.,8.71279915250389E-49));
#2419=DIRECTION('center_axis',(1.,0.,0.));
#2420=DIRECTION('ref_axis',(0.,1.,8.71279915250389E-49));
#2421=DIRECTION('center_axis',(-1.,0.,0.));
#2422=DIRECTION('ref_axis',(0.,-8.71279915250389E-49,1.));
#2423=DIRECTION('center_axis',(1.,0.,0.));
#2424=DIRECTION('ref_axis',(0.,1.,8.71279915250389E-49));
#2425=DIRECTION('center_axis',(-1.,0.,0.));
#2426=DIRECTION('ref_axis',(0.,1.,8.71279915250389E-49));
#2427=DIRECTION('center_axis',(-1.,0.,0.));
#2428=DIRECTION('ref_axis',(0.,1.,8.71279915250389E-49));
#2429=DIRECTION('center_axis',(-1.,0.,0.));
#2430=DIRECTION('ref_axis',(0.,1.,8.71279915250389E-49));
#2431=DIRECTION('center_axis',(-1.,0.,0.));
#2432=DIRECTION('ref_axis',(0.,1.,8.71279915250389E-49));
#2433=DIRECTION('center_axis',(-1.,0.,0.));
#2434=DIRECTION('ref_axis',(0.,1.,8.71279915250389E-49));
#2435=DIRECTION('center_axis',(-1.,0.,0.));
#2436=DIRECTION('ref_axis',(0.,1.,8.71279915250389E-49));
#2437=DIRECTION('center_axis',(-1.,0.,0.));
#2438=DIRECTION('ref_axis',(0.,1.,8.71279915250389E-49));
#2439=DIRECTION('center_axis',(-1.,0.,0.));
#2440=DIRECTION('ref_axis',(0.,1.,8.71279915250389E-49));
#2441=DIRECTION('center_axis',(-1.,0.,0.));
#2442=DIRECTION('ref_axis',(0.,1.,8.71279915250389E-49));
#2443=DIRECTION('',(-1.,0.,0.));
#2444=DIRECTION('center_axis',(-1.,0.,0.));
#2445=DIRECTION('ref_axis',(0.,1.,8.71279915250389E-49));
#2446=DIRECTION('center_axis',(-1.,0.,0.));
#2447=DIRECTION('ref_axis',(0.,1.,8.71279915250389E-49));
#2448=DIRECTION('',(-1.,0.,0.));
#2449=DIRECTION('center_axis',(1.,0.,0.));
#2450=DIRECTION('ref_axis',(0.,1.,8.71279915250389E-49));
#2451=DIRECTION('center_axis',(-1.,0.,0.));
#2452=DIRECTION('ref_axis',(0.,1.,8.71279915250389E-49));
#2453=DIRECTION('',(-1.,0.,0.));
#2454=DIRECTION('center_axis',(1.,0.,0.));
#2455=DIRECTION('ref_axis',(0.,1.,8.71279915250389E-49));
#2456=DIRECTION('center_axis',(-1.,0.,0.));
#2457=DIRECTION('ref_axis',(0.,1.,8.71279915250389E-49));
#2458=DIRECTION('',(-1.,0.,0.));
#2459=DIRECTION('center_axis',(1.,0.,0.));
#2460=DIRECTION('ref_axis',(0.,1.,8.71279915250389E-49));
#2461=DIRECTION('center_axis',(-1.,0.,0.));
#2462=DIRECTION('ref_axis',(0.,1.,8.71279915250389E-49));
#2463=DIRECTION('',(-1.,0.,0.));
#2464=DIRECTION('center_axis',(1.,0.,0.));
#2465=DIRECTION('ref_axis',(0.,1.,8.71279915250389E-49));
#2466=DIRECTION('center_axis',(-1.,0.,0.));
#2467=DIRECTION('ref_axis',(0.,1.,8.71279915250389E-49));
#2468=DIRECTION('',(-1.,0.,0.));
#2469=DIRECTION('center_axis',(1.,0.,0.));
#2470=DIRECTION('ref_axis',(0.,1.,8.71279915250389E-49));
#2471=DIRECTION('center_axis',(-1.,0.,0.));
#2472=DIRECTION('ref_axis',(0.,1.,8.71279915250389E-49));
#2473=DIRECTION('',(-1.,0.,0.));
#2474=DIRECTION('center_axis',(1.,0.,0.));
#2475=DIRECTION('ref_axis',(0.,1.,8.71279915250389E-49));
#2476=DIRECTION('center_axis',(-1.,0.,0.));
#2477=DIRECTION('ref_axis',(0.,1.,8.71279915250389E-49));
#2478=DIRECTION('',(-1.,0.,0.));
#2479=DIRECTION('center_axis',(1.,0.,0.));
#2480=DIRECTION('ref_axis',(0.,1.,8.71279915250389E-49));
#2481=DIRECTION('center_axis',(-1.,0.,0.));
#2482=DIRECTION('ref_axis',(0.,1.,8.71279915250389E-49));
#2483=DIRECTION('',(-1.,0.,0.));
#2484=DIRECTION('center_axis',(1.,0.,0.));
#2485=DIRECTION('ref_axis',(0.,1.,8.71279915250389E-49));
#2486=DIRECTION('center_axis',(-1.,0.,0.));
#2487=DIRECTION('ref_axis',(0.,-1.,-8.71279915250389E-49));
#2488=DIRECTION('center_axis',(1.,0.,0.));
#2489=DIRECTION('ref_axis',(0.,-1.,-8.71279915250389E-49));
#2490=DIRECTION('',(1.,0.,0.));
#2491=DIRECTION('center_axis',(1.,0.,0.));
#2492=DIRECTION('ref_axis',(0.,-1.,-8.71279915250389E-49));
#2493=DIRECTION('center_axis',(-1.,0.,0.));
#2494=DIRECTION('ref_axis',(0.,-1.,-8.71279915250389E-49));
#2495=DIRECTION('center_axis',(1.,0.,0.));
#2496=DIRECTION('ref_axis',(0.,-1.,-8.71279915250389E-49));
#2497=DIRECTION('center_axis',(1.,0.,0.));
#2498=DIRECTION('ref_axis',(0.,-1.,-8.71279915250389E-49));
#2499=DIRECTION('center_axis',(-1.,0.,0.));
#2500=DIRECTION('ref_axis',(0.,-1.,-8.71279915250389E-49));
#2501=DIRECTION('center_axis',(-1.,0.,0.));
#2502=DIRECTION('ref_axis',(0.,-1.,-8.71279915250389E-49));
#2503=DIRECTION('',(1.,0.,0.));
#2504=DIRECTION('center_axis',(-1.,0.,0.));
#2505=DIRECTION('ref_axis',(0.,-8.71279915250389E-49,1.));
#2506=DIRECTION('center_axis',(1.,0.,0.));
#2507=DIRECTION('ref_axis',(0.,1.,8.71279915250389E-49));
#2508=DIRECTION('center_axis',(-1.,0.,0.));
#2509=DIRECTION('ref_axis',(0.,1.,8.71279915250389E-49));
#2510=DIRECTION('center_axis',(-1.,0.,0.));
#2511=DIRECTION('ref_axis',(0.,1.,8.71279915250389E-49));
#2512=DIRECTION('center_axis',(1.,0.,0.));
#2513=DIRECTION('ref_axis',(0.,-1.,-8.71279915250389E-49));
#2514=DIRECTION('',(1.,0.,0.));
#2515=DIRECTION('center_axis',(-1.,0.,0.));
#2516=DIRECTION('ref_axis',(0.,-1.,-8.71279915250389E-49));
#2517=DIRECTION('center_axis',(-1.,0.,0.));
#2518=DIRECTION('ref_axis',(0.,-1.,-8.71279915250389E-49));
#2519=DIRECTION('center_axis',(-1.,0.,0.));
#2520=DIRECTION('ref_axis',(0.,-8.71279915250389E-49,1.));
#2521=DIRECTION('center_axis',(1.,0.,0.));
#2522=DIRECTION('ref_axis',(0.,1.,8.71279915250389E-49));
#2523=DIRECTION('center_axis',(1.,0.,0.));
#2524=DIRECTION('ref_axis',(0.,1.,8.71279915250389E-49));
#2525=DIRECTION('center_axis',(-1.,0.,0.));
#2526=DIRECTION('ref_axis',(0.,1.,8.71279915250389E-49));
#2527=DIRECTION('center_axis',(1.,0.,0.));
#2528=DIRECTION('ref_axis',(0.,1.,8.71279915250389E-49));
#2529=DIRECTION('',(1.,0.,0.));
#2530=DIRECTION('center_axis',(-1.,0.,0.));
#2531=DIRECTION('ref_axis',(0.,1.,8.71279915250389E-49));
#2532=DIRECTION('center_axis',(1.,0.,0.));
#2533=DIRECTION('ref_axis',(0.,1.,8.71279915250389E-49));
#2534=DIRECTION('center_axis',(1.,0.,0.));
#2535=DIRECTION('ref_axis',(0.,1.,8.71279915250389E-49));
#2536=DIRECTION('center_axis',(-1.,0.,0.));
#2537=DIRECTION('ref_axis',(0.,1.,8.71279915250389E-49));
#2538=DIRECTION('',(-1.,0.,0.));
#2539=DIRECTION('center_axis',(-1.,0.,0.));
#2540=DIRECTION('ref_axis',(0.,-8.71279915250389E-49,1.));
#2541=DIRECTION('center_axis',(1.,0.,0.));
#2542=DIRECTION('ref_axis',(0.,1.,8.71279915250389E-49));
#2543=DIRECTION('',(-1.,0.,0.));
#2544=DIRECTION('axis',(0.,0.,1.));
#2545=DIRECTION('refdir',(1.,0.,0.));
#2546=DIRECTION('axis',(0.,0.,1.));
#2547=DIRECTION('refdir',(1.,0.,0.));
#2548=DIRECTION('center_axis',(0.,0.,-1.));
#2549=DIRECTION('ref_axis',(-1.,0.,0.));
#2550=DIRECTION('',(0.,0.,1.));
#2551=DIRECTION('center_axis',(0.,0.,1.));
#2552=DIRECTION('ref_axis',(-1.,0.,0.));
#2553=DIRECTION('center_axis',(1.,0.,0.));
#2554=DIRECTION('ref_axis',(0.,-1.,0.));
#2555=DIRECTION('center_axis',(-1.,0.,0.));
#2556=DIRECTION('ref_axis',(0.,-1.,0.));
#2557=DIRECTION('',(1.,0.,0.));
#2558=DIRECTION('center_axis',(-1.,0.,0.));
#2559=DIRECTION('ref_axis',(0.,-1.,0.));
#2560=DIRECTION('center_axis',(1.,0.,0.));
#2561=DIRECTION('ref_axis',(0.,-1.,0.));
#2562=DIRECTION('center_axis',(1.,0.,0.));
#2563=DIRECTION('ref_axis',(0.,-1.,0.));
#2564=DIRECTION('',(1.,0.,0.));
#2565=DIRECTION('center_axis',(1.,0.,0.));
#2566=DIRECTION('ref_axis',(0.,-1.,0.));
#2567=DIRECTION('center_axis',(-1.,0.,0.));
#2568=DIRECTION('ref_axis',(0.,-1.,0.));
#2569=DIRECTION('center_axis',(-1.,0.,0.));
#2570=DIRECTION('ref_axis',(0.,0.,1.));
#2571=DIRECTION('center_axis',(1.,0.,0.));
#2572=DIRECTION('ref_axis',(0.,0.,-1.));
#2573=DIRECTION('center_axis',(1.,0.,0.));
#2574=DIRECTION('ref_axis',(0.,1.,0.));
#2575=DIRECTION('center_axis',(1.,0.,0.));
#2576=DIRECTION('ref_axis',(0.,1.,0.));
#2577=DIRECTION('center_axis',(1.,0.,0.));
#2578=DIRECTION('ref_axis',(0.,1.,0.));
#2579=DIRECTION('center_axis',(1.,0.,0.));
#2580=DIRECTION('ref_axis',(0.,1.,0.));
#2581=DIRECTION('center_axis',(1.,0.,0.));
#2582=DIRECTION('ref_axis',(0.,1.,0.));
#2583=DIRECTION('center_axis',(1.,0.,0.));
#2584=DIRECTION('ref_axis',(0.,1.,0.));
#2585=DIRECTION('center_axis',(1.,0.,0.));
#2586=DIRECTION('ref_axis',(0.,1.,0.));
#2587=DIRECTION('center_axis',(1.,0.,0.));
#2588=DIRECTION('ref_axis',(0.,1.,0.));
#2589=DIRECTION('center_axis',(-1.,0.,0.));
#2590=DIRECTION('ref_axis',(0.,1.,0.));
#2591=DIRECTION('center_axis',(-1.,0.,0.));
#2592=DIRECTION('ref_axis',(0.,1.,0.));
#2593=DIRECTION('',(-1.,0.,0.));
#2594=DIRECTION('center_axis',(-1.,0.,0.));
#2595=DIRECTION('ref_axis',(0.,1.,0.));
#2596=DIRECTION('center_axis',(-1.,0.,0.));
#2597=DIRECTION('ref_axis',(0.,1.,0.));
#2598=DIRECTION('',(-1.,0.,0.));
#2599=DIRECTION('center_axis',(-1.,0.,0.));
#2600=DIRECTION('ref_axis',(0.,1.,0.));
#2601=DIRECTION('center_axis',(-1.,0.,0.));
#2602=DIRECTION('ref_axis',(0.,1.,0.));
#2603=DIRECTION('',(-1.,0.,0.));
#2604=DIRECTION('center_axis',(-1.,0.,0.));
#2605=DIRECTION('ref_axis',(0.,1.,0.));
#2606=DIRECTION('center_axis',(-1.,0.,0.));
#2607=DIRECTION('ref_axis',(0.,1.,0.));
#2608=DIRECTION('',(-1.,0.,0.));
#2609=DIRECTION('center_axis',(-1.,0.,0.));
#2610=DIRECTION('ref_axis',(0.,1.,0.));
#2611=DIRECTION('center_axis',(-1.,0.,0.));
#2612=DIRECTION('ref_axis',(0.,1.,0.));
#2613=DIRECTION('',(-1.,0.,0.));
#2614=DIRECTION('center_axis',(-1.,0.,0.));
#2615=DIRECTION('ref_axis',(0.,1.,0.));
#2616=DIRECTION('center_axis',(-1.,0.,0.));
#2617=DIRECTION('ref_axis',(0.,1.,0.));
#2618=DIRECTION('',(-1.,0.,0.));
#2619=DIRECTION('center_axis',(-1.,0.,0.));
#2620=DIRECTION('ref_axis',(0.,1.,0.));
#2621=DIRECTION('center_axis',(-1.,0.,0.));
#2622=DIRECTION('ref_axis',(0.,1.,0.));
#2623=DIRECTION('',(-1.,0.,0.));
#2624=DIRECTION('center_axis',(-1.,0.,0.));
#2625=DIRECTION('ref_axis',(0.,1.,0.));
#2626=DIRECTION('center_axis',(-1.,0.,0.));
#2627=DIRECTION('ref_axis',(0.,1.,0.));
#2628=DIRECTION('',(-1.,0.,0.));
#2629=DIRECTION('center_axis',(1.,0.,0.));
#2630=DIRECTION('ref_axis',(0.,0.,-1.));
#2631=DIRECTION('center_axis',(-1.,0.,0.));
#2632=DIRECTION('ref_axis',(0.,0.,-1.));
#2633=DIRECTION('',(1.,0.,0.));
#2634=DIRECTION('center_axis',(-1.,0.,0.));
#2635=DIRECTION('ref_axis',(0.,0.,-1.));
#2636=DIRECTION('center_axis',(1.,0.,0.));
#2637=DIRECTION('ref_axis',(0.,0.,-1.));
#2638=DIRECTION('center_axis',(1.,0.,0.));
#2639=DIRECTION('ref_axis',(0.,0.,-1.));
#2640=DIRECTION('',(1.,0.,0.));
#2641=DIRECTION('center_axis',(1.,0.,0.));
#2642=DIRECTION('ref_axis',(0.,0.,-1.));
#2643=DIRECTION('center_axis',(1.,0.,0.));
#2644=DIRECTION('ref_axis',(0.,0.,-1.));
#2645=DIRECTION('center_axis',(-1.,0.,0.));
#2646=DIRECTION('ref_axis',(0.,0.,1.));
#2647=DIRECTION('center_axis',(1.,0.,0.));
#2648=DIRECTION('ref_axis',(0.,0.,-1.));
#2649=DIRECTION('center_axis',(0.,0.,1.));
#2650=DIRECTION('ref_axis',(1.,0.,0.));
#2651=DIRECTION('center_axis',(0.,0.,1.));
#2652=DIRECTION('ref_axis',(1.,0.,0.));
#2653=DIRECTION('center_axis',(0.,0.,-1.));
#2654=DIRECTION('ref_axis',(1.,0.,0.));
#2655=DIRECTION('',(0.,0.,-1.));
#2656=DIRECTION('center_axis',(0.,0.,-1.));
#2657=DIRECTION('ref_axis',(1.,0.,0.));
#2658=DIRECTION('center_axis',(0.,0.,1.));
#2659=DIRECTION('ref_axis',(1.,0.,0.));
#2660=DIRECTION('center_axis',(0.,0.,1.));
#2661=DIRECTION('ref_axis',(1.,0.,0.));
#2662=DIRECTION('center_axis',(0.,0.,-1.));
#2663=DIRECTION('ref_axis',(1.,0.,0.));
#2664=DIRECTION('',(0.,0.,-1.));
#2665=DIRECTION('center_axis',(0.,0.,-1.));
#2666=DIRECTION('ref_axis',(1.,0.,0.));
#2667=DIRECTION('center_axis',(0.,0.,1.));
#2668=DIRECTION('ref_axis',(1.,0.,0.));
#2669=DIRECTION('center_axis',(0.,0.,1.));
#2670=DIRECTION('ref_axis',(1.,0.,0.));
#2671=DIRECTION('center_axis',(0.,0.,-1.));
#2672=DIRECTION('ref_axis',(1.,0.,0.));
#2673=DIRECTION('',(0.,0.,-1.));
#2674=DIRECTION('center_axis',(0.,0.,-1.));
#2675=DIRECTION('ref_axis',(1.,0.,0.));
#2676=DIRECTION('',(0.,0.,-1.));
#2677=DIRECTION('center_axis',(1.,0.,0.));
#2678=DIRECTION('ref_axis',(0.,1.,0.));
#2679=DIRECTION('center_axis',(1.,0.,0.));
#2680=DIRECTION('ref_axis',(0.,1.,0.));
#2681=DIRECTION('',(1.,0.,0.));
#2682=DIRECTION('center_axis',(1.,0.,0.));
#2683=DIRECTION('ref_axis',(0.,0.,-1.));
#2684=DIRECTION('center_axis',(-1.,0.,0.));
#2685=DIRECTION('ref_axis',(0.,1.,0.));
#2686=DIRECTION('',(0.5,0.866025403784439,1.06057523872491E-16));
#2687=DIRECTION('center_axis',(-1.,0.,0.));
#2688=DIRECTION('ref_axis',(0.,1.,0.));
#2689=DIRECTION('center_axis',(1.,0.,0.));
#2690=DIRECTION('ref_axis',(0.,0.,-1.));
#2691=DIRECTION('center_axis',(1.,0.,0.));
#2692=DIRECTION('ref_axis',(0.,0.,-1.));
#2693=DIRECTION('center_axis',(1.,0.,0.));
#2694=DIRECTION('ref_axis',(0.,0.,-1.));
#2695=DIRECTION('center_axis',(1.,0.,0.));
#2696=DIRECTION('ref_axis',(0.,1.,0.));
#2697=DIRECTION('',(-1.,0.,0.));
#2698=DIRECTION('center_axis',(-1.,0.,0.));
#2699=DIRECTION('ref_axis',(0.,0.,1.));
#2700=DIRECTION('center_axis',(1.,0.,0.));
#2701=DIRECTION('ref_axis',(0.,1.,0.));
#2702=DIRECTION('center_axis',(1.,0.,0.));
#2703=DIRECTION('ref_axis',(0.,0.,-1.));
#2704=DIRECTION('',(-1.,0.,0.));
#2705=DIRECTION('center_axis',(1.,0.,0.));
#2706=DIRECTION('ref_axis',(0.,0.,-1.));
#2707=DIRECTION('center_axis',(1.,0.,0.));
#2708=DIRECTION('ref_axis',(0.,0.,-1.));
#2709=DIRECTION('center_axis',(1.,0.,0.));
#2710=DIRECTION('ref_axis',(0.,1.,0.));
#2711=DIRECTION('center_axis',(1.,0.,0.));
#2712=DIRECTION('ref_axis',(0.,0.,-1.));
#2713=DIRECTION('',(-1.,0.,0.));
#2714=DIRECTION('center_axis',(1.,0.,0.));
#2715=DIRECTION('ref_axis',(0.,0.,-1.));
#2716=DIRECTION('center_axis',(1.,0.,0.));
#2717=DIRECTION('ref_axis',(0.,0.,-1.));
#2718=DIRECTION('center_axis',(1.,0.,0.));
#2719=DIRECTION('ref_axis',(0.,1.,0.));
#2720=DIRECTION('',(-1.,0.,0.));
#2721=DIRECTION('center_axis',(1.,0.,0.));
#2722=DIRECTION('ref_axis',(0.,0.,-1.));
#2723=DIRECTION('center_axis',(-1.,0.,0.));
#2724=DIRECTION('ref_axis',(0.,0.,1.));
#2725=DIRECTION('center_axis',(1.,0.,0.));
#2726=DIRECTION('ref_axis',(0.,1.,0.));
#2727=DIRECTION('',(-1.,0.,0.));
#2728=DIRECTION('axis',(0.,0.,1.));
#2729=DIRECTION('refdir',(1.,0.,0.));
#2730=DIRECTION('center_axis',(-1.,0.,0.));
#2731=DIRECTION('ref_axis',(0.,1.,0.));
#2732=DIRECTION('center_axis',(1.,0.,0.));
#2733=DIRECTION('ref_axis',(0.,0.,-1.));
#2734=DIRECTION('',(-0.5,-0.866025403784439,-1.06057523872491E-16));
#2735=DIRECTION('center_axis',(1.,0.,0.));
#2736=DIRECTION('ref_axis',(0.,0.,-1.));
#2737=DIRECTION('center_axis',(1.,0.,0.));
#2738=DIRECTION('ref_axis',(0.,1.,0.));
#2739=DIRECTION('center_axis',(1.,0.,0.));
#2740=DIRECTION('ref_axis',(0.,0.,-1.));
#2741=DIRECTION('',(-1.,0.,0.));
#2742=DIRECTION('center_axis',(1.,0.,0.));
#2743=DIRECTION('ref_axis',(0.,1.,0.));
#2744=DIRECTION('center_axis',(1.,0.,0.));
#2745=DIRECTION('ref_axis',(0.,0.,-1.));
#2746=DIRECTION('',(-0.967416606817835,0.253189867200619,3.10068160443782E-17));
#2747=DIRECTION('center_axis',(1.,0.,0.));
#2748=DIRECTION('ref_axis',(0.,0.,-1.));
#2749=DIRECTION('center_axis',(1.,0.,0.));
#2750=DIRECTION('ref_axis',(0.,0.,-1.));
#2751=DIRECTION('center_axis',(1.,0.,0.));
#2752=DIRECTION('ref_axis',(0.,1.,0.));
#2753=DIRECTION('',(-1.,0.,0.));
#2754=DIRECTION('center_axis',(1.,0.,0.));
#2755=DIRECTION('ref_axis',(0.,0.,-1.));
#2756=DIRECTION('center_axis',(-1.,0.,0.));
#2757=DIRECTION('ref_axis',(0.,0.,1.));
#2758=DIRECTION('center_axis',(1.,0.,0.));
#2759=DIRECTION('ref_axis',(0.,1.,0.));
#2760=DIRECTION('center_axis',(1.,0.,0.));
#2761=DIRECTION('ref_axis',(0.,1.,0.));
#2762=DIRECTION('center_axis',(1.,0.,0.));
#2763=DIRECTION('ref_axis',(0.,0.,-1.));
#2764=DIRECTION('',(-1.,0.,0.));
#2765=DIRECTION('center_axis',(1.,0.,0.));
#2766=DIRECTION('ref_axis',(0.,0.,-1.));
#2767=DIRECTION('center_axis',(-1.,0.,0.));
#2768=DIRECTION('ref_axis',(0.,1.,0.));
#2769=DIRECTION('',(-0.5,-0.866025403784439,-1.06057523872491E-16));
#2770=DIRECTION('center_axis',(1.,0.,0.));
#2771=DIRECTION('ref_axis',(0.,0.,-1.));
#2772=DIRECTION('center_axis',(1.,0.,0.));
#2773=DIRECTION('ref_axis',(0.,1.,0.));
#2774=DIRECTION('',(-0.965925826289068,0.25881904510252,3.16961915143176E-17));
#2775=DIRECTION('center_axis',(1.,0.,0.));
#2776=DIRECTION('ref_axis',(0.,1.,8.71279915250389E-49));
#2777=DIRECTION('center_axis',(-1.,0.,0.));
#2778=DIRECTION('ref_axis',(0.,1.,8.71279915250389E-49));
#2779=DIRECTION('',(1.,0.,0.));
#2780=DIRECTION('center_axis',(-1.,0.,0.));
#2781=DIRECTION('ref_axis',(0.,1.,8.71279915250389E-49));
#2782=DIRECTION('center_axis',(1.,0.,0.));
#2783=DIRECTION('ref_axis',(0.,1.,8.71279915250389E-49));
#2784=DIRECTION('center_axis',(1.,0.,0.));
#2785=DIRECTION('ref_axis',(0.,1.,8.71279915250389E-49));
#2786=DIRECTION('',(1.,0.,0.));
#2787=DIRECTION('center_axis',(1.,0.,0.));
#2788=DIRECTION('ref_axis',(0.,1.,8.71279915250389E-49));
#2789=DIRECTION('center_axis',(1.,0.,0.));
#2790=DIRECTION('ref_axis',(0.,1.,8.71279915250389E-49));
#2791=DIRECTION('center_axis',(-1.,0.,0.));
#2792=DIRECTION('ref_axis',(0.,0.,1.));
#2793=DIRECTION('center_axis',(1.,0.,0.));
#2794=DIRECTION('ref_axis',(0.,0.,-1.));
#2795=DIRECTION('center_axis',(1.,0.,0.));
#2796=DIRECTION('ref_axis',(0.,1.,0.));
#2797=DIRECTION('center_axis',(1.,0.,0.));
#2798=DIRECTION('ref_axis',(0.,1.,0.));
#2799=DIRECTION('center_axis',(1.,0.,0.));
#2800=DIRECTION('ref_axis',(0.,1.,0.));
#2801=DIRECTION('center_axis',(1.,0.,0.));
#2802=DIRECTION('ref_axis',(0.,1.,0.));
#2803=DIRECTION('center_axis',(1.,0.,0.));
#2804=DIRECTION('ref_axis',(0.,1.,0.));
#2805=DIRECTION('center_axis',(1.,0.,0.));
#2806=DIRECTION('ref_axis',(0.,1.,0.));
#2807=DIRECTION('center_axis',(1.,0.,0.));
#2808=DIRECTION('ref_axis',(0.,1.,0.));
#2809=DIRECTION('center_axis',(1.,0.,0.));
#2810=DIRECTION('ref_axis',(0.,1.,0.));
#2811=DIRECTION('center_axis',(-1.,0.,0.));
#2812=DIRECTION('ref_axis',(0.,1.,0.));
#2813=DIRECTION('center_axis',(-1.,0.,0.));
#2814=DIRECTION('ref_axis',(0.,1.,0.));
#2815=DIRECTION('',(-1.,0.,0.));
#2816=DIRECTION('center_axis',(-1.,0.,0.));
#2817=DIRECTION('ref_axis',(0.,1.,0.));
#2818=DIRECTION('center_axis',(-1.,0.,0.));
#2819=DIRECTION('ref_axis',(0.,1.,0.));
#2820=DIRECTION('',(-1.,0.,0.));
#2821=DIRECTION('center_axis',(-1.,0.,0.));
#2822=DIRECTION('ref_axis',(0.,1.,0.));
#2823=DIRECTION('center_axis',(-1.,0.,0.));
#2824=DIRECTION('ref_axis',(0.,1.,0.));
#2825=DIRECTION('',(-1.,0.,0.));
#2826=DIRECTION('center_axis',(-1.,0.,0.));
#2827=DIRECTION('ref_axis',(0.,1.,0.));
#2828=DIRECTION('center_axis',(-1.,0.,0.));
#2829=DIRECTION('ref_axis',(0.,1.,0.));
#2830=DIRECTION('',(-1.,0.,0.));
#2831=DIRECTION('center_axis',(-1.,0.,0.));
#2832=DIRECTION('ref_axis',(0.,1.,0.));
#2833=DIRECTION('center_axis',(-1.,0.,0.));
#2834=DIRECTION('ref_axis',(0.,1.,0.));
#2835=DIRECTION('',(-1.,0.,0.));
#2836=DIRECTION('center_axis',(-1.,0.,0.));
#2837=DIRECTION('ref_axis',(0.,1.,0.));
#2838=DIRECTION('center_axis',(-1.,0.,0.));
#2839=DIRECTION('ref_axis',(0.,1.,0.));
#2840=DIRECTION('',(-1.,0.,0.));
#2841=DIRECTION('center_axis',(-1.,0.,0.));
#2842=DIRECTION('ref_axis',(0.,1.,0.));
#2843=DIRECTION('center_axis',(-1.,0.,0.));
#2844=DIRECTION('ref_axis',(0.,1.,0.));
#2845=DIRECTION('',(-1.,0.,0.));
#2846=DIRECTION('center_axis',(-1.,0.,0.));
#2847=DIRECTION('ref_axis',(0.,1.,0.));
#2848=DIRECTION('center_axis',(-1.,0.,0.));
#2849=DIRECTION('ref_axis',(0.,1.,0.));
#2850=DIRECTION('',(-1.,0.,0.));
#2851=DIRECTION('center_axis',(1.,0.,0.));
#2852=DIRECTION('ref_axis',(0.,1.,0.));
#2853=DIRECTION('',(-1.,0.,0.));
#2854=DIRECTION('center_axis',(1.,0.,0.));
#2855=DIRECTION('ref_axis',(0.,0.,-1.));
#2856=DIRECTION('center_axis',(-1.,0.,0.));
#2857=DIRECTION('ref_axis',(0.,0.,1.));
#2858=DIRECTION('center_axis',(1.,0.,0.));
#2859=DIRECTION('ref_axis',(0.,1.,0.));
#2860=DIRECTION('center_axis',(1.,0.,0.));
#2861=DIRECTION('ref_axis',(0.,0.,-1.));
#2862=DIRECTION('',(-1.,0.,0.));
#2863=DIRECTION('center_axis',(1.,0.,0.));
#2864=DIRECTION('ref_axis',(0.,0.,-1.));
#2865=DIRECTION('center_axis',(1.,0.,0.));
#2866=DIRECTION('ref_axis',(0.,0.,-1.));
#2867=DIRECTION('center_axis',(1.,0.,0.));
#2868=DIRECTION('ref_axis',(0.,1.,0.));
#2869=DIRECTION('',(-1.,0.,0.));
#2870=DIRECTION('',(0.,0.,1.));
#2871=DIRECTION('',(1.,0.,0.));
#2872=DIRECTION('',(0.,0.,1.));
#2873=DIRECTION('',(1.,0.,0.));
#2874=DIRECTION('',(0.,0.,1.));
#2875=DIRECTION('',(1.,0.,0.));
#2876=DIRECTION('',(0.,0.,1.));
#2877=DIRECTION('',(1.,0.,0.));
#2878=DIRECTION('',(0.,0.,1.));
#2879=DIRECTION('',(1.,0.,0.));
#2880=CARTESIAN_POINT('',(0.,0.,0.));
#2881=CARTESIAN_POINT('',(0.,0.,0.));
#2882=CARTESIAN_POINT('Origin',(-42.,1.13098599171477E-15,-1.30212668819163E-31));
#2883=CARTESIAN_POINT('',(-42.,8.75,-1.07156594925393E-15));
#2884=CARTESIAN_POINT('Origin',(-42.,1.13098599171477E-15,-1.30212668819163E-31));
#2885=CARTESIAN_POINT('',(-40.9,8.75,-1.07156594925393E-15));
#2886=CARTESIAN_POINT('',(-42.,8.75,1.07156594925393E-15));
#2887=CARTESIAN_POINT('Origin',(-40.9,1.13098599171477E-15,-1.30212668819163E-31));
#2888=CARTESIAN_POINT('Origin',(-42.,1.13098599171477E-15,-1.30212668819163E-31));
#2889=CARTESIAN_POINT('',(-42.,10.25,-1.25526296912604E-15));
#2890=CARTESIAN_POINT('Origin',(-42.,1.13098599171477E-15,-1.30212668819163E-31));
#2891=CARTESIAN_POINT('',(-40.9,10.25,-1.25526296912604E-15));
#2892=CARTESIAN_POINT('',(-42.,10.25,1.25526296912604E-15));
#2893=CARTESIAN_POINT('Origin',(-40.9,1.13098599171477E-15,-1.30212668819163E-31));
#2894=CARTESIAN_POINT('Origin',(-40.9,1.13098599171477E-15,-1.30212668819163E-31));
#2895=CARTESIAN_POINT('Origin',(-42.,1.13098599171477E-15,-1.30212668819163E-31));
#2896=CARTESIAN_POINT('',(-42.,12.,-1.46957615897682E-15));
#2897=CARTESIAN_POINT('Origin',(-42.,1.13098599171477E-15,-1.30212668819163E-31));
#2898=CARTESIAN_POINT('Origin',(8.00000000000001,-1.13098599171477E-15,
-1.30212668819163E-31));
#2899=CARTESIAN_POINT('',(-16.,-70.,-8.57252759403147E-15));
#2900=CARTESIAN_POINT('Origin',(-16.,-1.13098599171477E-15,-1.30212668819163E-31));
#2901=CARTESIAN_POINT('',(-24.,-70.,8.57252759403147E-15));
#2902=CARTESIAN_POINT('',(8.00000000000001,-70.,8.57252759403147E-15));
#2903=CARTESIAN_POINT('Origin',(-24.,-1.13098599171477E-15,-1.30212668819163E-31));
#2904=CARTESIAN_POINT('Origin',(8.00000000000001,-21.0475887800799,-50.8133742881208));
#2905=CARTESIAN_POINT('',(-16.,-26.0475887800799,-50.8133742881208));
#2906=CARTESIAN_POINT('Origin',(-16.,-21.0475887800799,-50.8133742881208));
#2907=CARTESIAN_POINT('',(-24.,-26.0475887800799,-50.8133742881208));
#2908=CARTESIAN_POINT('',(8.00000000000001,-26.0475887800799,-50.8133742881208));
#2909=CARTESIAN_POINT('Origin',(-24.,-21.0475887800799,-50.8133742881208));
#2910=CARTESIAN_POINT('Origin',(8.00000000000001,21.0475887800799,50.8133742881208));
#2911=CARTESIAN_POINT('',(-16.,16.0475887800799,50.8133742881208));
#2912=CARTESIAN_POINT('Origin',(-16.,21.0475887800799,50.8133742881208));
#2913=CARTESIAN_POINT('',(-24.,16.0475887800799,50.8133742881208));
#2914=CARTESIAN_POINT('',(8.00000000000001,16.0475887800799,50.8133742881208));
#2915=CARTESIAN_POINT('Origin',(-24.,21.0475887800799,50.8133742881208));
#2916=CARTESIAN_POINT('Origin',(8.00000000000001,-21.04758878008,50.8133742881208));
#2917=CARTESIAN_POINT('',(-16.,-26.04758878008,50.8133742881208));
#2918=CARTESIAN_POINT('Origin',(-16.,-21.04758878008,50.8133742881208));
#2919=CARTESIAN_POINT('',(-24.,-26.04758878008,50.8133742881208));
#2920=CARTESIAN_POINT('',(8.00000000000001,-26.04758878008,50.8133742881208));
#2921=CARTESIAN_POINT('Origin',(-24.,-21.04758878008,50.8133742881208));
#2922=CARTESIAN_POINT('Origin',(8.00000000000001,21.0475887800799,-50.8133742881208));
#2923=CARTESIAN_POINT('',(-16.,16.0475887800799,-50.8133742881208));
#2924=CARTESIAN_POINT('Origin',(-16.,21.0475887800799,-50.8133742881208));
#2925=CARTESIAN_POINT('',(-24.,16.0475887800799,-50.8133742881208));
#2926=CARTESIAN_POINT('',(8.00000000000001,16.0475887800799,-50.8133742881208));
#2927=CARTESIAN_POINT('Origin',(-24.,21.0475887800799,-50.8133742881208));
#2928=CARTESIAN_POINT('Origin',(8.00000000000001,-50.8133742881208,-21.0475887800799));
#2929=CARTESIAN_POINT('',(-16.,-55.8133742881208,-21.0475887800799));
#2930=CARTESIAN_POINT('Origin',(-16.,-50.8133742881208,-21.0475887800799));
#2931=CARTESIAN_POINT('',(-24.,-55.8133742881208,-21.0475887800799));
#2932=CARTESIAN_POINT('',(8.00000000000001,-55.8133742881208,-21.0475887800799));
#2933=CARTESIAN_POINT('Origin',(-24.,-50.8133742881208,-21.0475887800799));
#2934=CARTESIAN_POINT('Origin',(8.00000000000001,50.8133742881208,21.0475887800799));
#2935=CARTESIAN_POINT('',(-16.,45.8133742881208,21.0475887800799));
#2936=CARTESIAN_POINT('Origin',(-16.,50.8133742881208,21.0475887800799));
#2937=CARTESIAN_POINT('',(-24.,45.8133742881208,21.0475887800799));
#2938=CARTESIAN_POINT('',(8.00000000000001,45.8133742881208,21.0475887800799));
#2939=CARTESIAN_POINT('Origin',(-24.,50.8133742881208,21.0475887800799));
#2940=CARTESIAN_POINT('Origin',(8.00000000000001,-50.8133742881208,21.0475887800799));
#2941=CARTESIAN_POINT('',(-16.,-55.8133742881208,21.0475887800799));
#2942=CARTESIAN_POINT('Origin',(-16.,-50.8133742881208,21.0475887800799));
#2943=CARTESIAN_POINT('',(-24.,-55.8133742881208,21.0475887800799));
#2944=CARTESIAN_POINT('',(8.00000000000001,-55.8133742881208,21.0475887800799));
#2945=CARTESIAN_POINT('Origin',(-24.,-50.8133742881208,21.0475887800799));
#2946=CARTESIAN_POINT('Origin',(8.00000000000001,50.8133742881208,-21.0475887800799));
#2947=CARTESIAN_POINT('',(-16.,45.8133742881208,-21.0475887800799));
#2948=CARTESIAN_POINT('Origin',(-16.,50.8133742881208,-21.0475887800799));
#2949=CARTESIAN_POINT('',(-24.,45.8133742881208,-21.0475887800799));
#2950=CARTESIAN_POINT('',(8.00000000000001,45.8133742881208,-21.0475887800799));
#2951=CARTESIAN_POINT('Origin',(-24.,50.8133742881208,-21.0475887800799));
#2952=CARTESIAN_POINT('Origin',(-69.,1.13098599171477E-15,-1.30212668819163E-31));
#2953=CARTESIAN_POINT('',(-69.,5.,-6.12323399573677E-16));
#2954=CARTESIAN_POINT('Origin',(-69.,1.13098599171477E-15,-1.30212668819163E-31));
#2955=CARTESIAN_POINT('',(-61.,5.,-6.12323399573677E-16));
#2956=CARTESIAN_POINT('',(-69.,5.,6.12323399573677E-16));
#2957=CARTESIAN_POINT('Origin',(-61.,1.13098599171477E-15,-1.30212668819163E-31));
#2958=CARTESIAN_POINT('Origin',(-61.,1.13098599171477E-15,-1.30212668819163E-31));
#2959=CARTESIAN_POINT('',(-61.,4.,-4.89858719658941E-16));
#2960=CARTESIAN_POINT('Origin',(-61.,1.13098599171477E-15,-1.30212668819163E-31));
#2961=CARTESIAN_POINT('Origin',(-16.,1.13098599171477E-15,13.5));
#2962=CARTESIAN_POINT('',(-16.,-0.999999999999999,13.5));
#2963=CARTESIAN_POINT('Origin',(-16.,1.13098599171477E-15,13.5));
#2964=CARTESIAN_POINT('',(-24.,-0.999999999999999,13.5));
#2965=CARTESIAN_POINT('',(-16.,-0.999999999999999,13.5));
#2966=CARTESIAN_POINT('Origin',(-24.,1.13098599171477E-15,13.5));
#2967=CARTESIAN_POINT('Origin',(-16.,1.13098599171477E-15,-13.5));
#2968=CARTESIAN_POINT('',(-16.,-1.,-13.5));
#2969=CARTESIAN_POINT('Origin',(-16.,1.13098599171477E-15,-13.5));
#2970=CARTESIAN_POINT('',(-24.,-1.,-13.5));
#2971=CARTESIAN_POINT('',(-16.,-1.,-13.5));
#2972=CARTESIAN_POINT('Origin',(-24.,1.13098599171477E-15,-13.5));
#2973=CARTESIAN_POINT('Origin',(-24.,1.13098599171477E-15,-1.30212668819163E-31));
#2974=CARTESIAN_POINT('',(-69.,7.,-8.57252759403147E-16));
#2975=CARTESIAN_POINT('Origin',(-69.,1.13098599171477E-15,-1.30212668819163E-31));
#2976=CARTESIAN_POINT('',(-42.,7.,8.57252759403147E-16));
#2977=CARTESIAN_POINT('',(-24.,7.,-8.57252759403147E-16));
#2978=CARTESIAN_POINT('Origin',(-42.,1.13098599171477E-15,-1.30212668819163E-31));
#2979=CARTESIAN_POINT('Origin',(-69.,1.13098599171477E-15,-1.30212668819163E-31));
#2980=CARTESIAN_POINT('Origin',(-42.,1.13098599171477E-15,-1.30212668819163E-31));
#2981=CARTESIAN_POINT('Origin',(-36.,1.13098599171477E-15,-1.30212668819163E-31));
#2982=CARTESIAN_POINT('',(-36.,12.,-1.46957615897682E-15));
#2983=CARTESIAN_POINT('Origin',(-36.,1.13098599171477E-15,-1.30212668819163E-31));
#2984=CARTESIAN_POINT('',(-36.,7.,-8.57252759403147E-16));
#2985=CARTESIAN_POINT('Origin',(-36.,1.13098599171477E-15,-1.30212668819163E-31));
#2986=CARTESIAN_POINT('Origin',(-24.,1.13098599171477E-15,-1.30212668819163E-31));
#2987=CARTESIAN_POINT('',(-24.,7.,-8.57252759403147E-16));
#2988=CARTESIAN_POINT('Origin',(-24.,1.13098599171477E-15,-1.30212668819163E-31));
#2989=CARTESIAN_POINT('',(-24.,7.,-8.57252759403147E-16));
#2990=CARTESIAN_POINT('Origin',(-24.,1.13098599171477E-15,-1.30212668819163E-31));
#2991=CARTESIAN_POINT('',(-24.,4.,-4.89858719658941E-16));
#2992=CARTESIAN_POINT('',(-24.,4.,-4.89858719658941E-16));
#2993=CARTESIAN_POINT('Origin',(-24.,1.13098599171477E-15,-1.30212668819163E-31));
#2994=CARTESIAN_POINT('Origin',(-24.,1.13098599171477E-15,-1.30212668819163E-31));
#2995=CARTESIAN_POINT('',(-24.,12.,-1.46957615897682E-15));
#2996=CARTESIAN_POINT('Origin',(-24.,1.13098599171477E-15,-1.30212668819163E-31));
#2997=CARTESIAN_POINT('Origin',(-16.,1.13098599171477E-15,-1.30212668819163E-31));
#2998=CARTESIAN_POINT('',(-24.,2.,-2.44929359829471E-16));
#2999=CARTESIAN_POINT('Origin',(-24.,1.13098599171477E-15,-1.30212668819163E-31));
#3000=CARTESIAN_POINT('',(-16.,2.,-2.44929359829471E-16));
#3001=CARTESIAN_POINT('',(-16.,2.,-2.44929359829471E-16));
#3002=CARTESIAN_POINT('Origin',(-16.,1.13098599171477E-15,-1.30212668819163E-31));
#3003=CARTESIAN_POINT('Origin',(-24.,1.13098599171477E-15,-1.30212668819163E-31));
#3004=CARTESIAN_POINT('Origin',(-16.,1.13098599171477E-15,-1.30212668819163E-31));
#3005=CARTESIAN_POINT('',(0.,0.,0.));
#3006=CARTESIAN_POINT('Origin',(-24.,1.13098599171477E-15,-1.30212668819163E-31));
#3007=CARTESIAN_POINT('',(-24.,-35.,-4.28626379701574E-15));
#3008=CARTESIAN_POINT('Origin',(-24.,1.13098599171477E-15,-1.30212668819163E-31));
#3009=CARTESIAN_POINT('',(-26.65,-35.,-4.28626379701574E-15));
#3010=CARTESIAN_POINT('',(-24.,-35.,4.28626379701574E-15));
#3011=CARTESIAN_POINT('Origin',(-26.65,1.13098599171477E-15,-1.30212668819163E-31));
#3012=CARTESIAN_POINT('Origin',(-24.,1.13098599171477E-15,-1.30212668819163E-31));
#3013=CARTESIAN_POINT('',(-24.,-39.6,-4.84960132462352E-15));
#3014=CARTESIAN_POINT('Origin',(-24.,1.13098599171477E-15,-1.30212668819163E-31));
#3015=CARTESIAN_POINT('',(-26.65,-39.6,-4.84960132462352E-15));
#3016=CARTESIAN_POINT('',(-24.,-39.6,4.84960132462352E-15));
#3017=CARTESIAN_POINT('Origin',(-26.65,1.13098599171477E-15,-1.30212668819163E-31));
#3018=CARTESIAN_POINT('Origin',(-26.65,1.13098599171477E-15,-1.30212668819163E-31));
#3019=CARTESIAN_POINT('Origin',(-24.,1.13098599171477E-15,-1.30212668819163E-31));
#3020=CARTESIAN_POINT('',(-24.,-70.,-8.57252759403147E-15));
#3021=CARTESIAN_POINT('Origin',(-24.,-1.13098599171477E-15,-1.30212668819163E-31));
#3022=CARTESIAN_POINT('',(-24.,45.8133742881208,-21.0475887800799));
#3023=CARTESIAN_POINT('Origin',(-24.,50.8133742881208,-21.0475887800799));
#3024=CARTESIAN_POINT('',(-24.,-55.8133742881208,21.0475887800799));
#3025=CARTESIAN_POINT('Origin',(-24.,-50.8133742881208,21.0475887800799));
#3026=CARTESIAN_POINT('',(-24.,45.8133742881208,21.0475887800799));
#3027=CARTESIAN_POINT('Origin',(-24.,50.8133742881208,21.0475887800799));
#3028=CARTESIAN_POINT('',(-24.,-55.8133742881208,-21.0475887800799));
#3029=CARTESIAN_POINT('Origin',(-24.,-50.8133742881208,-21.0475887800799));
#3030=CARTESIAN_POINT('',(-24.,16.0475887800799,-50.8133742881208));
#3031=CARTESIAN_POINT('Origin',(-24.,21.0475887800799,-50.8133742881208));
#3032=CARTESIAN_POINT('',(-24.,-26.04758878008,50.8133742881208));
#3033=CARTESIAN_POINT('Origin',(-24.,-21.04758878008,50.8133742881208));
#3034=CARTESIAN_POINT('',(-24.,16.0475887800799,50.8133742881208));
#3035=CARTESIAN_POINT('Origin',(-24.,21.0475887800799,50.8133742881208));
#3036=CARTESIAN_POINT('',(-24.,-26.0475887800799,-50.8133742881208));
#3037=CARTESIAN_POINT('Origin',(-24.,-21.0475887800799,-50.8133742881208));
#3038=CARTESIAN_POINT('Origin',(8.00000000000001,-1.13098599171477E-15,
-1.30212668819163E-31));
#3039=CARTESIAN_POINT('',(-32.,-70.,8.57252759403147E-15));
#3040=CARTESIAN_POINT('',(8.00000000000001,-70.,8.57252759403147E-15));
#3041=CARTESIAN_POINT('Origin',(-32.,-1.13098599171477E-15,-1.30212668819163E-31));
#3042=CARTESIAN_POINT('Origin',(8.00000000000001,-21.0475887800799,-50.8133742881208));
#3043=CARTESIAN_POINT('',(-32.,-26.0475887800799,-50.8133742881208));
#3044=CARTESIAN_POINT('',(8.00000000000001,-26.0475887800799,-50.8133742881208));
#3045=CARTESIAN_POINT('Origin',(-32.,-21.0475887800799,-50.8133742881208));
#3046=CARTESIAN_POINT('Origin',(8.00000000000001,21.0475887800799,50.8133742881208));
#3047=CARTESIAN_POINT('',(-32.,16.0475887800799,50.8133742881208));
#3048=CARTESIAN_POINT('',(8.00000000000001,16.0475887800799,50.8133742881208));
#3049=CARTESIAN_POINT('Origin',(-32.,21.0475887800799,50.8133742881208));
#3050=CARTESIAN_POINT('Origin',(8.00000000000001,-21.04758878008,50.8133742881208));
#3051=CARTESIAN_POINT('',(-32.,-26.04758878008,50.8133742881208));
#3052=CARTESIAN_POINT('',(8.00000000000001,-26.04758878008,50.8133742881208));
#3053=CARTESIAN_POINT('Origin',(-32.,-21.04758878008,50.8133742881208));
#3054=CARTESIAN_POINT('Origin',(8.00000000000001,21.0475887800799,-50.8133742881208));
#3055=CARTESIAN_POINT('',(-32.,16.0475887800799,-50.8133742881208));
#3056=CARTESIAN_POINT('',(8.00000000000001,16.0475887800799,-50.8133742881208));
#3057=CARTESIAN_POINT('Origin',(-32.,21.0475887800799,-50.8133742881208));
#3058=CARTESIAN_POINT('Origin',(8.00000000000001,-50.8133742881208,-21.0475887800799));
#3059=CARTESIAN_POINT('',(-32.,-55.8133742881208,-21.0475887800799));
#3060=CARTESIAN_POINT('',(8.00000000000001,-55.8133742881208,-21.0475887800799));
#3061=CARTESIAN_POINT('Origin',(-32.,-50.8133742881208,-21.0475887800799));
#3062=CARTESIAN_POINT('Origin',(8.00000000000001,50.8133742881208,21.0475887800799));
#3063=CARTESIAN_POINT('',(-32.,45.8133742881208,21.0475887800799));
#3064=CARTESIAN_POINT('',(8.00000000000001,45.8133742881208,21.0475887800799));
#3065=CARTESIAN_POINT('Origin',(-32.,50.8133742881208,21.0475887800799));
#3066=CARTESIAN_POINT('Origin',(8.00000000000001,-50.8133742881208,21.0475887800799));
#3067=CARTESIAN_POINT('',(-32.,-55.8133742881208,21.0475887800799));
#3068=CARTESIAN_POINT('',(8.00000000000001,-55.8133742881208,21.0475887800799));
#3069=CARTESIAN_POINT('Origin',(-32.,-50.8133742881208,21.0475887800799));
#3070=CARTESIAN_POINT('Origin',(8.00000000000001,50.8133742881208,-21.0475887800799));
#3071=CARTESIAN_POINT('',(-32.,45.8133742881208,-21.0475887800799));
#3072=CARTESIAN_POINT('',(8.00000000000001,45.8133742881208,-21.0475887800799));
#3073=CARTESIAN_POINT('Origin',(-32.,50.8133742881208,-21.0475887800799));
#3074=CARTESIAN_POINT('Origin',(-50.,1.13098599171477E-15,16.0000002384186));
#3075=CARTESIAN_POINT('',(-69.,8.00000011920929,16.0000002384186));
#3076=CARTESIAN_POINT('Origin',(-69.,1.13098599171477E-15,16.0000002384186));
#3077=CARTESIAN_POINT('',(-50.,8.00000011920929,16.0000002384186));
#3078=CARTESIAN_POINT('',(-50.,8.00000011920929,16.0000002384186));
#3079=CARTESIAN_POINT('Origin',(-50.,1.13098599171477E-15,16.0000002384186));
#3080=CARTESIAN_POINT('Origin',(-61.,1.13098599171477E-15,16.0000002384186));
#3081=CARTESIAN_POINT('',(-61.,5.,16.0000002384186));
#3082=CARTESIAN_POINT('Origin',(-61.,1.13098599171477E-15,16.0000002384186));
#3083=CARTESIAN_POINT('',(-61.,4.,16.0000002384186));
#3084=CARTESIAN_POINT('Origin',(-61.,1.13098599171477E-15,16.0000002384186));
#3085=CARTESIAN_POINT('Origin',(-50.,1.13098599171477E-15,16.0000002384186));
#3086=CARTESIAN_POINT('',(-69.,5.,16.0000002384186));
#3087=CARTESIAN_POINT('Origin',(-69.,1.13098599171477E-15,16.0000002384186));
#3088=CARTESIAN_POINT('',(-50.,5.,16.0000002384186));
#3089=CARTESIAN_POINT('Origin',(-69.,1.13098599171477E-15,16.0000002384186));
#3090=CARTESIAN_POINT('Origin',(-50.,1.13098599171477E-15,-1.30212668819163E-31));
#3091=CARTESIAN_POINT('',(-50.,-28.,-3.42901103761259E-15));
#3092=CARTESIAN_POINT('Origin',(-50.,1.13098599171477E-15,-1.30212668819163E-31));
#3093=CARTESIAN_POINT('',(-50.,-7.00000010430813,-8.57252772177209E-16));
#3094=CARTESIAN_POINT('Origin',(-50.,1.13098599171477E-15,-1.30212668819163E-31));
#3095=CARTESIAN_POINT('Origin',(-50.,1.13098599171477E-15,16.0000002384186));
#3096=CARTESIAN_POINT('',(-42.,4.,16.0000002384186));
#3097=CARTESIAN_POINT('',(-50.,4.,16.0000002384186));
#3098=CARTESIAN_POINT('',(-42.,1.13098599171477E-15,20.));
#3099=CARTESIAN_POINT('Origin',(-42.,1.13098599171477E-15,16.0000002384186));
#3100=CARTESIAN_POINT('Origin',(-42.,1.13098599171477E-15,16.0000002384186));
#3101=CARTESIAN_POINT('Origin',(-42.,1.13098599171477E-15,-1.30212668819163E-31));
#3102=CARTESIAN_POINT('',(-42.,-20.,-2.44929359829471E-15));
#3103=CARTESIAN_POINT('Origin',(-42.,1.13098599171477E-15,-1.30212668819163E-31));
#3104=CARTESIAN_POINT('Origin',(-42.,1.13098599171477E-15,-1.30212668819163E-31));
#3105=CARTESIAN_POINT('',(-42.,-7.00000010430813,8.57252772177209E-16));
#3106=CARTESIAN_POINT('Origin',(-42.,1.13098599171477E-15,-1.30212668819163E-31));
#3107=CARTESIAN_POINT('Origin',(-50.,1.13098599171477E-15,-1.30212668819163E-31));
#3108=CARTESIAN_POINT('',(-32.,-28.,-3.42901103761259E-15));
#3109=CARTESIAN_POINT('',(-50.,-28.,-3.42901103761259E-15));
#3110=CARTESIAN_POINT('Origin',(-32.,1.13098599171477E-15,-1.30212668819163E-31));
#3111=CARTESIAN_POINT('Origin',(-32.,1.13098599171477E-15,-1.30212668819163E-31));
#3112=CARTESIAN_POINT('Origin',(-50.,1.13098599171477E-15,-1.30212668819163E-31));
#3113=CARTESIAN_POINT('',(-24.,-20.,2.44929359829471E-15));
#3114=CARTESIAN_POINT('Origin',(-24.,1.13098599171477E-15,-1.30212668819163E-31));
#3115=CARTESIAN_POINT('',(-50.,-20.,-2.44929359829471E-15));
#3116=CARTESIAN_POINT('Origin',(-24.,1.13098599171477E-15,-1.30212668819163E-31));
#3117=CARTESIAN_POINT('Origin',(-50.,1.13098599171477E-15,-1.30212668819163E-31));
#3118=CARTESIAN_POINT('',(-50.,-7.00000010430813,-8.57252772177209E-16));
#3119=CARTESIAN_POINT('',(0.,0.,0.));
#3120=CARTESIAN_POINT('',(0.,0.,0.));
#3121=CARTESIAN_POINT('Origin',(173.000002577901,0.,70.));
#3122=CARTESIAN_POINT('',(173.000002577901,11.0000001639128,46.7225855063043));
#3123=CARTESIAN_POINT('',(184.000002741814,-1.18444237255227E-16,48.));
#3124=CARTESIAN_POINT('Ctrl Pts',(173.000002577901,11.0000001639128,46.7225855063043));
#3125=CARTESIAN_POINT('Ctrl Pts',(174.386573860832,11.0000001639128,46.7225855063043));
#3126=CARTESIAN_POINT('Ctrl Pts',(175.862048934941,10.7218814520982,46.7907252545902));
#3127=CARTESIAN_POINT('Ctrl Pts',(178.570672476939,9.59779647273172,47.034168505175));
#3128=CARTESIAN_POINT('Ctrl Pts',(179.804267154139,8.75208484167313,47.2056679848956));
#3129=CARTESIAN_POINT('Ctrl Pts',(181.75199220405,6.80435979176208,47.5255150034751));
#3130=CARTESIAN_POINT('Ctrl Pts',(182.59777823648,5.57072511370428,47.6950273756279));
#3131=CARTESIAN_POINT('Ctrl Pts',(183.721917360019,2.86196098377009,47.9338898261342));
#3132=CARTESIAN_POINT('Ctrl Pts',(184.000002741814,1.38643572308189,48.));
#3133=CARTESIAN_POINT('Ctrl Pts',(184.000002741814,1.66533453693773E-15,
48.));
#3134=CARTESIAN_POINT('Ctrl Pts',(184.000002741814,1.2490009027033E-15,
48.));
#3135=CARTESIAN_POINT('Ctrl Pts',(184.000002741814,-1.38643572308189,48.));
#3136=CARTESIAN_POINT('Ctrl Pts',(183.721917360019,-2.86196098377009,47.9338898261342));
#3137=CARTESIAN_POINT('Ctrl Pts',(182.59777823648,-5.57072511370428,47.6950273756279));
#3138=CARTESIAN_POINT('Ctrl Pts',(181.75199220405,-6.80435979176208,47.5255150034751));
#3139=CARTESIAN_POINT('Ctrl Pts',(179.804267154139,-8.75208484167313,47.2056679848956));
#3140=CARTESIAN_POINT('Ctrl Pts',(178.570672476939,-9.59779647273173,47.034168505175));
#3141=CARTESIAN_POINT('Ctrl Pts',(175.862048934941,-10.7218814520982,46.7907252545902));
#3142=CARTESIAN_POINT('Ctrl Pts',(174.386573860832,-11.0000001639128,46.7225855063043));
#3143=CARTESIAN_POINT('Ctrl Pts',(171.61343129497,-11.0000001639128,46.7225855063043));
#3144=CARTESIAN_POINT('Ctrl Pts',(170.137956220861,-10.7218814520981,46.7907252545902));
#3145=CARTESIAN_POINT('Ctrl Pts',(167.429332678863,-9.59779647273167,47.034168505175));
#3146=CARTESIAN_POINT('Ctrl Pts',(166.195738001662,-8.75208484167313,47.2056679848956));
#3147=CARTESIAN_POINT('Ctrl Pts',(164.248012951751,-6.80435979176209,47.5255150034751));
#3148=CARTESIAN_POINT('Ctrl Pts',(163.402226919322,-5.57072511370428,47.6950273756279));
#3149=CARTESIAN_POINT('Ctrl Pts',(162.278087795782,-2.86196098377009,47.9338898261342));
#3150=CARTESIAN_POINT('Ctrl Pts',(162.000002413988,-1.38643572308189,48.));
#3151=CARTESIAN_POINT('Ctrl Pts',(162.000002413988,1.38643572308189,48.));
#3152=CARTESIAN_POINT('Ctrl Pts',(162.278087795782,2.86196098377009,47.9338898261342));
#3153=CARTESIAN_POINT('Ctrl Pts',(163.402226919322,5.57072511370428,47.6950273756279));
#3154=CARTESIAN_POINT('Ctrl Pts',(164.248012951751,6.80435979176208,47.5255150034751));
#3155=CARTESIAN_POINT('Ctrl Pts',(166.195738001662,8.75208484167313,47.2056679848956));
#3156=CARTESIAN_POINT('Ctrl Pts',(167.429332678863,9.59779647273172,47.034168505175));
#3157=CARTESIAN_POINT('Ctrl Pts',(170.137956220861,10.7218814520982,46.7907252545902));
#3158=CARTESIAN_POINT('Ctrl Pts',(171.61343129497,11.0000001639128,46.7225855063043));
#3159=CARTESIAN_POINT('Ctrl Pts',(173.000002577901,11.0000001639128,46.7225855063043));
#3160=CARTESIAN_POINT('',(184.000002741814,1.34711149913561E-15,70.));
#3161=CARTESIAN_POINT('',(184.000002741814,-1.34711149913561E-15,70.));
#3162=CARTESIAN_POINT('Origin',(173.000002577901,0.,70.));
#3163=CARTESIAN_POINT('Origin',(-8.00000023841857,0.,0.));
#3164=CARTESIAN_POINT('',(-8.00000023841857,45.5,-5.57214293612046E-15));
#3165=CARTESIAN_POINT('Origin',(-8.00000023841858,0.,0.));
#3166=CARTESIAN_POINT('',(-6.90000023841857,45.5,-5.57214293612046E-15));
#3167=CARTESIAN_POINT('',(-8.00000023841857,45.5,5.57214293612046E-15));
#3168=CARTESIAN_POINT('Origin',(-6.90000023841857,0.,0.));
#3169=CARTESIAN_POINT('Origin',(-8.00000023841857,0.,0.));
#3170=CARTESIAN_POINT('',(-8.00000023841857,47.,-5.75583995599256E-15));
#3171=CARTESIAN_POINT('Origin',(-8.00000023841858,0.,0.));
#3172=CARTESIAN_POINT('',(-6.90000023841857,47.,-5.75583995599256E-15));
#3173=CARTESIAN_POINT('',(-8.00000023841857,47.,5.75583995599256E-15));
#3174=CARTESIAN_POINT('Origin',(-6.90000023841857,0.,0.));
#3175=CARTESIAN_POINT('Origin',(-6.90000023841857,0.,0.));
#3176=CARTESIAN_POINT('Origin',(-8.00000023841858,48.0000007152557,0.));
#3177=CARTESIAN_POINT('',(-8.00000023841857,-70.,-8.57252759403147E-15));
#3178=CARTESIAN_POINT('Origin',(-8.00000023841857,0.,0.));
#3179=CARTESIAN_POINT('',(-8.00000023841858,-26.04758878008,50.8133742881208));
#3180=CARTESIAN_POINT('Origin',(-8.00000023841858,-21.04758878008,50.8133742881208));
#3181=CARTESIAN_POINT('',(-8.00000023841858,16.0475887800799,-50.8133742881208));
#3182=CARTESIAN_POINT('Origin',(-8.00000023841858,21.0475887800799,-50.8133742881208));
#3183=CARTESIAN_POINT('',(-8.00000023841858,16.0475887800799,50.8133742881208));
#3184=CARTESIAN_POINT('Origin',(-8.00000023841858,21.0475887800799,50.8133742881208));
#3185=CARTESIAN_POINT('',(-8.00000023841858,-26.0475887800799,-50.8133742881208));
#3186=CARTESIAN_POINT('Origin',(-8.00000023841858,-21.0475887800799,-50.8133742881208));
#3187=CARTESIAN_POINT('',(-8.00000023841858,-55.8133742881208,21.0475887800799));
#3188=CARTESIAN_POINT('Origin',(-8.00000023841858,-50.8133742881208,21.0475887800799));
#3189=CARTESIAN_POINT('',(-8.00000023841858,45.8133742881208,-21.0475887800799));
#3190=CARTESIAN_POINT('Origin',(-8.00000023841858,50.8133742881208,-21.0475887800799));
#3191=CARTESIAN_POINT('',(-8.00000023841858,45.8133742881208,21.0475887800799));
#3192=CARTESIAN_POINT('Origin',(-8.00000023841858,50.8133742881208,21.0475887800799));
#3193=CARTESIAN_POINT('',(-8.00000023841858,-55.8133742881208,-21.0475887800799));
#3194=CARTESIAN_POINT('Origin',(-8.00000023841858,-50.8133742881208,-21.0475887800799));
#3195=CARTESIAN_POINT('Origin',(16.,-50.8133742881208,-21.0475887800799));
#3196=CARTESIAN_POINT('',(16.,-55.8133742881208,-21.0475887800799));
#3197=CARTESIAN_POINT('Origin',(15.9999997615814,-50.8133742881208,-21.0475887800799));
#3198=CARTESIAN_POINT('',(16.,-55.8133742881208,-21.0475887800799));
#3199=CARTESIAN_POINT('Origin',(16.,50.8133742881208,21.0475887800799));
#3200=CARTESIAN_POINT('',(16.,45.8133742881208,21.0475887800799));
#3201=CARTESIAN_POINT('Origin',(15.9999997615814,50.8133742881208,21.0475887800799));
#3202=CARTESIAN_POINT('',(16.,45.8133742881208,21.0475887800799));
#3203=CARTESIAN_POINT('Origin',(16.,50.8133742881208,-21.0475887800799));
#3204=CARTESIAN_POINT('',(16.,45.8133742881208,-21.0475887800799));
#3205=CARTESIAN_POINT('Origin',(15.9999997615814,50.8133742881208,-21.0475887800799));
#3206=CARTESIAN_POINT('',(16.,45.8133742881208,-21.0475887800799));
#3207=CARTESIAN_POINT('Origin',(16.,-50.8133742881208,21.0475887800799));
#3208=CARTESIAN_POINT('',(16.,-55.8133742881208,21.0475887800799));
#3209=CARTESIAN_POINT('Origin',(15.9999997615814,-50.8133742881208,21.0475887800799));
#3210=CARTESIAN_POINT('',(16.,-55.8133742881208,21.0475887800799));
#3211=CARTESIAN_POINT('Origin',(16.,-21.0475887800799,-50.8133742881208));
#3212=CARTESIAN_POINT('',(16.,-26.0475887800799,-50.8133742881208));
#3213=CARTESIAN_POINT('Origin',(15.9999997615814,-21.0475887800799,-50.8133742881208));
#3214=CARTESIAN_POINT('',(16.,-26.0475887800799,-50.8133742881208));
#3215=CARTESIAN_POINT('Origin',(16.,21.0475887800799,50.8133742881208));
#3216=CARTESIAN_POINT('',(16.,16.0475887800799,50.8133742881208));
#3217=CARTESIAN_POINT('Origin',(15.9999997615814,21.0475887800799,50.8133742881208));
#3218=CARTESIAN_POINT('',(16.,16.0475887800799,50.8133742881208));
#3219=CARTESIAN_POINT('Origin',(16.,21.0475887800799,-50.8133742881208));
#3220=CARTESIAN_POINT('',(16.,16.0475887800799,-50.8133742881208));
#3221=CARTESIAN_POINT('Origin',(15.9999997615814,21.0475887800799,-50.8133742881208));
#3222=CARTESIAN_POINT('',(16.,16.0475887800799,-50.8133742881208));
#3223=CARTESIAN_POINT('Origin',(16.,-21.04758878008,50.8133742881208));
#3224=CARTESIAN_POINT('',(16.,-26.04758878008,50.8133742881208));
#3225=CARTESIAN_POINT('Origin',(15.9999997615814,-21.04758878008,50.8133742881208));
#3226=CARTESIAN_POINT('',(16.,-26.04758878008,50.8133742881208));
#3227=CARTESIAN_POINT('Origin',(178.35000269711,0.,0.));
#3228=CARTESIAN_POINT('',(180.999999761581,2.44929363479203E-15,20.0000002980232));
#3229=CARTESIAN_POINT('Origin',(180.999999761581,0.,0.));
#3230=CARTESIAN_POINT('',(183.65000269711,-2.44929363479203E-15,20.0000002980232));
#3231=CARTESIAN_POINT('',(178.35000269711,-2.44929363479203E-15,20.0000002980232));
#3232=CARTESIAN_POINT('Origin',(183.65000269711,0.,0.));
#3233=CARTESIAN_POINT('Origin',(178.35000269711,0.,0.));
#3234=CARTESIAN_POINT('',(180.999999761581,-3.01263116239981E-15,24.6000002980232));
#3235=CARTESIAN_POINT('Origin',(180.999999761581,0.,0.));
#3236=CARTESIAN_POINT('',(183.65000269711,-3.01263116239981E-15,24.6000002980232));
#3237=CARTESIAN_POINT('',(178.35000269711,-3.01263116239981E-15,24.6000002980232));
#3238=CARTESIAN_POINT('Origin',(183.65000269711,0.,0.));
#3239=CARTESIAN_POINT('Origin',(183.65000269711,20.0000002980232,0.));
#3240=CARTESIAN_POINT('Origin',(180.999999761581,40.,0.));
#3241=CARTESIAN_POINT('',(180.999999761581,-40.,-4.89858719658941E-15));
#3242=CARTESIAN_POINT('Origin',(180.999999761581,0.,0.));
#3243=CARTESIAN_POINT('Origin',(173.000002577901,0.,70.));
#3244=CARTESIAN_POINT('',(168.000002503395,-6.12323408698006E-16,70.));
#3245=CARTESIAN_POINT('Origin',(173.000002577901,0.,70.));
#3246=CARTESIAN_POINT('Origin',(4.00000005960464,0.,110.));
#3247=CARTESIAN_POINT('',(4.00000005960464,5.,69.8212002188447));
#3248=CARTESIAN_POINT('',(-0.999999940395355,6.12323399573677E-16,70.));
#3249=CARTESIAN_POINT('Ctrl Pts',(4.00000005960464,5.,69.8212002188447));
#3250=CARTESIAN_POINT('Ctrl Pts',(4.62804095795147,5.,69.8212002188447));
#3251=CARTESIAN_POINT('Ctrl Pts',(5.29779743482923,4.87444207838142,69.8305463938379));
#3252=CARTESIAN_POINT('Ctrl Pts',(6.52963069276779,4.36410731211323,69.8642967649537));
#3253=CARTESIAN_POINT('Ctrl Pts',(7.09172566169428,3.97934220977584,69.8882129198975));
#3254=CARTESIAN_POINT('Ctrl Pts',(7.97934187795727,3.09172599351285,69.933101601403));
#3255=CARTESIAN_POINT('Ctrl Pts',(8.36410728168605,2.52963085038513,69.9569911099137));
#3256=CARTESIAN_POINT('Ctrl Pts',(8.87444228463154,1.29779702134999,69.9906805244749));
#3257=CARTESIAN_POINT('Ctrl Pts',(9.00000005960464,0.628040344436995,70.));
#3258=CARTESIAN_POINT('Ctrl Pts',(9.00000005960464,-0.628040344436995,70.));
#3259=CARTESIAN_POINT('Ctrl Pts',(8.87444228463154,-1.29779702134999,69.9906805244749));
#3260=CARTESIAN_POINT('Ctrl Pts',(8.36410728168605,-2.52963085038513,69.9569911099137));
#3261=CARTESIAN_POINT('Ctrl Pts',(7.97934187795727,-3.09172599351285,69.933101601403));
#3262=CARTESIAN_POINT('Ctrl Pts',(7.09172566169428,-3.97934220977584,69.8882129198975));
#3263=CARTESIAN_POINT('Ctrl Pts',(6.52963069276779,-4.36410731211323,69.8642967649537));
#3264=CARTESIAN_POINT('Ctrl Pts',(5.29779743482923,-4.87444207838142,69.8305463938379));
#3265=CARTESIAN_POINT('Ctrl Pts',(4.62804095795147,-5.,69.8212002188447));
#3266=CARTESIAN_POINT('Ctrl Pts',(3.37195916125781,-5.,69.8212002188447));
#3267=CARTESIAN_POINT('Ctrl Pts',(2.70220268438006,-4.87444207838142,69.8305463938379));
#3268=CARTESIAN_POINT('Ctrl Pts',(1.4703694264415,-4.36410731211323,69.8642967649537));
#3269=CARTESIAN_POINT('Ctrl Pts',(0.908274457515008,-3.97934220977584,69.8882129198975));
#3270=CARTESIAN_POINT('Ctrl Pts',(0.0206582412520162,-3.09172599351285,
69.933101601403));
#3271=CARTESIAN_POINT('Ctrl Pts',(-0.364107162476759,-2.52963085038513,
69.9569911099137));
#3272=CARTESIAN_POINT('Ctrl Pts',(-0.874442165422255,-1.29779702134999,
69.9906805244749));
#3273=CARTESIAN_POINT('Ctrl Pts',(-0.999999940395355,-0.628040344436995,
70.));
#3274=CARTESIAN_POINT('Ctrl Pts',(-0.999999940395355,-1.38777878078145E-16,
70.));
#3275=CARTESIAN_POINT('Ctrl Pts',(-0.999999940395355,-2.77555756156289E-16,
70.));
#3276=CARTESIAN_POINT('Ctrl Pts',(-0.999999940395355,0.628040344436994,
70.));
#3277=CARTESIAN_POINT('Ctrl Pts',(-0.874442165422255,1.29779702134999,69.9906805244749));
#3278=CARTESIAN_POINT('Ctrl Pts',(-0.364107162476759,2.52963085038513,69.9569911099137));
#3279=CARTESIAN_POINT('Ctrl Pts',(0.0206582412520154,3.09172599351285,69.933101601403));
#3280=CARTESIAN_POINT('Ctrl Pts',(0.908274457515007,3.97934220977584,69.8882129198975));
#3281=CARTESIAN_POINT('Ctrl Pts',(1.4703694264415,4.36410731211323,69.8642967649537));
#3282=CARTESIAN_POINT('Ctrl Pts',(2.70220268438006,4.87444207838142,69.8305463938379));
#3283=CARTESIAN_POINT('Ctrl Pts',(3.37195916125781,5.,69.8212002188447));
#3284=CARTESIAN_POINT('Ctrl Pts',(4.00000005960464,5.,69.8212002188447));
#3285=CARTESIAN_POINT('',(-0.999999940395355,-6.12323399573677E-16,62.));
#3286=CARTESIAN_POINT('',(-0.999999940395355,6.12323399573677E-16,110.));
#3287=CARTESIAN_POINT('Origin',(4.00000005960464,0.,62.));
#3288=CARTESIAN_POINT('Origin',(4.00000005960464,0.,62.));
#3289=CARTESIAN_POINT('',(0.,-4.89858726958405E-16,62.));
#3290=CARTESIAN_POINT('Origin',(4.00000005960464,0.,62.));
#3291=CARTESIAN_POINT('Origin',(173.000002577901,0.,110.));
#3292=CARTESIAN_POINT('',(168.000002503395,-6.12323408698006E-16,62.));
#3293=CARTESIAN_POINT('',(168.000002503395,6.12323408698006E-16,110.));
#3294=CARTESIAN_POINT('Origin',(173.000002577901,0.,62.));
#3295=CARTESIAN_POINT('Origin',(173.000002577901,0.,62.));
#3296=CARTESIAN_POINT('',(169.000002577901,-4.8985871965894E-16,62.));
#3297=CARTESIAN_POINT('Origin',(173.000002577901,0.,62.));
#3298=CARTESIAN_POINT('Origin',(173.000002577901,0.,110.));
#3299=CARTESIAN_POINT('',(169.000002577901,1.4245413234937E-15,40.));
#3300=CARTESIAN_POINT('',(169.000002577901,4.8985871965894E-16,110.));
#3301=CARTESIAN_POINT('',(173.000002577901,3.99999999999999,39.7994974842648));
#3302=CARTESIAN_POINT('Ctrl Pts',(173.000002577901,3.99999999999999,39.7994974842648));
#3303=CARTESIAN_POINT('Ctrl Pts',(172.497392148527,3.99999999999998,39.7994974842648));
#3304=CARTESIAN_POINT('Ctrl Pts',(171.961511144948,3.89948435669643,39.8099995189678));
#3305=CARTESIAN_POINT('Ctrl Pts',(170.976093976075,3.49116554889271,39.8478832922959));
#3306=CARTESIAN_POINT('Ctrl Pts',(170.526529054201,3.18338072579225,39.8747126928768));
#3307=CARTESIAN_POINT('Ctrl Pts',(169.816623060285,2.47347473187612,39.9250365945178));
#3308=CARTESIAN_POINT('Ctrl Pts',(169.508837294444,2.02390928029373,39.9518073446884));
#3309=CARTESIAN_POINT('Ctrl Pts',(169.100517782878,1.03849033723956,39.9895568454637));
#3310=CARTESIAN_POINT('Ctrl Pts',(169.000002577901,0.502608718609663,40.));
#3311=CARTESIAN_POINT('Ctrl Pts',(169.000002577901,6.93889390390723E-17,
40.));
#3312=CARTESIAN_POINT('Ctrl Pts',(169.000002577901,2.35922392732846E-15,
40.));
#3313=CARTESIAN_POINT('Ctrl Pts',(169.000002577901,-0.50260871860966,40.));
#3314=CARTESIAN_POINT('Ctrl Pts',(169.100517782878,-1.03849033723956,39.9895568454637));
#3315=CARTESIAN_POINT('Ctrl Pts',(169.508837294444,-2.02390928029373,39.9518073446884));
#3316=CARTESIAN_POINT('Ctrl Pts',(169.816623060285,-2.47347473187612,39.9250365945178));
#3317=CARTESIAN_POINT('Ctrl Pts',(170.526529054201,-3.18338072579225,39.8747126928768));
#3318=CARTESIAN_POINT('Ctrl Pts',(170.976093976075,-3.4911655488927,39.8478832922959));
#3319=CARTESIAN_POINT('Ctrl Pts',(171.961511144948,-3.89948435669643,39.8099995189678));
#3320=CARTESIAN_POINT('Ctrl Pts',(172.497392148527,-3.99999999999999,39.7994974842648));
#3321=CARTESIAN_POINT('Ctrl Pts',(173.502613007275,-3.99999999999999,39.7994974842648));
#3322=CARTESIAN_POINT('Ctrl Pts',(174.038494010854,-3.89948435669643,39.8099995189678));
#3323=CARTESIAN_POINT('Ctrl Pts',(175.023911179727,-3.49116554889271,39.8478832922959));
#3324=CARTESIAN_POINT('Ctrl Pts',(175.473476101601,-3.18338072579225,39.8747126928768));
#3325=CARTESIAN_POINT('Ctrl Pts',(176.183382095517,-2.47347473187613,39.9250365945178));
#3326=CARTESIAN_POINT('Ctrl Pts',(176.491167861357,-2.02390928029373,39.9518073446884));
#3327=CARTESIAN_POINT('Ctrl Pts',(176.899487372924,-1.03849033723956,39.9895568454637));
#3328=CARTESIAN_POINT('Ctrl Pts',(177.000002577901,-0.502608718609664,40.));
#3329=CARTESIAN_POINT('Ctrl Pts',(177.000002577901,0.502608718609662,40.));
#3330=CARTESIAN_POINT('Ctrl Pts',(176.899487372924,1.03849033723956,39.9895568454637));
#3331=CARTESIAN_POINT('Ctrl Pts',(176.491167861357,2.02390928029373,39.9518073446884));
#3332=CARTESIAN_POINT('Ctrl Pts',(176.183382095517,2.47347473187612,39.9250365945178));
#3333=CARTESIAN_POINT('Ctrl Pts',(175.473476101601,3.18338072579225,39.8747126928768));
#3334=CARTESIAN_POINT('Ctrl Pts',(175.023911179727,3.49116554889271,39.8478832922959));
#3335=CARTESIAN_POINT('Ctrl Pts',(174.038494010854,3.89948435669643,39.8099995189678));
#3336=CARTESIAN_POINT('Ctrl Pts',(173.502613007275,3.99999999999998,39.7994974842648));
#3337=CARTESIAN_POINT('Ctrl Pts',(173.000002577901,3.99999999999999,39.7994974842648));
#3338=CARTESIAN_POINT('Origin',(4.00000005960464,0.,110.));
#3339=CARTESIAN_POINT('',(1.56125112837913E-16,5.22485119635492E-16,42.0000005960464));
#3340=CARTESIAN_POINT('',(0.,4.89858726958405E-16,110.));
#3341=CARTESIAN_POINT('',(4.00000005960464,4.00000005960464,41.8090905137993));
#3342=CARTESIAN_POINT('Ctrl Pts',(4.00000005960464,4.00000005960464,41.8090905137993));
#3343=CARTESIAN_POINT('Ctrl Pts',(3.49742345148036,4.00000005960464,41.8090905137993));
#3344=CARTESIAN_POINT('Ctrl Pts',(2.96155682861107,3.89949760016863,41.8190862271079));
#3345=CARTESIAN_POINT('Ctrl Pts',(1.97613020138902,3.4911884607466,41.8551509060779));
#3346=CARTESIAN_POINT('Ctrl Pts',(1.52654415506866,3.1833984292501,41.8806948743509));
#3347=CARTESIAN_POINT('Ctrl Pts',(0.816602623505668,2.4734568976871,41.9286136067582));
#3348=CARTESIAN_POINT('Ctrl Pts',(0.508811818070013,2.0238704151033,41.9541069362573));
#3349=CARTESIAN_POINT('Ctrl Pts',(0.100502097836979,1.03844233046429,41.9900557012956));
#3350=CARTESIAN_POINT('Ctrl Pts',(1.28583965863604E-16,0.502575201997721,
42.0000005960464));
#3351=CARTESIAN_POINT('Ctrl Pts',(8.67361737988404E-17,2.77555756156289E-16,
42.0000005960464));
#3352=CARTESIAN_POINT('Ctrl Pts',(1.56125112837913E-16,5.55111512312578E-16,
42.0000005960464));
#3353=CARTESIAN_POINT('Ctrl Pts',(7.24295287083863E-17,-0.502575201997721,
42.0000005960464));
#3354=CARTESIAN_POINT('Ctrl Pts',(0.100502097836979,-1.03844233046429,41.9900557012956));
#3355=CARTESIAN_POINT('Ctrl Pts',(0.508811818070013,-2.0238704151033,41.9541069362573));
#3356=CARTESIAN_POINT('Ctrl Pts',(0.816602623505667,-2.4734568976871,41.9286136067582));
#3357=CARTESIAN_POINT('Ctrl Pts',(1.52654415506866,-3.1833984292501,41.8806948743509));
#3358=CARTESIAN_POINT('Ctrl Pts',(1.97613020138902,-3.4911884607466,41.8551509060779));
#3359=CARTESIAN_POINT('Ctrl Pts',(2.96155682861107,-3.89949760016863,41.8190862271079));
#3360=CARTESIAN_POINT('Ctrl Pts',(3.49742345148036,-4.00000005960464,41.8090905137993));
#3361=CARTESIAN_POINT('Ctrl Pts',(4.50257666772893,-4.00000005960464,41.8090905137993));
#3362=CARTESIAN_POINT('Ctrl Pts',(5.03844329059821,-3.89949760016864,41.8190862271079));
#3363=CARTESIAN_POINT('Ctrl Pts',(6.02386991782026,-3.4911884607466,41.8551509060779));
#3364=CARTESIAN_POINT('Ctrl Pts',(6.47345596414063,-3.1833984292501,41.8806948743509));
#3365=CARTESIAN_POINT('Ctrl Pts',(7.18339749570362,-2.4734568976871,41.9286136067582));
#3366=CARTESIAN_POINT('Ctrl Pts',(7.49118830113928,-2.0238704151033,41.9541069362573));
#3367=CARTESIAN_POINT('Ctrl Pts',(7.89949802137231,-1.03844233046429,41.9900557012956));
#3368=CARTESIAN_POINT('Ctrl Pts',(8.00000011920929,-0.502575201997722,42.0000005960464));
#3369=CARTESIAN_POINT('Ctrl Pts',(8.00000011920929,0.50257520199772,42.0000005960464));
#3370=CARTESIAN_POINT('Ctrl Pts',(7.89949802137231,1.03844233046429,41.9900557012956));
#3371=CARTESIAN_POINT('Ctrl Pts',(7.49118830113928,2.0238704151033,41.9541069362573));
#3372=CARTESIAN_POINT('Ctrl Pts',(7.18339749570362,2.4734568976871,41.9286136067582));
#3373=CARTESIAN_POINT('Ctrl Pts',(6.47345596414063,3.1833984292501,41.8806948743509));
#3374=CARTESIAN_POINT('Ctrl Pts',(6.02386991782026,3.4911884607466,41.8551509060779));
#3375=CARTESIAN_POINT('Ctrl Pts',(5.03844329059822,3.89949760016863,41.8190862271079));
#3376=CARTESIAN_POINT('Ctrl Pts',(4.50257666772893,4.00000005960464,41.8090905137993));
#3377=CARTESIAN_POINT('Ctrl Pts',(4.00000005960464,4.00000005960464,41.8090905137993));
#3378=CARTESIAN_POINT('Origin',(72.1317539723156,0.,0.));
#3379=CARTESIAN_POINT('',(-8.00000023841857,-42.0000005960464,-5.14351662941352E-15));
#3380=CARTESIAN_POINT('Origin',(-8.00000023841857,0.,0.));
#3381=CARTESIAN_POINT('',(152.26350806384,-42.0000005960464,-5.14351662941352E-15));
#3382=CARTESIAN_POINT('',(72.1317539723156,-42.0000005960464,-5.14351662941352E-15));
#3383=CARTESIAN_POINT('Origin',(152.26350806384,0.,0.));
#3384=CARTESIAN_POINT('Origin',(156.131755224013,0.,0.));
#3385=CARTESIAN_POINT('',(160.000002015109,-28.6,-3.50248984556143E-15));
#3386=CARTESIAN_POINT('',(156.131755224013,-35.2999999783933,-4.3230031983441E-15));
#3387=CARTESIAN_POINT('Origin',(160.000002015109,0.,0.));
#3388=CARTESIAN_POINT('Origin',(165.000002458692,28.6,0.));
#3389=CARTESIAN_POINT('',(165.000002458692,-40.,-4.89858719658941E-15));
#3390=CARTESIAN_POINT('Origin',(165.000002458692,0.,0.));
#3391=CARTESIAN_POINT('',(165.000002458692,-28.6,-3.50248984556143E-15));
#3392=CARTESIAN_POINT('Origin',(165.000002458692,0.,0.));
#3393=CARTESIAN_POINT('Origin',(161.500002406538,0.,0.));
#3394=CARTESIAN_POINT('',(161.500002406538,-28.6,-3.50248984556143E-15));
#3395=CARTESIAN_POINT('Origin',(-8.00000023841858,48.0000007152557,0.));
#3396=CARTESIAN_POINT('Origin',(3.99999976158142,0.,0.));
#3397=CARTESIAN_POINT('',(15.9999997615814,-70.,-8.57252759403147E-15));
#3398=CARTESIAN_POINT('Origin',(15.9999997615814,0.,0.));
#3399=CARTESIAN_POINT('',(3.99999976158142,-70.,-8.57252759403147E-15));
#3400=CARTESIAN_POINT('Origin',(15.9999997615814,48.,0.));
#3401=CARTESIAN_POINT('',(15.9999997615814,-48.,-5.8783046359073E-15));
#3402=CARTESIAN_POINT('Origin',(15.9999997615814,0.,0.));
#3403=CARTESIAN_POINT('Origin',(102.499999761581,0.,0.));
#3404=CARTESIAN_POINT('',(188.999999761581,-48.,-5.8783046359073E-15));
#3405=CARTESIAN_POINT('Origin',(188.999999761581,0.,0.));
#3406=CARTESIAN_POINT('',(102.499999761581,-48.,-5.8783046359073E-15));
#3407=CARTESIAN_POINT('Origin',(188.999999761581,18.,0.));
#3408=CARTESIAN_POINT('',(188.999999761581,-18.,-2.20436423846524E-15));
#3409=CARTESIAN_POINT('Origin',(188.999999761581,0.,0.));
#3410=CARTESIAN_POINT('Origin',(184.999999761581,0.,0.));
#3411=CARTESIAN_POINT('',(180.999999761581,-18.,-2.20436423846524E-15));
#3412=CARTESIAN_POINT('',(184.999999761581,-18.,-2.20436423846524E-15));
#3413=CARTESIAN_POINT('Origin',(180.999999761581,0.,0.));
#3414=CARTESIAN_POINT('Origin',(180.999999761581,40.,0.));
#3415=CARTESIAN_POINT('Origin',(173.000001110137,0.,0.));
#3416=CARTESIAN_POINT('',(173.000001110137,-40.,-4.89858719658941E-15));
#3417=CARTESIAN_POINT('',(0.,0.,0.));
#3418=CARTESIAN_POINT('Origin',(158.639527857262,0.,0.));
#3419=CARTESIAN_POINT('',(165.279055952943,-7.,-8.57252759403147E-16));
#3420=CARTESIAN_POINT('Origin',(165.279055952943,0.,0.));
#3421=CARTESIAN_POINT('',(151.999999761581,-30.,-3.67394039744206E-15));
#3422=CARTESIAN_POINT('',(158.639527857262,-18.5,-2.2655965784226E-15));
#3423=CARTESIAN_POINT('Origin',(151.999999761581,0.,0.));
#3424=CARTESIAN_POINT('Origin',(167.279055952943,0.,0.));
#3425=CARTESIAN_POINT('',(169.279055952943,-7.,-8.57252759403147E-16));
#3426=CARTESIAN_POINT('Origin',(169.279055952943,0.,0.));
#3427=CARTESIAN_POINT('',(167.279055952943,-7.,-8.57252759403147E-16));
#3428=CARTESIAN_POINT('Origin',(175.139527857262,0.,0.));
#3429=CARTESIAN_POINT('',(180.999999761581,-10.0675762494265,-1.2329225029032E-15));
#3430=CARTESIAN_POINT('Origin',(180.999999761581,0.,0.));
#3431=CARTESIAN_POINT('',(175.139527857262,-8.53378812471323,-1.04508763115318E-15));
#3432=CARTESIAN_POINT('Origin',(180.999999761581,10.0675762494265,0.));
#3433=CARTESIAN_POINT('',(180.999999761581,-28.6,-3.50248984556143E-15));
#3434=CARTESIAN_POINT('Origin',(180.999999761581,0.,0.));
#3435=CARTESIAN_POINT('Origin',(176.999999761581,0.,0.));
#3436=CARTESIAN_POINT('',(172.999999761581,-28.6,-3.50248984556143E-15));
#3437=CARTESIAN_POINT('',(176.999999761581,-28.6,-3.50248984556143E-15));
#3438=CARTESIAN_POINT('Origin',(172.999999761581,0.,0.));
#3439=CARTESIAN_POINT('Origin',(172.999999761581,28.6,0.));
#3440=CARTESIAN_POINT('',(172.999999761581,-12.1378738316719,-1.48646083364114E-15));
#3441=CARTESIAN_POINT('Origin',(172.999999761581,0.,0.));
#3442=CARTESIAN_POINT('Origin',(168.171403583573,0.,0.));
#3443=CARTESIAN_POINT('',(168.753398050019,-11.0000003324822,-1.34711151977941E-15));
#3444=CARTESIAN_POINT('Origin',(168.753398050019,0.,0.));
#3445=CARTESIAN_POINT('',(167.589409117127,-11.0000003324822,-1.34711151977941E-15));
#3446=CARTESIAN_POINT('',(168.171403583573,-11.0000003324822,-1.34711151977941E-15));
#3447=CARTESIAN_POINT('Origin',(167.589409117127,0.,0.));
#3448=CARTESIAN_POINT('Origin',(159.795180824237,0.,0.));
#3449=CARTESIAN_POINT('',(152.000952531348,-37.9999991506338,-4.65365773274258E-15));
#3450=CARTESIAN_POINT('',(159.795180824237,-24.499999741558,-3.000384626261E-15));
#3451=CARTESIAN_POINT('Origin',(152.000952531348,0.,0.));
#3452=CARTESIAN_POINT('Origin',(171.939743679874,0.,0.));
#3453=CARTESIAN_POINT('',(171.939743679874,-11.8537790708081,-1.45166925968651E-15));
#3454=CARTESIAN_POINT('Origin',(-26.65,1.13098599171477E-15,-1.30212668819163E-31));
#3455=CARTESIAN_POINT('',(-16.0000002384186,-35.,4.28626379701574E-15));
#3456=CARTESIAN_POINT('Origin',(-16.0000002384186,1.13098599171477E-15,
-1.30212668819163E-31));
#3457=CARTESIAN_POINT('',(-13.35,-35.,-4.28626379701574E-15));
#3458=CARTESIAN_POINT('',(-26.65,-35.,-4.28626379701574E-15));
#3459=CARTESIAN_POINT('Origin',(-13.35,1.13098599171477E-15,-1.30212668819163E-31));
#3460=CARTESIAN_POINT('Origin',(-26.65,1.13098599171477E-15,-1.30212668819163E-31));
#3461=CARTESIAN_POINT('',(-16.0000002384186,-39.6,-4.84960132462352E-15));
#3462=CARTESIAN_POINT('Origin',(-16.0000002384186,1.13098599171477E-15,
-1.30212668819163E-31));
#3463=CARTESIAN_POINT('',(-13.35,-39.6,-4.84960132462352E-15));
#3464=CARTESIAN_POINT('',(-26.65,-39.6,-4.84960132462352E-15));
#3465=CARTESIAN_POINT('Origin',(-13.35,1.13098599171477E-15,-1.30212668819163E-31));
#3466=CARTESIAN_POINT('Origin',(-13.35,1.13098599171477E-15,-1.30212668819163E-31));
#3467=CARTESIAN_POINT('Origin',(-16.0000002384186,48.0000007152557,0.));
#3468=CARTESIAN_POINT('',(-16.0000002384186,-70.,-8.57252759403147E-15));
#3469=CARTESIAN_POINT('Origin',(-16.0000002384186,0.,0.));
#3470=CARTESIAN_POINT('',(-16.0000002384186,-26.04758878008,50.8133742881208));
#3471=CARTESIAN_POINT('Origin',(-16.0000002384186,-21.04758878008,50.8133742881208));
#3472=CARTESIAN_POINT('',(-16.0000002384186,16.0475887800799,-50.8133742881208));
#3473=CARTESIAN_POINT('Origin',(-16.0000002384186,21.0475887800799,-50.8133742881208));
#3474=CARTESIAN_POINT('',(-16.0000002384186,16.0475887800799,50.8133742881208));
#3475=CARTESIAN_POINT('Origin',(-16.0000002384186,21.0475887800799,50.8133742881208));
#3476=CARTESIAN_POINT('',(-16.0000002384186,-26.0475887800799,-50.8133742881208));
#3477=CARTESIAN_POINT('Origin',(-16.0000002384186,-21.0475887800799,-50.8133742881208));
#3478=CARTESIAN_POINT('',(-16.0000002384186,-55.8133742881208,21.0475887800799));
#3479=CARTESIAN_POINT('Origin',(-16.0000002384186,-50.8133742881208,21.0475887800799));
#3480=CARTESIAN_POINT('',(-16.0000002384186,45.8133742881208,-21.0475887800799));
#3481=CARTESIAN_POINT('Origin',(-16.0000002384186,50.8133742881208,-21.0475887800799));
#3482=CARTESIAN_POINT('',(-16.0000002384186,45.8133742881208,21.0475887800799));
#3483=CARTESIAN_POINT('Origin',(-16.0000002384186,50.8133742881208,21.0475887800799));
#3484=CARTESIAN_POINT('',(-16.0000002384186,-55.8133742881208,-21.0475887800799));
#3485=CARTESIAN_POINT('Origin',(-16.0000002384186,-50.8133742881208,-21.0475887800799));
#3486=CARTESIAN_POINT('Origin',(16.,-50.8133742881208,-21.0475887800799));
#3487=CARTESIAN_POINT('',(-8.00000023841858,-55.8133742881208,-21.0475887800799));
#3488=CARTESIAN_POINT('Origin',(-8.00000023841858,-50.8133742881208,-21.0475887800799));
#3489=CARTESIAN_POINT('',(16.,-55.8133742881208,-21.0475887800799));
#3490=CARTESIAN_POINT('Origin',(16.,50.8133742881208,21.0475887800799));
#3491=CARTESIAN_POINT('',(-8.00000023841858,45.8133742881208,21.0475887800799));
#3492=CARTESIAN_POINT('Origin',(-8.00000023841858,50.8133742881208,21.0475887800799));
#3493=CARTESIAN_POINT('',(16.,45.8133742881208,21.0475887800799));
#3494=CARTESIAN_POINT('Origin',(16.,50.8133742881208,-21.0475887800799));
#3495=CARTESIAN_POINT('',(-8.00000023841858,45.8133742881208,-21.0475887800799));
#3496=CARTESIAN_POINT('Origin',(-8.00000023841858,50.8133742881208,-21.0475887800799));
#3497=CARTESIAN_POINT('',(16.,45.8133742881208,-21.0475887800799));
#3498=CARTESIAN_POINT('Origin',(16.,-50.8133742881208,21.0475887800799));
#3499=CARTESIAN_POINT('',(-8.00000023841858,-55.8133742881208,21.0475887800799));
#3500=CARTESIAN_POINT('Origin',(-8.00000023841858,-50.8133742881208,21.0475887800799));
#3501=CARTESIAN_POINT('',(16.,-55.8133742881208,21.0475887800799));
#3502=CARTESIAN_POINT('Origin',(16.,-21.0475887800799,-50.8133742881208));
#3503=CARTESIAN_POINT('',(-8.00000023841858,-26.0475887800799,-50.8133742881208));
#3504=CARTESIAN_POINT('Origin',(-8.00000023841858,-21.0475887800799,-50.8133742881208));
#3505=CARTESIAN_POINT('',(16.,-26.0475887800799,-50.8133742881208));
#3506=CARTESIAN_POINT('Origin',(16.,21.0475887800799,50.8133742881208));
#3507=CARTESIAN_POINT('',(-8.00000023841858,16.0475887800799,50.8133742881208));
#3508=CARTESIAN_POINT('Origin',(-8.00000023841858,21.0475887800799,50.8133742881208));
#3509=CARTESIAN_POINT('',(16.,16.0475887800799,50.8133742881208));
#3510=CARTESIAN_POINT('Origin',(16.,21.0475887800799,-50.8133742881208));
#3511=CARTESIAN_POINT('',(-8.00000023841858,16.0475887800799,-50.8133742881208));
#3512=CARTESIAN_POINT('Origin',(-8.00000023841858,21.0475887800799,-50.8133742881208));
#3513=CARTESIAN_POINT('',(16.,16.0475887800799,-50.8133742881208));
#3514=CARTESIAN_POINT('Origin',(16.,-21.04758878008,50.8133742881208));
#3515=CARTESIAN_POINT('',(-8.00000023841858,-26.04758878008,50.8133742881208));
#3516=CARTESIAN_POINT('Origin',(-8.00000023841858,-21.04758878008,50.8133742881208));
#3517=CARTESIAN_POINT('',(16.,-26.04758878008,50.8133742881208));
#3518=CARTESIAN_POINT('Origin',(53.9999997615814,0.,0.));
#3519=CARTESIAN_POINT('',(-16.0000002384186,-30.,-3.67394039744206E-15));
#3520=CARTESIAN_POINT('',(53.9999997615814,-30.,-3.67394039744206E-15));
#3521=CARTESIAN_POINT('Origin',(-16.0000002384186,0.,0.));
#3522=CARTESIAN_POINT('Origin',(-16.0000002384186,48.0000007152557,0.));
#3523=CARTESIAN_POINT('Origin',(-12.0000002384186,0.,0.));
#3524=CARTESIAN_POINT('',(-8.00000023841857,-70.,-8.57252759403147E-15));
#3525=CARTESIAN_POINT('Origin',(-8.00000023841857,0.,0.));
#3526=CARTESIAN_POINT('',(-12.0000002384186,-70.,-8.57252759403147E-15));
#3527=CARTESIAN_POINT('Origin',(-8.00000023841858,38.,0.));
#3528=CARTESIAN_POINT('',(-8.00000023841857,-38.,-4.65365783675994E-15));
#3529=CARTESIAN_POINT('Origin',(-8.00000023841857,0.,0.));
#3530=CARTESIAN_POINT('Origin',(61.9999997615814,0.,0.));
#3531=CARTESIAN_POINT('',(61.9999997615814,-38.,-4.65365783675994E-15));
#3532=CARTESIAN_POINT('',(0.,0.,0.));
#3533=CARTESIAN_POINT('',(0.,0.,0.));
#3534=CARTESIAN_POINT('',(0.,0.,0.));
#3535=CARTESIAN_POINT('',(0.,0.,0.));
#3536=CARTESIAN_POINT('',(0.,0.,0.));
#3537=UNCERTAINTY_MEASURE_WITH_UNIT(LENGTH_MEASURE(0.01),#3551,
'DISTANCE_ACCURACY_VALUE',
'Maximum model space distance between geometric entities at asserted c
onnectivities');
#3538=UNCERTAINTY_MEASURE_WITH_UNIT(LENGTH_MEASURE(0.01),#3551,
'DISTANCE_ACCURACY_VALUE',
'Maximum model space distance between geometric entities at asserted c
onnectivities');
#3539=UNCERTAINTY_MEASURE_WITH_UNIT(LENGTH_MEASURE(0.01),#3551,
'DISTANCE_ACCURACY_VALUE',
'Maximum model space distance between geometric entities at asserted c
onnectivities');
#3540=UNCERTAINTY_MEASURE_WITH_UNIT(LENGTH_MEASURE(0.01),#3551,
'DISTANCE_ACCURACY_VALUE',
'Maximum model space distance between geometric entities at asserted c
onnectivities');
#3541=UNCERTAINTY_MEASURE_WITH_UNIT(LENGTH_MEASURE(0.01),#3551,
'DISTANCE_ACCURACY_VALUE',
'Maximum model space distance between geometric entities at asserted c
onnectivities');
#3542=UNCERTAINTY_MEASURE_WITH_UNIT(LENGTH_MEASURE(0.01),#3551,
'DISTANCE_ACCURACY_VALUE',
'Maximum model space distance between geometric entities at asserted c
onnectivities');
#3543=UNCERTAINTY_MEASURE_WITH_UNIT(LENGTH_MEASURE(0.01),#3551,
'DISTANCE_ACCURACY_VALUE',
'Maximum model space distance between geometric entities at asserted c
onnectivities');
#3544=(
GEOMETRIC_REPRESENTATION_CONTEXT(3)
GLOBAL_UNCERTAINTY_ASSIGNED_CONTEXT((#3537))
GLOBAL_UNIT_ASSIGNED_CONTEXT((#3551,#3553,#3554))
REPRESENTATION_CONTEXT('','3D')
);
#3545=(
GEOMETRIC_REPRESENTATION_CONTEXT(3)
GLOBAL_UNCERTAINTY_ASSIGNED_CONTEXT((#3538))
GLOBAL_UNIT_ASSIGNED_CONTEXT((#3551,#3553,#3554))
REPRESENTATION_CONTEXT('','3D')
);
#3546=(
GEOMETRIC_REPRESENTATION_CONTEXT(3)
GLOBAL_UNCERTAINTY_ASSIGNED_CONTEXT((#3539))
GLOBAL_UNIT_ASSIGNED_CONTEXT((#3551,#3553,#3554))
REPRESENTATION_CONTEXT('','3D')
);
#3547=(
GEOMETRIC_REPRESENTATION_CONTEXT(3)
GLOBAL_UNCERTAINTY_ASSIGNED_CONTEXT((#3540))
GLOBAL_UNIT_ASSIGNED_CONTEXT((#3551,#3553,#3554))
REPRESENTATION_CONTEXT('','3D')
);
#3548=(
GEOMETRIC_REPRESENTATION_CONTEXT(3)
GLOBAL_UNCERTAINTY_ASSIGNED_CONTEXT((#3541))
GLOBAL_UNIT_ASSIGNED_CONTEXT((#3551,#3553,#3554))
REPRESENTATION_CONTEXT('','3D')
);
#3549=(
GEOMETRIC_REPRESENTATION_CONTEXT(3)
GLOBAL_UNCERTAINTY_ASSIGNED_CONTEXT((#3542))
GLOBAL_UNIT_ASSIGNED_CONTEXT((#3551,#3553,#3554))
REPRESENTATION_CONTEXT('','3D')
);
#3550=(
GEOMETRIC_REPRESENTATION_CONTEXT(3)
GLOBAL_UNCERTAINTY_ASSIGNED_CONTEXT((#3543))
GLOBAL_UNIT_ASSIGNED_CONTEXT((#3551,#3553,#3554))
REPRESENTATION_CONTEXT('','3D')
);
#3551=(
LENGTH_UNIT()
NAMED_UNIT(*)
SI_UNIT(.MILLI.,.METRE.)
);
#3552=(
LENGTH_UNIT()
NAMED_UNIT(*)
SI_UNIT($,.METRE.)
);
#3553=(
NAMED_UNIT(*)
PLANE_ANGLE_UNIT()
SI_UNIT($,.RADIAN.)
);
#3554=(
NAMED_UNIT(*)
SI_UNIT($,.STERADIAN.)
SOLID_ANGLE_UNIT()
);
#3555=SHAPE_DEFINITION_REPRESENTATION(#3561,#3572);
#3556=SHAPE_DEFINITION_REPRESENTATION(#3562,#3573);
#3557=SHAPE_DEFINITION_REPRESENTATION(#3563,#3574);
#3558=SHAPE_DEFINITION_REPRESENTATION(#3564,#3575);
#3559=SHAPE_DEFINITION_REPRESENTATION(#3565,#3576);
#3560=SHAPE_DEFINITION_REPRESENTATION(#3566,#3577);
#3561=PRODUCT_DEFINITION_SHAPE('',$,#3579);
#3562=PRODUCT_DEFINITION_SHAPE('',$,#3580);
#3563=PRODUCT_DEFINITION_SHAPE('',$,#3581);
#3564=PRODUCT_DEFINITION_SHAPE('',$,#3582);
#3565=PRODUCT_DEFINITION_SHAPE('',$,#3583);
#3566=PRODUCT_DEFINITION_SHAPE('',$,#3584);
#3567=PRODUCT_DEFINITION_SHAPE($,$,#26);
#3568=PRODUCT_DEFINITION_SHAPE($,$,#27);
#3569=PRODUCT_DEFINITION_SHAPE($,$,#28);
#3570=PRODUCT_DEFINITION_SHAPE($,$,#29);
#3571=PRODUCT_DEFINITION_SHAPE($,$,#30);
#3572=SHAPE_REPRESENTATION('',(#1972,#2243,#2244,#2245,#2246,#2247),#3544);
#3573=SHAPE_REPRESENTATION('',(#1973),#3545);
#3574=SHAPE_REPRESENTATION('',(#2040),#3546);
#3575=SHAPE_REPRESENTATION('',(#2102),#3547);
#3576=SHAPE_REPRESENTATION('',(#2103),#3548);
#3577=SHAPE_REPRESENTATION('',(#2182),#3549);
#3578=PRODUCT_DEFINITION_CONTEXT('part definition',#3598,'design');
#3579=PRODUCT_DEFINITION('RocketEngine_acetylen v2',
'RocketEngine_acetylen v2 v2',#3585,#3578);
#3580=PRODUCT_DEFINITION('Injector plate','Injector plate',#3586,#3578);
#3581=PRODUCT_DEFINITION('Injector manifold','Injector manifold',#3587,
#3578);
#3582=PRODUCT_DEFINITION('Nozzel','Nozzel',#3588,#3578);
#3583=PRODUCT_DEFINITION('Cooling jacket','Cooling jacket',#3589,#3578);
#3584=PRODUCT_DEFINITION('Combustion Chamber','Combustion Chamber',#3590,
#3578);
#3585=PRODUCT_DEFINITION_FORMATION('',$,#3600);
#3586=PRODUCT_DEFINITION_FORMATION('',$,#3601);
#3587=PRODUCT_DEFINITION_FORMATION('',$,#3602);
#3588=PRODUCT_DEFINITION_FORMATION('',$,#3603);
#3589=PRODUCT_DEFINITION_FORMATION('',$,#3604);
#3590=PRODUCT_DEFINITION_FORMATION('',$,#3605);
#3591=PRODUCT_RELATED_PRODUCT_CATEGORY('RocketEngine_acetylen v2 v2',
'RocketEngine_acetylen v2 v2',(#3600));
#3592=PRODUCT_RELATED_PRODUCT_CATEGORY('Injector plate',
'Injector plate',(#3601));
#3593=PRODUCT_RELATED_PRODUCT_CATEGORY('Injector manifold',
'Injector manifold',(#3602));
#3594=PRODUCT_RELATED_PRODUCT_CATEGORY('Nozzel','Nozzel',(#3603));
#3595=PRODUCT_RELATED_PRODUCT_CATEGORY('Cooling jacket',
'Cooling jacket',(#3604));
#3596=PRODUCT_RELATED_PRODUCT_CATEGORY('Combustion Chamber',
'Combustion Chamber',(#3605));
#3597=APPLICATION_PROTOCOL_DEFINITION('international standard',
'automotive_design',2009,#3598);
#3598=APPLICATION_CONTEXT(
'Core Data for Automotive Mechanical Design Process');
#3599=PRODUCT_CONTEXT('part definition',#3598,'mechanical');
#3600=PRODUCT('RocketEngine_acetylen v2','RocketEngine_acetylen v2 v2',
$,(#3599));
#3601=PRODUCT('Injector plate','Injector plate',$,(#3599));
#3602=PRODUCT('Injector manifold','Injector manifold',$,(#3599));
#3603=PRODUCT('Nozzel','Nozzel',$,(#3599));
#3604=PRODUCT('Cooling jacket','Cooling jacket',$,(#3599));
#3605=PRODUCT('Combustion Chamber','Combustion Chamber',$,(#3599));
#3606=PRESENTATION_STYLE_ASSIGNMENT((#3607));
#3607=SURFACE_STYLE_USAGE(.BOTH.,#3608);
#3608=SURFACE_SIDE_STYLE('',(#3609));
#3609=SURFACE_STYLE_FILL_AREA(#3610);
#3610=FILL_AREA_STYLE('Steel - Satin',(#3611));
#3611=FILL_AREA_STYLE_COLOUR('Steel - Satin',#3612);
#3612=COLOUR_RGB('Steel - Satin',0.627450980392157,0.627450980392157,0.627450980392157);
ENDSEC;
END-ISO-10303-21;
